name,released_at,genre,streaming_on,country,type,content_rating,imdb_rating,number_of_seasons,cast_and_crew
Ice Airport Alaska,10/26/2020,Documentary,"Paramount+, Prime Video",,TV Show,,7.8/10,2,[]
Mike Epps: Under Rated & Never Faded,11/10/2009,"Comedy, Documentary","Prime Video, Prime Video",,Movie,,6.2/10,,"[{'name': 'Marcus Raboy', 'description': 'director'}, {'name': 'Mike Epps', 'description': 'actor'}, {'name': 'Doug E. Fresh', 'description': 'actor'}, {'name': 'Mike Epps', 'description': 'author'}]"
Star Trek III: The Search for Spock,6/1/1984,"Science-Fiction, Action & Adventure","Paramount+, Prime Video",America,Movie,7+ (PG),6.6/10,,"[{'name': 'Leonard Nimoy', 'description': 'director'}, {'name': 'William Shatner', 'description': 'actor'}, {'name': 'DeForest Kelley', 'description': 'actor'}, {'name': 'Robin Curtis', 'description': 'actor'}, {'name': 'Merritt Butrick', 'description': 'actor'}, {'name': 'Christopher Lloyd', 'description': 'actor'}, {'name': 'James Doohan', 'description': 'actor'}, {'name': 'George Takei', 'description': 'actor'}, {'name': 'Walter Koenig', 'description': 'actor'}, {'name': 'Nichelle Nichols', 'description': 'actor'}, {'name': 'Mark Lenard', 'description': 'actor'}, {'name': 'James B. Sikking', 'description': 'actor'}, {'name': 'Phillip R. Allen', 'description': 'actor'}, {'name': 'Robert Hooks', 'description': 'actor'}, {'name': 'John Larroquette', 'description': 'actor'}, {'name': 'Judith Anderson', 'description': 'actor'}, {'name': 'Carl Steven', 'description': 'actor'}, {'name': 'Vadia Potenza', 'description': 'actor'}, {'name': 'Stephen Manley', 'description': 'actor'}, {'name': 'Joe W. Davis', 'description': 'actor'}, {'name': 'Miguel Ferrer', 'description': 'actor'}, {'name': 'Branscombe Richmond', 'description': 'actor'}, {'name': 'Harve Bennett', 'description': 'actor'}, {'name': 'Harve Bennett', 'description': 'author'}]"
Memento Mori,12/24/1999,"Drama, Horror",Kanopy,South Korea,Movie,18+ (R),6.3/10,,"[{'name': 'Kim Tae-yong', 'description': 'director'}, {'name': 'Min Kyu-dong', 'description': 'director'}, {'name': 'Park Ye-jin', 'description': 'actor'}, {'name': 'Rie Young-zin', 'description': 'actor'}, {'name': 'Kim Gyu-ri', 'description': 'actor'}, {'name': 'Gong Hyo-jin', 'description': 'actor'}, {'name': 'Kim Jae-in', 'description': 'actor'}, {'name': 'Baek Jong-hak', 'description': 'actor'}, {'name': 'Maeng Bong-Hak', 'description': 'actor'}, {'name': 'Jung Jin-Gak', 'description': 'actor'}, {'name': 'Han Min', 'description': 'actor'}, {'name': 'Chae Yoon-Seo', 'description': 'actor'}, {'name': 'Kim Kyeong-Jin', 'description': 'actor'}, {'name': 'Hye-mi Lee', 'description': 'actor'}, {'name': 'Shin Hye-Jung', 'description': 'actor'}, {'name': 'Seung-Yeon Han', 'description': 'actor'}, {'name': 'Lim Seong-eon', 'description': 'actor'}, {'name': 'Ku Hye-Ju', 'description': 'actor'}, {'name': 'Oh Min-ae', 'description': 'actor'}, {'name': 'Lee Choon-yeon', 'description': 'actor'}, {'name': 'Oh Ki-min', 'description': 'actor'}, {'name': 'Jung-Ok In', 'description': 'author'}, {'name': 'Kim Tae-yong', 'description': 'author'}, {'name': 'Min Kyu-dong', 'description': 'author'}]"
The Gift of Acadia,,Documentary,"Free Services, Prime Video",,Movie,,,,[]
Andy Forrester: Most of this is Baby Fat,1/1/2019,,Prime Video ,,Movie,,,,[]
Tehran,6/22/2020,"Drama, Thriller",Apple TV+,Israel,TV Show,18+ (TV-MA),7.5/10,2,"[{'name': 'Niv Sultan', 'description': 'actor'}, {'name': 'Shaun Toub', 'description': 'actor'}, {'name': 'Menashe Noy', 'description': 'actor'}, {'name': 'Shervin Alenabi', 'description': 'actor'}, {'name': 'Liraz Charhi', 'description': 'actor'}, {'name': 'Navid Negahban', 'description': 'actor'}, {'name': 'Fenia Cossovitsa', 'description': 'actor'}, {'name': 'Alon Aranya', 'description': 'actor'}, {'name': 'Dana Eden', 'description': 'actor'}, {'name': 'Dimitris Michalakis', 'description': 'actor'}, {'name': 'Julien Leroux', 'description': 'actor'}, {'name': 'Moshe Zonder', 'description': 'actor'}, {'name': 'Peter Emerson', 'description': 'actor'}, {'name': 'Shula Spiegel', 'description': 'actor'}, {'name': 'Dana Eden', 'description': 'actor'}, {'name': 'Maor Kohn', 'description': 'actor'}, {'name': 'Moshe Zonder', 'description': 'actor'}]"
Family Pictures,6/29/2019,Drama,"Free Services, Prime Video",America,Movie,7+ (PG),6.2/10,,"[{'name': 'Manu Boyer', 'description': 'director'}, {'name': 'Larissa Albuquerque', 'description': 'actor'}, {'name': 'Jackie Blackmore', 'description': 'actor'}, {'name': 'Justina Machado', 'description': 'actor'}, {'name': 'Elisabeth Röhm', 'description': 'actor'}, {'name': 'Courtney Richter', 'description': 'actor'}, {'name': 'Georgia Bradner', 'description': 'actor'}, {'name': 'Jason Burkart', 'description': 'actor'}, {'name': 'Chris Cope', 'description': 'actor'}, {'name': 'Kayla Deorksen', 'description': 'actor'}, {'name': 'Daniel Diemer', 'description': 'actor'}, {'name': 'Grayson Maxwell Gurnsey', 'description': 'actor'}, {'name': 'Matt Passmore', 'description': 'actor'}, {'name': 'James Pizzinato', 'description': 'actor'}, {'name': 'Bailee Reid', 'description': 'actor'}, {'name': 'Allison Riley', 'description': 'actor'}, {'name': 'Natalie Sharp', 'description': 'actor'}, {'name': 'Morgana Wyllie', 'description': 'actor'}, {'name': 'Jamie Goehring', 'description': 'actor'}, {'name': 'Rob Lycar', 'description': 'actor'}, {'name': 'Shawn Williamson', 'description': 'actor'}, {'name': 'David Fleming', 'description': 'actor'}, {'name': 'Jane Green', 'description': 'actor'}, {'name': 'Jocelyn Freid', 'description': 'actor'}]"
Santa Clara,12/25/2019,Drama,Prime Video ,,Movie,,6.2/10,,[]
World's Most Evil Killers,3/11/2018,"Documentary, Crime",Free Services,,TV Show,,7.2/10,11,[]
Sweeney Todd: The Demon Barber of Fleet Street,1/25/2007,"Musical, Thriller","HBO MAX, Prime Video",United Kingdom,Movie,18+ (R),7.3/10,,"[{'name': 'Tim Burton', 'description': 'director'}, {'name': 'Johnny Depp', 'description': 'actor'}, {'name': 'Helena Bonham Carter', 'description': 'actor'}, {'name': 'Alan Rickman', 'description': 'actor'}, {'name': 'Timothy Spall', 'description': 'actor'}, {'name': 'Sacha Baron Cohen', 'description': 'actor'}, {'name': 'Laura Michelle Kelly', 'description': 'actor'}, {'name': 'Jamie Campbell Bower', 'description': 'actor'}, {'name': 'Jayne Wisener', 'description': 'actor'}, {'name': 'Ed Sanders', 'description': 'actor'}, {'name': 'Buck Holland', 'description': 'actor'}, {'name': 'David McKail', 'description': 'actor'}, {'name': 'Colin Higgins', 'description': 'actor'}, {'name': 'Jess Murphy', 'description': 'actor'}, {'name': 'Harry Taylor', 'description': 'actor'}, {'name': 'Sophie Morris-Sheppard', 'description': 'actor'}, {'name': 'Anthony Stewart Head', 'description': 'actor'}, {'name': 'Ava May', 'description': 'actor'}, {'name': 'John Logan', 'description': 'actor'}, {'name': 'Laurie MacDonald', 'description': 'actor'}, {'name': 'Richard D. Zanuck', 'description': 'actor'}, {'name': 'Walter F. Parkes', 'description': 'actor'}, {'name': 'Patrick McCormick', 'description': 'actor'}, {'name': 'John Logan', 'description': 'author'}]"
ESP & Psychic Spies,1/1/2008,,Prime Video ,,Movie,,,,[]
Kadosh,1/1/1999,"Romance, Drama","Free Services, Prime Video",France,Movie,,6.8/10,,"[{'name': 'Amos Gitai', 'description': 'director'}, {'name': 'Yaël Abecassis', 'description': 'actor'}, {'name': 'Yoram Hattab', 'description': 'actor'}, {'name': 'Meital Barda', 'description': 'actor'}, {'name': 'Uri Ran Klauzner', 'description': 'actor'}, {'name': 'Amos Gitai', 'description': 'author'}, {'name': 'Eliette Abecassis', 'description': 'author'}]"
Yourself and Yours,11/10/2016,"Drama, Comedy",Kanopy,South Korea,Movie,,6.8/10,,"[{'name': 'Hong Sang-soo', 'description': 'director'}, {'name': 'Kim Joo-hyuk', 'description': 'actor'}, {'name': 'Lee Yoo-young', 'description': 'actor'}, {'name': 'Kim Eui-sung', 'description': 'actor'}, {'name': 'Kwon Hae-hyo', 'description': 'actor'}, {'name': 'Yu Jun-sang', 'description': 'actor'}, {'name': 'Baek Hyun-jin', 'description': 'actor'}, {'name': 'Gong Min-jeung', 'description': 'actor'}, {'name': 'Hong Sang-soo', 'description': 'actor'}, {'name': 'Hong Sang-soo', 'description': 'author'}]"
Tanzania Transit,5/3/2018,"Animation, Documentary",Prime Video ,Netherlands,Movie,13+ (PG-13),10-Aug,,"[{'name': 'Jeroen van Velzen', 'description': 'director'}, {'name': 'Josephs Quartzy', 'description': 'actor'}, {'name': 'Digna Sinke', 'description': 'actor'}, {'name': 'Esther Eenstroom', 'description': 'author'}, {'name': 'Jeroen van Velzen', 'description': 'author'}]"
Love of Siam,11/22/2007,"Romance, Mystery",Prime Video ,Thailand,Movie,,7.7/10,,"[{'name': 'Chookiat Sakveerakul', 'description': 'director'}, {'name': 'Witwisit Hiranyawongkul', 'description': 'actor'}, {'name': 'Mario Maurer', 'description': 'actor'}, {'name': 'Songsit Roongnophakunsri', 'description': 'actor'}, {'name': 'Pimpan Buranapim', 'description': 'actor'}, {'name': 'Chermarn Boonyasak', 'description': 'actor'}, {'name': 'Arthit Niyomkul', 'description': 'actor'}, {'name': 'Kanya Rattanapetch', 'description': 'actor'}, {'name': 'Aticha Pongsilpipat', 'description': 'actor'}, {'name': 'Pongnarin Ulice', 'description': 'actor'}, {'name': 'Jarunee Boonsake', 'description': 'actor'}, {'name': 'Nattapong Arunnate', 'description': 'actor'}, {'name': 'Taveesak Pehtpraneenukul', 'description': 'actor'}, {'name': 'Atirat Praseartburanakul', 'description': 'actor'}, {'name': 'Chirayu La-ongmani', 'description': 'actor'}, {'name': 'Sinjai Plengpanit', 'description': 'actor'}, {'name': 'Chookiat Sakveerakul', 'description': 'author'}]"
Facing the Giants,9/29/2006,"Sport, Drama",Prime Video ,America,Movie,7+ (PG),6.4/10,,"[{'name': 'Alex Kendrick', 'description': 'director'}, {'name': 'Alex Kendrick', 'description': 'actor'}, {'name': 'Shannen Fields', 'description': 'actor'}, {'name': 'Bill Butler', 'description': 'actor'}, {'name': 'Bailey Cave', 'description': 'actor'}, {'name': 'Steve Williams', 'description': 'actor'}, {'name': 'Tracy Goode', 'description': 'actor'}, {'name': 'Jim McBride', 'description': 'actor'}, {'name': 'Tommy McBride', 'description': 'actor'}, {'name': 'Jason McLeod', 'description': 'actor'}, {'name': 'Chris Willis', 'description': 'actor'}, {'name': 'Ray Wood', 'description': 'actor'}, {'name': 'Erin Bethea', 'description': 'actor'}, {'name': 'James Blackwell', 'description': 'actor'}, {'name': 'David Nixon', 'description': 'actor'}, {'name': 'Mark Richt', 'description': 'actor'}, {'name': 'Dan W. Howell Sr.', 'description': 'actor'}, {'name': 'Michael McLendon', 'description': 'actor'}, {'name': 'Kyle Scott', 'description': 'actor'}, {'name': 'Mary Smit', 'description': 'actor'}, {'name': 'Janet Lee Dapper', 'description': 'actor'}, {'name': 'Alex Kendrick', 'description': 'author'}, {'name': 'Stephen Kendrick', 'description': 'author'}]"
Lightning Carson Rides Again,10/9/1938,Action & Adventure,Free Services,America,Movie,,6.5/10,,"[{'name': 'Sam Newfield', 'description': 'director'}, {'name': 'Tim McCoy', 'description': 'actor'}, {'name': 'Joan Barclay', 'description': 'actor'}, {'name': 'Ted Adams', 'description': 'actor'}, {'name': 'Bob Terry', 'description': 'actor'}, {'name': 'Forrest Taylor', 'description': 'actor'}, {'name': 'Ben Corbett', 'description': 'actor'}, {'name': 'Slim Whitaker', 'description': 'actor'}, {'name': 'Frank Wayne', 'description': 'actor'}, {'name': 'Jane Keckley', 'description': 'actor'}, {'name': 'Karl Hackett', 'description': 'actor'}, {'name': 'Reed Howes', 'description': 'actor'}, {'name': 'Frank LaRue', 'description': 'actor'}, {'name': 'James Flavin', 'description': 'actor'}, {'name': 'Walt La Rue', 'description': 'actor'}, {'name': 'Dick Morehead', 'description': 'actor'}, {'name': 'James Sheridan', 'description': 'actor'}, {'name': 'Wally West', 'description': 'actor'}, {'name': 'Isadore Bernstein', 'description': 'author'}]"
Nutcracker Fantasy,3/3/1979,"Animation, Family",Prime Video ,Japan,Movie,All (G),6.7/10,,"[{'name': 'Takeo Nakamura', 'description': 'director'}, {'name': 'Melissa Gilbert', 'description': 'actor'}, {'name': 'Christopher Lee', 'description': 'actor'}, {'name': 'Roddy McDowall', 'description': 'actor'}, {'name': 'Michele Lee', 'description': 'actor'}, {'name': 'Lurene Tuttle', 'description': 'actor'}, {'name': 'Jack Angel', 'description': 'actor'}, {'name': 'Atsushi Tomioka', 'description': 'actor'}, {'name': 'Mark L. Rosen', 'description': 'actor'}, {'name': 'Walt deFaria', 'description': 'actor'}, {'name': 'Shintaro Tsuji', 'description': 'actor'}, {'name': 'Shintaro Tsuji', 'description': 'author'}]"
The Real Bravo Two Zero,1/1/2013,,"Free Services, Prime Video",,Movie,,,,[]
Mars,11/3/2010,"Romance, Animation",Free Services,,Movie,,10-Jun,,"[{'name': 'Geoff Marslett', 'description': 'director'}, {'name': 'Mark Duplass', 'description': 'actor'}, {'name': 'Zoe Simpson', 'description': 'actor'}, {'name': 'Paul Gordon', 'description': 'actor'}, {'name': 'Cynthia Watros', 'description': 'actor'}, {'name': 'James Kochalka', 'description': 'actor'}, {'name': 'Liza Weil', 'description': 'actor'}]"
A Crafty Christmas Romance,10/30/2020,"Family, Romance","Hoopla, Prime Video",America,Movie,7+ (PG),5.4/10,,"[{'name': 'Brian Brough', 'description': 'director'}, {'name': 'Nicola Posener', 'description': 'actor'}, {'name': 'Brad Johnson', 'description': 'actor'}, {'name': 'Anne Sward', 'description': 'actor'}, {'name': 'Ben Lokey', 'description': 'actor'}, {'name': 'Renny Grames', 'description': 'actor'}, {'name': 'Brittany Wiscombe', 'description': 'author'}]"
Mongolian Ping Pong,6/11/2005,"Comedy, Drama",Fandor,China,Movie,,6.5/10,,"[{'name': 'Ning Hao', 'description': 'director'}, {'name': 'Hurichabilike', 'description': 'actor'}, {'name': 'Dawa', 'description': 'actor'}, {'name': 'Geliban', 'description': 'actor'}, {'name': 'Yidexinnaribu', 'description': 'actor'}, {'name': 'Badema', 'description': 'actor'}, {'name': 'Wurima', 'description': 'actor'}, {'name': 'Dugema', 'description': 'actor'}, {'name': 'Jinlaowu', 'description': 'actor'}, {'name': 'Buhebilike', 'description': 'actor'}, {'name': 'Sarengaowa', 'description': 'actor'}, {'name': 'Bin Lu', 'description': 'actor'}, {'name': 'Bu He', 'description': 'actor'}, {'name': 'Ning Hao', 'description': 'author'}, {'name': 'Wuhe', 'description': 'actor'}]"
Tickling Giants,3/15/2017,"Drama, Documentary","Free Services, Prime Video",Egypt,Movie,16+,8.2/10,,"[{'name': 'Sara Taksler', 'description': 'director'}, {'name': 'Bassem Youssef', 'description': 'actor'}, {'name': 'Jon Stewart', 'description': 'actor'}, {'name': 'Frederic Rose', 'description': 'actor'}, {'name': 'Maziar Bahari', 'description': 'actor'}, {'name': 'Monica Hampton', 'description': 'actor'}, {'name': 'Sara Taksler', 'description': 'actor'}, {'name': 'Sara Taksler', 'description': 'author'}]"
The Craft: Legacy,10/28/2020,"Fantasy, Drama","Starz, Prime Video",America,Movie,13+ (PG-13),4.4/10,,"[{'name': 'Zoe Lister-Jones', 'description': 'director'}, {'name': 'Cailee Spaeny', 'description': 'actor'}, {'name': 'Lovie Simone', 'description': 'actor'}, {'name': 'Gideon Adlon', 'description': 'actor'}, {'name': 'Zoey Luna', 'description': 'actor'}, {'name': 'David Duchovny', 'description': 'actor'}, {'name': 'Michelle Monaghan', 'description': 'actor'}, {'name': 'Nicholas Galitzine', 'description': 'actor'}, {'name': 'Julian Grey', 'description': 'actor'}, {'name': 'Charles Vandervaart', 'description': 'actor'}, {'name': 'Donald MacLean Jr.', 'description': 'actor'}, {'name': 'Fairuza Balk', 'description': 'actor'}, {'name': 'Hannah Gordon', 'description': 'actor'}, {'name': 'Chris Tomassetti', 'description': 'actor'}, {'name': 'Kris Siddiqi', 'description': 'actor'}, {'name': 'James Madge', 'description': 'actor'}, {'name': 'Victor Chiu', 'description': 'actor'}, {'name': 'Devin Cecchetto', 'description': 'actor'}, {'name': 'Debbie Fan', 'description': 'actor'}, {'name': 'Heath V. Salazar', 'description': 'actor'}, {'name': 'Eddie Max Huband', 'description': 'actor'}, {'name': 'Travis Caverhill', 'description': 'actor'}, {'name': 'Douglas Wick', 'description': 'actor'}, {'name': 'Jason Blum', 'description': 'actor'}]"
The Road To,5/24/2012,"Drama, Comedy",Prime Video ,Russia,Movie,,5.5/10,,"[{'name': 'Taisia Igumentseva', 'description': 'director'}, {'name': 'Sergey Abroskin', 'description': 'actor'}, {'name': 'Anna Rud', 'description': 'actor'}, {'name': 'Sergey Podkolzin', 'description': 'actor'}, {'name': 'Vladimir Gorislavets', 'description': 'actor'}, {'name': 'Alexey Uchitel', 'description': 'actor'}, {'name': 'Alexandra Golovina', 'description': 'author'}, {'name': 'Taisia Igumentseva', 'description': 'author'}, {'name': 'Dmitry Komissarov', 'description': 'actor'}, {'name': 'Dmitry Lisitsa', 'description': 'actor'}, {'name': 'Timur Maximov', 'description': 'actor'}]"
Fairy Tail: Phoenix Priestess,8/18/2012,"Drama, Anime",Free Services,Japan,Movie,13+ (PG-13),10-Jul,,"[{'name': 'Masaya Fujimori', 'description': 'director'}, {'name': 'Aya Endo', 'description': 'actor'}, {'name': 'Rie Kugimiya', 'description': 'actor'}, {'name': 'Yuichi Nakamura', 'description': 'actor'}, {'name': 'Aya Hirano', 'description': 'actor'}, {'name': 'Satomi Sato', 'description': 'actor'}, {'name': 'Mika Kanai', 'description': 'actor'}, {'name': 'Tetsuya Kakihara', 'description': 'actor'}, {'name': 'Sayaka Ohara', 'description': 'actor'}, {'name': 'Showtaro Morikubo', 'description': 'actor'}, {'name': 'Yui Horie', 'description': 'actor'}, {'name': 'Eri Kitamura', 'description': 'actor'}, {'name': 'Nakahara Mai', 'description': 'actor'}, {'name': 'Wataru Hatano', 'description': 'actor'}, {'name': 'Ryoko Ono', 'description': 'actor'}, {'name': 'Miyuki Sawashiro', 'description': 'actor'}, {'name': 'Hiroki Touchi', 'description': 'actor'}, {'name': 'Mariya Ise', 'description': 'actor'}, {'name': 'Shinpachi Tsuji', 'description': 'actor'}, {'name': 'Katsuyuki Konishi', 'description': 'actor'}, {'name': 'Eiji Sekiguchi', 'description': 'actor'}, {'name': 'Harumi Sakurai', 'description': 'actor'}, {'name': 'Carly Hunter', 'description': 'actor'}, {'name': 'Justin Cook', 'description': 'actor'}]"
Premachi Goshta,2/1/2013,"Drama, Romance",Prime Video ,India,Movie,,7.2/10,,"[{'name': 'Satish Rajwade', 'description': 'director'}, {'name': 'Atul Kulkarni', 'description': 'actor'}, {'name': 'Sagarika Ghatge', 'description': 'actor'}, {'name': 'Rohini Hattangadi', 'description': 'actor'}, {'name': 'Satish Rajwade', 'description': 'actor'}, {'name': 'Sulekha Talwalkar', 'description': 'actor'}, {'name': 'Chinmay Kelkar', 'description': 'author'}]"
The Thirteenth Floor,4/16/1999,"Science-Fiction, Thriller","HBO MAX, Prime Video",Germany,Movie,18+ (R),10-Jul,,"[{'name': 'Josef Rusnak', 'description': 'director'}, {'name': 'Craig Bierko', 'description': 'actor'}, {'name': 'Armin Mueller-Stahl', 'description': 'actor'}, {'name': 'Gretchen Mol', 'description': 'actor'}, {'name': ""Vincent D'Onofrio"", 'description': 'actor'}, {'name': 'Dennis Haysbert', 'description': 'actor'}, {'name': 'Steven Schub', 'description': 'actor'}, {'name': 'Jeremy Roberts', 'description': 'actor'}, {'name': 'Rif Hutton', 'description': 'actor'}, {'name': 'Leon Rippy', 'description': 'actor'}, {'name': 'Janet MacLachlan', 'description': 'actor'}, {'name': 'Brad William Henke', 'description': 'actor'}, {'name': 'Burt Bulos', 'description': 'actor'}, {'name': 'Venessia Valentino', 'description': 'actor'}, {'name': 'Howard S. Miller', 'description': 'actor'}, {'name': 'Tia Texada', 'description': 'actor'}, {'name': 'Shiri Appleby', 'description': 'actor'}, {'name': 'Bob Clendenin', 'description': 'actor'}, {'name': 'Rachel Winfree', 'description': 'actor'}, {'name': 'Meghan Ivey', 'description': 'actor'}, {'name': 'Alison Lohman', 'description': 'actor'}, {'name': 'Hadda Brooks', 'description': 'actor'}, {'name': 'Marco Weber', 'description': 'actor'}, {'name': 'Roland Emmerich', 'description': 'actor'}]"
The Salt of the Earth,9/27/2014,"Biography, Documentary","Starz, Prime Video",Brazil,Movie,13+ (PG-13),8.4/10,,"[{'name': 'Juliano Ribeiro Salgado', 'description': 'director'}, {'name': 'Wim Wenders', 'description': 'director'}, {'name': 'Sebastião Salgado', 'description': 'actor'}, {'name': 'Wim Wenders', 'description': 'actor'}, {'name': 'Juliano Ribeiro Salgado', 'description': 'actor'}, {'name': 'Hugo Barbier', 'description': 'actor'}, {'name': 'Lélia Wanick Salgado', 'description': 'actor'}, {'name': 'Jacques Barthélémy', 'description': 'actor'}, {'name': 'Régis Muller', 'description': 'actor'}, {'name': 'João Pessoa Mattos', 'description': 'actor'}, {'name': 'Leny Wanick Mattos', 'description': 'actor'}, {'name': 'Maria Teresa Salgado Rocha Bastos', 'description': 'actor'}, {'name': 'Rodrigo Ribeiro Salgado', 'description': 'actor'}, {'name': 'David Rosier', 'description': 'actor'}, {'name': 'Camille Delafon', 'description': 'author'}, {'name': 'David Rosier', 'description': 'author'}, {'name': 'Juliano Ribeiro Salgado', 'description': 'author'}, {'name': 'Wim Wenders', 'description': 'author'}]"
Cherry (A Stephanie James Film),5/5/2018,Drama,Prime Video ,,Movie,,,,[]
Reprisal,8/31/2018,"Crime, Action & Adventure","Netflix, Prime Video",United Kingdom,Movie,18+ (R),4.2/10,,"[{'name': 'Brian A. Miller', 'description': 'director'}, {'name': 'Frank Grillo', 'description': 'actor'}, {'name': 'Bruce Willis', 'description': 'actor'}, {'name': 'Johnathon Schaech', 'description': 'actor'}, {'name': 'Olivia Culpo', 'description': 'actor'}, {'name': 'Natali Yura', 'description': 'actor'}, {'name': 'Tyler Jon Olson', 'description': 'actor'}, {'name': 'Wass Stevens', 'description': 'actor'}, {'name': 'Colin Egglesfield', 'description': 'actor'}, {'name': 'Shea Buckner', 'description': 'actor'}, {'name': 'Christopher Rob Bowen', 'description': 'actor'}, {'name': 'Ken Strunk', 'description': 'actor'}, {'name': 'Tamara Belous', 'description': 'actor'}, {'name': 'Cameron Brexler', 'description': 'actor'}, {'name': 'Geoff Reeves', 'description': 'actor'}, {'name': 'John Dauer', 'description': 'actor'}, {'name': 'Nicolas Petron', 'description': 'actor'}, {'name': 'Uncle Murda', 'description': 'actor'}, {'name': 'Natalia Sophie Butler', 'description': 'actor'}, {'name': 'Jesse Pruett', 'description': 'actor'}, {'name': 'Rachele Richey', 'description': 'actor'}, {'name': 'Sergio Rizzuto', 'description': 'actor'}, {'name': 'George Furla', 'description': 'actor'}, {'name': 'Mark Stewart', 'description': 'actor'}]"
This is Opera,3/8/2015,Documentary,Prime Video ,,TV Show,,8.6/10,2,"[{'name': 'Ramon Gener', 'description': 'actor'}]"
Patrick,6/29/2018,"Comedy, Drama","Hoopla, Prime Video",United Kingdom,Movie,16+,5.9/10,,"[{'name': 'Mandie Fletcher', 'description': 'director'}, {'name': 'Beattie Edmondson', 'description': 'actor'}, {'name': 'Ed Skrein', 'description': 'actor'}, {'name': 'Tom Bennett', 'description': 'actor'}, {'name': 'Gemma Jones', 'description': 'actor'}, {'name': 'Emily Atack', 'description': 'actor'}, {'name': 'Jennifer Saunders', 'description': 'actor'}, {'name': 'Adrian Scarborough', 'description': 'actor'}, {'name': 'Bernard Cribbins', 'description': 'actor'}, {'name': 'Roy Hudd', 'description': 'actor'}, {'name': 'Peter Davison', 'description': 'actor'}, {'name': 'Cherie Lunghi', 'description': 'actor'}, {'name': 'Meera Syal', 'description': 'actor'}, {'name': 'Emilia Jones', 'description': 'actor'}, {'name': 'Patricia Potter', 'description': 'actor'}, {'name': 'Ben Roddy', 'description': 'actor'}, {'name': 'Rupert Holliday-Evans', 'description': 'actor'}, {'name': 'Milanka Brooks', 'description': 'actor'}, {'name': 'McKell David', 'description': 'actor'}, {'name': 'Scott Chambers', 'description': 'actor'}, {'name': 'Ali Barouti', 'description': 'actor'}, {'name': 'Denese Ricketts', 'description': 'actor'}, {'name': 'James Spring', 'description': 'actor'}, {'name': 'Paul de Vos', 'description': 'actor'}]"
Dog Man,10/17/2015,"Animation, Documentary","Free Services, Prime Video",America,Movie,,8.5/10,,"[{'name': 'Richie Adams', 'description': 'director'}, {'name': 'Dick Russell', 'description': 'actor'}, {'name': 'Richie Adams', 'description': 'actor'}]"
Charlotte's Web,3/1/1973,"Drama, Animation","Prime Video, Prime Video",America,Movie,All (G),6.9/10,,"[{'name': 'Charles A. Nichols', 'description': 'director'}, {'name': 'Iwao Takamoto', 'description': 'director'}, {'name': 'Debbie Reynolds', 'description': 'actor'}, {'name': 'Henry Gibson', 'description': 'actor'}, {'name': 'Danny Bonaduce', 'description': 'actor'}, {'name': 'Agnes Moorehead', 'description': 'actor'}, {'name': 'Bob Holt', 'description': 'actor'}, {'name': 'Paul Lynde', 'description': 'actor'}, {'name': 'Rex Allen', 'description': 'actor'}, {'name': 'Dave Madden', 'description': 'actor'}, {'name': 'Pamelyn Ferdin', 'description': 'actor'}, {'name': 'John Stephenson', 'description': 'actor'}, {'name': 'Martha Scott', 'description': 'actor'}, {'name': 'Joan Gerber', 'description': 'actor'}, {'name': 'Herb Vigran', 'description': 'actor'}, {'name': 'Don Messick', 'description': 'actor'}, {'name': 'William B. White', 'description': 'actor'}, {'name': 'Bill Lee', 'description': 'actor'}, {'name': 'Joseph Barbera', 'description': 'actor'}, {'name': 'William Hanna', 'description': 'actor'}, {'name': 'Edgar M. Bronfman', 'description': 'actor'}, {'name': 'Earl Hamner, Jr.', 'description': 'author'}, {'name': 'E.B. White', 'description': 'author'}]"
A Little Bit of Heaven,2/3/2011,"Romance, Comedy",Free Services,America,Movie,13+ (PG-13),6.2/10,,"[{'name': 'Nicole Kassell', 'description': 'director'}, {'name': 'Kate Hudson', 'description': 'actor'}, {'name': 'Gael García Bernal', 'description': 'actor'}, {'name': 'Romany Malco', 'description': 'actor'}, {'name': 'Kathy Bates', 'description': 'actor'}, {'name': 'Lucy Punch', 'description': 'actor'}, {'name': 'Whoopi Goldberg', 'description': 'actor'}, {'name': 'Peter Dinklage', 'description': 'actor'}, {'name': 'Rosemarie DeWitt', 'description': 'actor'}, {'name': 'Treat Williams', 'description': 'actor'}, {'name': 'Alan Dale', 'description': 'actor'}, {'name': 'Steven Weber', 'description': 'actor'}, {'name': 'Johann Urb', 'description': 'actor'}, {'name': 'Bailey Bass', 'description': 'actor'}, {'name': 'Adam Schroeder', 'description': 'actor'}, {'name': 'John Davis', 'description': 'actor'}, {'name': 'Mark Gill', 'description': 'actor'}, {'name': 'Robert Katz', 'description': 'actor'}, {'name': 'Michael Goguen', 'description': 'actor'}, {'name': 'Mike Witherill', 'description': 'actor'}, {'name': 'Neil Sacker', 'description': 'actor'}, {'name': 'Robbie Brenner', 'description': 'actor'}, {'name': 'Skot Bright', 'description': 'actor'}, {'name': 'Gren Wells', 'description': 'author'}]"
Eddie Pepitone: In Ruins,8/7/2014,"Stand-up & Talk, Comedy","Free Services, Prime Video",America,Movie,,7.1/10,,"[{'name': 'Steven Feinartz', 'description': 'director'}, {'name': 'Eddie Pepitone', 'description': 'actor'}, {'name': 'Eddie Pepitone', 'description': 'author'}]"
Danguard Ace 3,1/1/2010,Animation,Prime Video ,,Movie,,6.6/10,,[]
Home Away from Home: The Yanks in Ireland,1/1/2011,Documentary,"Free Services, Prime Video",,Movie,,7.4/10,,[]
Dead by Midnight (Y2Kill),,Horror,Prime Video ,,Movie,,,,[]
Tin Soldiers,1/18/2022,Drama,Prime Video ,,Movie,,,,[]
Apollo 17: Last Footprints On The Moon,1/1/1997,,"Free Services, Prime Video",,Movie,,,,[]
A Woman Like Me,3/16/2015,"Biography, Documentary",Prime Video ,,Movie,,10-Jul,,"[{'name': 'Alex Sichel', 'description': 'director'}, {'name': 'Elizabeth Giamatti', 'description': 'director'}, {'name': 'Lili Taylor', 'description': 'actor'}, {'name': 'Elizabeth Giamatti', 'description': 'actor'}, {'name': 'Alex Sichel', 'description': 'author'}, {'name': 'Cesar Alvarez', 'description': 'actor'}]"
The Gypsy Moon,12/25/1954,"Action & Adventure, Family",Free Services,America,Movie,,10-Apr,,"[{'name': 'Hollingsworth Morse', 'description': 'director'}, {'name': 'John Banner', 'description': 'actor'}, {'name': 'Scotty Beckett', 'description': 'actor'}, {'name': 'Richard Crane', 'description': 'actor'}, {'name': 'Sally Mansfield', 'description': 'actor'}, {'name': 'Robert Lyden', 'description': 'actor'}, {'name': 'Maurice Cass', 'description': 'actor'}, {'name': 'Charles Meredith', 'description': 'actor'}, {'name': 'Patsy Parsons', 'description': 'actor'}, {'name': 'Renate Hoy', 'description': 'actor'}, {'name': 'Harry Lauter', 'description': 'actor'}, {'name': 'Dayton Lummis', 'description': 'actor'}, {'name': 'Warren Wilson', 'description': 'author'}]"
Dedh Ishqiya,1/10/2014,"Drama, Romance",Netflix,India,Movie,18+ (R),10-Jul,,"[{'name': 'Abhishek Chaubey', 'description': 'director'}, {'name': 'Naseeruddin Shah', 'description': 'actor'}, {'name': 'Madhuri Dixit', 'description': 'actor'}, {'name': 'Arshad Warsi', 'description': 'actor'}, {'name': 'Huma Qureshi', 'description': 'actor'}, {'name': 'Vijay Raaz', 'description': 'actor'}, {'name': 'Manoj Pahwa', 'description': 'actor'}, {'name': 'Salman Shahid', 'description': 'actor'}, {'name': 'Raman Maroo', 'description': 'actor'}, {'name': 'Vishal Bhardwaj', 'description': 'actor'}, {'name': 'Abhishek Chaubey', 'description': 'author'}, {'name': 'Vishal Bhardwaj', 'description': 'author'}, {'name': 'Vishal Bhardwaj', 'description': 'actor'}]"
August Song,1/1/2011,"Comedy, Animation",Fandor,,Movie,,,,"[{'name': 'Jodie Mack', 'description': 'director'}]"
Lifeline,5/29/2018,Drama,Free Services,,Movie,,8.6/10,,[]
Meteor,10/19/1979,"Drama, Science-Fiction","Free Services, Prime Video",America,Movie,7+ (PG),10-May,,"[{'name': 'Ronald Neame', 'description': 'director'}, {'name': 'Sean Connery', 'description': 'actor'}, {'name': 'Karl Malden', 'description': 'actor'}, {'name': 'Henry Fonda', 'description': 'actor'}, {'name': 'Brian Keith', 'description': 'actor'}, {'name': 'Natalie Wood', 'description': 'actor'}, {'name': 'Trevor Howard', 'description': 'actor'}, {'name': 'Martin Landau', 'description': 'actor'}, {'name': 'Richard Dysart', 'description': 'actor'}, {'name': 'Joseph Campanella', 'description': 'actor'}, {'name': 'Bo Brundin', 'description': 'actor'}, {'name': 'Katherine De Hetre', 'description': 'actor'}, {'name': 'James G. Richardson', 'description': 'actor'}, {'name': 'Roger Robinson', 'description': 'actor'}, {'name': 'Michael Zaslow', 'description': 'actor'}, {'name': 'John Findlater', 'description': 'actor'}, {'name': 'Paul Tulley', 'description': 'actor'}, {'name': 'Allen Williams', 'description': 'actor'}, {'name': 'Bibi Besch', 'description': 'actor'}, {'name': 'Gregory Gaye', 'description': 'actor'}, {'name': 'Clyde Kusatsu', 'description': 'actor'}, {'name': 'Burke Byrnes', 'description': 'actor'}, {'name': 'Arnold H. Orgolini', 'description': 'actor'}, {'name': 'Theodore R. Parvin', 'description': 'actor'}]"
Operation Delta Force,1/1/1997,"Action & Adventure, Thriller","Free Services, Prime Video",Netherlands,Movie,18+ (R),3.7/10,,"[{'name': 'Sam Firstenberg', 'description': 'director'}, {'name': 'Ernie Hudson', 'description': 'actor'}, {'name': 'Jeff Fahey', 'description': 'actor'}, {'name': 'Rob Stewart', 'description': 'actor'}, {'name': 'Frank Zagarino', 'description': 'actor'}, {'name': 'Hal Holbrook', 'description': 'actor'}, {'name': 'Joe Lara', 'description': 'actor'}, {'name': 'Natasha Sutherland', 'description': 'actor'}, {'name': 'Todd Jensen', 'description': 'actor'}, {'name': 'Gideon Emery', 'description': 'actor'}, {'name': 'Tshepo Nzimande', 'description': 'actor'}, {'name': 'Jacques Gombault', 'description': 'actor'}, {'name': 'Frantz Dobrowsky', 'description': 'actor'}, {'name': 'Chris Buchanan', 'description': 'actor'}, {'name': 'Hal Orlandini', 'description': 'actor'}, {'name': 'Paul Ditchfield', 'description': 'actor'}, {'name': 'Avi Shafria', 'description': 'actor'}, {'name': 'Dan Robbertse', 'description': 'actor'}, {'name': 'Adrian Waldron', 'description': 'actor'}, {'name': 'Michael Brunner', 'description': 'actor'}, {'name': 'Wilson Dunster', 'description': 'actor'}, {'name': 'Michael McGovern', 'description': 'actor'}, {'name': 'Danny Lerner', 'description': 'actor'}, {'name': 'Avi Lerner', 'description': 'actor'}]"
The Curse of Hobbes House,6/26/2020,"Mystery, Thriller","Free Services, Prime Video",United Kingdom,Movie,18+ (R),3.7/10,,"[{'name': 'Juliane Block', 'description': 'director'}, {'name': 'Mhairi Calvey', 'description': 'actor'}, {'name': 'Makenna Guyler', 'description': 'actor'}, {'name': 'وليد القاضي', 'description': 'actor'}, {'name': 'Kevin Leslie', 'description': 'actor'}, {'name': 'Jo Price', 'description': 'actor'}, {'name': 'Emma Spurgin Hussey', 'description': 'actor'}, {'name': 'Wolf-Peter Arand', 'description': 'author'}]"
Red Eye,2/18/2005,Horror,Cinemax,South Korea,Movie,,4.7/10,,"[{'name': 'Kim Dong-bin', 'description': 'director'}, {'name': 'Jang Shin-Young', 'description': 'actor'}, {'name': 'Kwak Ji-min', 'description': 'actor'}, {'name': 'Lee Dong-kyu', 'description': 'actor'}, {'name': 'Kim Hye-na', 'description': 'actor'}, {'name': 'Lee Eol', 'description': 'actor'}, {'name': 'Hyeon-suk Kim', 'description': 'actor'}, {'name': 'Lee Dae-yeon', 'description': 'actor'}, {'name': 'Park Won-sang', 'description': 'actor'}, {'name': 'Song Il-gook', 'description': 'actor'}, {'name': 'Park Hyo-joo', 'description': 'actor'}, {'name': 'Jang So-yeon', 'description': 'actor'}, {'name': 'Choe Yun-Seul', 'description': 'actor'}, {'name': 'Nam-hie Kim', 'description': 'actor'}, {'name': 'Yong-guk Kim', 'description': 'actor'}]"
Adeus À Carne,5/1/2017,Drama,Prime Video ,,Movie,,8.3/10,,[]
Faults,3/6/2014,"Thriller, Drama","Free Services, Prime Video",America,Movie,,6.7/10,,"[{'name': 'Riley Stearns', 'description': 'director'}, {'name': 'Leland Orser', 'description': 'actor'}, {'name': 'Mary Elizabeth Winstead', 'description': 'actor'}, {'name': 'Chris Ellis', 'description': 'actor'}, {'name': 'Jon Gries', 'description': 'actor'}, {'name': 'Lance Reddick', 'description': 'actor'}, {'name': 'Beth Grant', 'description': 'actor'}, {'name': 'Cruz Flores', 'description': 'actor'}, {'name': 'AJ Bowen', 'description': 'actor'}, {'name': 'Nicholas Tucci', 'description': 'actor'}, {'name': 'Suzan Averitt', 'description': 'actor'}, {'name': 'Leonard Earl Howze', 'description': 'actor'}, {'name': 'Davey Johnson', 'description': 'actor'}, {'name': 'Kellie Matteson', 'description': 'actor'}, {'name': 'Amanda Saunders', 'description': 'actor'}, {'name': 'Shira Weitz', 'description': 'actor'}, {'name': 'David Zellner', 'description': 'actor'}, {'name': 'Keith Calder', 'description': 'actor'}, {'name': 'Mary Elizabeth Winstead', 'description': 'actor'}, {'name': 'Brian Joe', 'description': 'actor'}, {'name': 'Riley Stearns', 'description': 'author'}, {'name': 'Heather McIntosh', 'description': 'actor'}]"
Edna,11/4/2020,"Comedy, Thriller",Prime Video ,Mexico,Movie,,10-Jul,,"[{'name': 'Sergio Sierra', 'description': 'director'}, {'name': 'Sebastián Aguirre', 'description': 'actor'}, {'name': 'Andrés Blanco De Durán', 'description': 'actor'}, {'name': 'Louis David Horné', 'description': 'actor'}, {'name': 'Yareli Andrade', 'description': 'actor'}, {'name': 'Lili Moreira', 'description': 'actor'}, {'name': 'Hugo Romero', 'description': 'actor'}, {'name': 'Andrés Borja', 'description': 'actor'}]"
The Legend of Bloody Jack,2/27/2007,"Drama, Horror",Free Services,America,Movie,,2.7/10,,"[{'name': 'Todd Portugal', 'description': 'director'}, {'name': 'Craig Bonacorsi', 'description': 'actor'}, {'name': 'Erica Curtis', 'description': 'actor'}, {'name': 'Jonathan Kowalsky', 'description': 'actor'}, {'name': 'Jessica Szabo', 'description': 'actor'}, {'name': 'Josh Evans', 'description': 'actor'}, {'name': 'Alicia Klein', 'description': 'actor'}, {'name': 'Travis Quentin Young', 'description': 'actor'}, {'name': 'Garrett Brawith', 'description': 'actor'}]"
Rabbids Invasion - Mission To Mars,9/29/2021,"Animation, Comedy",Netflix,France,Movie,,5.6/10,,"[{'name': 'Franz Kirchner', 'description': 'director'}, {'name': 'Howard Read', 'description': 'author'}]"
Desecration,1/1/2018,"Drama, Thriller",Free Services,,Movie,,6.9/10,,[]
Hippos: Africa's River Giants,7/26/2019,Documentary,Kanopy,,Movie,7+ (PG),7.9/10,,[]
The Last Samurai,12/1/2003,"Action & Adventure, Drama","Paramount+, Prime Video",Japan,Movie,All (G),7.8/10,,"[{'name': 'Edward Zwick', 'description': 'director'}, {'name': 'Tom Cruise', 'description': 'actor'}, {'name': 'Ken Watanabe', 'description': 'actor'}, {'name': 'Timothy Spall', 'description': 'actor'}, {'name': 'Tony Goldwyn', 'description': 'actor'}, {'name': 'Hiroyuki Sanada', 'description': 'actor'}, {'name': 'Koyuki', 'description': 'actor'}, {'name': 'Shin Koyamada', 'description': 'actor'}, {'name': 'Billy Connolly', 'description': 'actor'}, {'name': 'Togo Igawa', 'description': 'actor'}, {'name': 'Shichinosuke Nakamura', 'description': 'actor'}, {'name': 'Masato Harada', 'description': 'actor'}, {'name': 'William Atherton', 'description': 'actor'}, {'name': 'Chad Lindberg', 'description': 'actor'}, {'name': 'Scott Wilson', 'description': 'actor'}, {'name': 'Ray Godshall Sr.', 'description': 'actor'}, {'name': 'Masashi Odate', 'description': 'actor'}, {'name': 'John Koyama', 'description': 'actor'}, {'name': 'Satoshi Nikaido', 'description': 'actor'}, {'name': 'Shintaro Wada', 'description': 'actor'}, {'name': 'Shun Sugata', 'description': 'actor'}, {'name': 'Sosuke Ikematsu', 'description': 'actor'}, {'name': 'Edward Zwick', 'description': 'actor'}, {'name': 'Marshall Herskovitz', 'description': 'actor'}]"
Sesame Street: Zoe's Dance Moves,1/1/2003,Family,Prime Video ,,Movie,,7.1/10,,"[{'name': 'Paula Abdul', 'description': 'actor'}, {'name': 'Fran Brill', 'description': 'actor'}, {'name': 'Kevin Clash', 'description': 'actor'}]"
Bob Dylan Revealed,5/1/2011,Documentary,Prime Video ,America,Movie,,4.6/10,,"[{'name': 'Joel Gilbert', 'description': 'director'}, {'name': 'Bob Dylan', 'description': 'actor'}]"
Code of the Freaks,4/1/2020,Documentary,"Kanopy, Prime Video",,Movie,,7.1/10,,"[{'name': 'Salome Chasnoff', 'description': 'director'}, {'name': 'Alyson Patsavas', 'description': 'actor'}, {'name': 'Carrie Sandahl', 'description': 'actor'}, {'name': 'Salome Chasnoff', 'description': 'actor'}, {'name': 'Susan Nussbaum', 'description': 'actor'}]"
GTV Comedy,1/6/2019,Comedy,Prime Video ,,TV Show,,8.2/10,1,[]
Superman: Red Son,2/24/2020,"Animation, Action & Adventure","HBO MAX, Prime Video",America,Movie,13+ (PG-13),6.4/10,,"[{'name': 'Sam Liu', 'description': 'director'}, {'name': 'Jason Isaacs', 'description': 'actor'}, {'name': 'Amy Acker', 'description': 'actor'}, {'name': 'Diedrich Bader', 'description': 'actor'}, {'name': 'Vanessa Marshall', 'description': 'actor'}, {'name': 'Phil Morris', 'description': 'actor'}, {'name': 'Paul Williams', 'description': 'actor'}, {'name': 'Greg Chun', 'description': 'actor'}, {'name': 'Roger Craig Smith', 'description': 'actor'}, {'name': 'William Salyers', 'description': 'actor'}, {'name': 'Jim Meskimen', 'description': 'actor'}, {'name': 'Sasha Roiz', 'description': 'actor'}, {'name': 'Phil LaMarr', 'description': 'actor'}, {'name': 'Travis Willingham', 'description': 'actor'}, {'name': 'Winter Ave Zoli', 'description': 'actor'}, {'name': 'Jim Ward', 'description': 'actor'}, {'name': 'Jason Spisak', 'description': 'actor'}, {'name': 'Tara Strong', 'description': 'actor'}, {'name': 'Anna Vocino', 'description': 'actor'}, {'name': 'Amy McKenna', 'description': 'actor'}, {'name': 'Sam Liu', 'description': 'actor'}, {'name': 'Bruce Timm', 'description': 'actor'}, {'name': 'Sam Register', 'description': 'actor'}, {'name': 'J. M. DeMatteis', 'description': 'author'}]"
Battle Dome,9/18/1999,"Game Show, Sport",Prime Video ,America,TV Show,,7.1/10,2,"[{'name': 'Terry Crews', 'description': 'actor'}, {'name': 'Chad Bannon', 'description': 'actor'}, {'name': 'Brien Blakely', 'description': 'actor'}, {'name': 'Ed Lover', 'description': 'actor'}, {'name': 'Christian Boeving', 'description': 'actor'}, {'name': 'Gary Kasper', 'description': 'actor'}, {'name': 'Erica Dahm', 'description': 'actor'}, {'name': 'Jaclyn Dahm', 'description': 'actor'}, {'name': ""Mike O'Hearn"", 'description': 'actor'}, {'name': 'Nicole Dahm', 'description': 'actor'}, {'name': 'Bobbie Brown', 'description': 'actor'}, {'name': 'Christian Boeving', 'description': 'actor'}]"
Secrets in the Fall,9/22/2015,"Drama, Family","Free Services, Prime Video",,Movie,,6.2/10,,"[{'name': 'Brittany Goodwin', 'description': 'director'}, {'name': 'Kyle Kupecky', 'description': 'actor'}, {'name': 'Vincent Seidle', 'description': 'actor'}, {'name': 'Hollie Shay', 'description': 'actor'}, {'name': 'Audrey Easton', 'description': 'actor'}, {'name': 'Aaron Michael Johnson', 'description': 'actor'}, {'name': 'Katie McCaffrey', 'description': 'actor'}, {'name': 'Brittany Goodwin', 'description': 'author'}]"
The Gary I Knew,2/8/2020,Documentary,Free Services,,Movie,,7.5/10,,[]
The Salted Egg 3,10/15/2019,Animation,"Free Services, Prime Video",,Movie,,,,[]
"Captain Carey, U.S.A.",2/21/1950,Drama,Prime Video ,America,Movie,,6.1/10,,"[{'name': 'Mitchell Leisen', 'description': 'director'}, {'name': 'Alan Ladd', 'description': 'actor'}, {'name': 'Wanda Hendrix', 'description': 'actor'}, {'name': 'Francis Lederer', 'description': 'actor'}, {'name': 'Joseph Calleia', 'description': 'actor'}, {'name': 'Celia Lovsky', 'description': 'actor'}, {'name': 'Richard Avonde', 'description': 'actor'}, {'name': 'Frank Puglia', 'description': 'actor'}, {'name': 'Luis Alberni', 'description': 'actor'}, {'name': 'Angela Clarke', 'description': 'actor'}, {'name': 'Roland Winters', 'description': 'actor'}, {'name': 'Paul Lees', 'description': 'actor'}, {'name': 'Jane Nigh', 'description': 'actor'}, {'name': 'Russ Tamblyn', 'description': 'actor'}, {'name': 'Virginia Farmer', 'description': 'actor'}, {'name': 'Richard Maibaum', 'description': 'actor'}, {'name': 'Martha Albrand', 'description': 'author'}, {'name': 'Robert Thoeren', 'description': 'author'}]"
How to Die in Oregon,1/23/2011,"Drama, Documentary","Free Services, Prime Video",America,Movie,,8.2/10,,"[{'name': 'Peter Richardson', 'description': 'director'}, {'name': 'Harry Bruton', 'description': 'actor'}, {'name': 'Ray Carnay', 'description': 'actor'}, {'name': 'Cody Curtis', 'description': 'actor'}, {'name': 'Paul Darley', 'description': 'actor'}]"
King's Game,8/10/2004,"Drama, Thriller",Prime Video ,Denmark,Movie,,7.3/10,,"[{'name': 'Nikolaj Arcel', 'description': 'director'}, {'name': 'Anders W. Berthelsen', 'description': 'actor'}, {'name': 'Søren Pilmark', 'description': 'actor'}, {'name': 'Nicolas Bro', 'description': 'actor'}, {'name': 'Lars Mikkelsen', 'description': 'actor'}, {'name': 'Ulf Pilgaard', 'description': 'actor'}, {'name': 'Helle Fagralid', 'description': 'actor'}, {'name': 'Jesper Langberg', 'description': 'actor'}, {'name': 'Kurt Ravn', 'description': 'actor'}, {'name': 'Anders Nyborg', 'description': 'actor'}, {'name': 'Charlotte Munck', 'description': 'actor'}, {'name': 'Clara Maria Bahamondes', 'description': 'actor'}, {'name': 'Jens Jørn Spottag', 'description': 'actor'}, {'name': 'Nicolaj Kopernikus', 'description': 'actor'}, {'name': 'Marianne Høgsbro', 'description': 'actor'}, {'name': 'Nastja Arcel', 'description': 'actor'}, {'name': 'Lars Brygmann', 'description': 'actor'}, {'name': 'Bjarne Henriksen', 'description': 'actor'}, {'name': 'Robert Hansen', 'description': 'actor'}, {'name': 'Laura Christensen', 'description': 'actor'}, {'name': 'Hans Henrik Voetmann', 'description': 'actor'}, {'name': 'Anders Peter Bro', 'description': 'actor'}, {'name': 'Niels Krause-Kjær', 'description': 'author'}, {'name': 'Nikolaj Arcel', 'description': 'author'}]"
The Alamo,4/7/2004,Drama,"Free Services, Prime Video",America,Movie,13+ (PG-13),10-Jun,,"[{'name': 'John Lee Hancock', 'description': 'director'}, {'name': 'Dennis Quaid', 'description': 'actor'}, {'name': 'Billy Bob Thornton', 'description': 'actor'}, {'name': 'Jason Patric', 'description': 'actor'}, {'name': 'Patrick Wilson', 'description': 'actor'}, {'name': 'Emilio Echevarría', 'description': 'actor'}, {'name': 'Edwin Hodge', 'description': 'actor'}, {'name': 'Emily Deschanel', 'description': 'actor'}, {'name': 'Jordi Mollà', 'description': 'actor'}, {'name': 'Leon Rippy', 'description': 'actor'}, {'name': 'Tommy Davidson', 'description': 'actor'}, {'name': 'Marc Blucas', 'description': 'actor'}, {'name': 'Robert Prentiss', 'description': 'actor'}, {'name': 'Kevin Page', 'description': 'actor'}, {'name': 'Joe Stevens', 'description': 'actor'}, {'name': 'Stephen Bruton', 'description': 'actor'}, {'name': 'Laura Clifton', 'description': 'actor'}, {'name': 'Ricardo Chavira', 'description': 'actor'}, {'name': 'Steven Chester Prince', 'description': 'actor'}, {'name': 'Estephania LeBaron', 'description': 'actor'}, {'name': 'Brandon Smith', 'description': 'actor'}, {'name': 'Elena Hurst', 'description': 'actor'}, {'name': 'Mark Johnson', 'description': 'actor'}, {'name': 'Ron Howard', 'description': 'actor'}]"
Marshall's Miracle,8/28/2015,"Comedy, Family","Free Services, Prime Video",America,Movie,7+ (PG),5.3/10,,"[{'name': 'Jay Kanzler', 'description': 'director'}, {'name': 'Lauren Holly', 'description': 'actor'}, {'name': 'Shannon Elizabeth', 'description': 'actor'}, {'name': 'Matthew Settle', 'description': 'actor'}, {'name': 'Bill Chott', 'description': 'actor'}, {'name': 'Haley Busch', 'description': 'actor'}, {'name': 'Amelia Pauly', 'description': 'actor'}, {'name': 'Lucas McHugh Carroll', 'description': 'actor'}, {'name': 'Zach Louis', 'description': 'actor'}, {'name': 'Nathan Eswine', 'description': 'actor'}, {'name': 'William Burke', 'description': 'actor'}, {'name': 'Dakota Payne', 'description': 'actor'}, {'name': 'Trudy Buck', 'description': 'actor'}, {'name': 'Dingani Beza', 'description': 'actor'}, {'name': 'Greg Warren', 'description': 'actor'}, {'name': 'Jilanne Klaus', 'description': 'actor'}, {'name': 'Patti Vasquez', 'description': 'actor'}, {'name': 'Braden Phillips', 'description': 'actor'}, {'name': 'Ryan Weitzel', 'description': 'actor'}, {'name': 'McGraw Milhaven', 'description': 'actor'}, {'name': 'Jennifer Salci', 'description': 'actor'}, {'name': 'Josh Arnold', 'description': 'actor'}, {'name': 'Chris Benson', 'description': 'actor'}, {'name': 'Christina Busch', 'description': 'actor'}]"
The Maids,4/21/1975,"Romance, Drama",Kanopy,United Kingdom,Movie,7+ (PG),6.3/10,,"[{'name': 'Christopher Miles', 'description': 'director'}, {'name': 'Glenda Jackson', 'description': 'actor'}, {'name': 'Susannah York', 'description': 'actor'}, {'name': 'Vivien Merchant', 'description': 'actor'}, {'name': 'Mark Burns', 'description': 'actor'}, {'name': 'Robert Enders', 'description': 'actor'}, {'name': 'Christopher Miles', 'description': 'author'}, {'name': 'Jean Genet', 'description': 'author'}, {'name': 'Robert Enders', 'description': 'author'}]"
Boys In Kichute,10/23/2010,"Drama, Action & Adventure",Free Services,Brazil,Movie,,7.2/10,,"[{'name': 'Luca Amberg', 'description': 'director'}, {'name': 'Vivianne Pasmanter', 'description': 'actor'}, {'name': 'Paulo César Peréio', 'description': 'actor'}, {'name': 'Arlete Salles', 'description': 'actor'}, {'name': 'Werner Schünemann', 'description': 'actor'}, {'name': 'Mario Bortolotto', 'description': 'actor'}, {'name': 'Mayara Comunale', 'description': 'actor'}, {'name': 'Lucas Alexandre', 'description': 'actor'}, {'name': 'Ester Laccava', 'description': 'actor'}, {'name': 'Luca Amberg', 'description': 'author'}, {'name': 'Márcio Américo', 'description': 'author'}]"
Who Killed My Son?,3/23/2021,Documentary,fuboTV,,Movie,,7.7/10,,[]
Witchouse II: Blood Coven,11/20/1999,Horror,"Free Services, Prime Video",America,Movie,18+ (R),4.2/10,,"[{'name': 'J.R. Bookwalter', 'description': 'director'}, {'name': 'Ariauna Albright', 'description': 'actor'}, {'name': 'Andrew Prine', 'description': 'actor'}, {'name': 'Elizabeth Hobgood', 'description': 'actor'}, {'name': 'Nicholas Lanier', 'description': 'actor'}, {'name': 'Kaycee Shank', 'description': 'actor'}, {'name': 'Alexandru Dragoi', 'description': 'actor'}, {'name': 'Adriana Butoi', 'description': 'actor'}, {'name': 'Claudiu Trandafir', 'description': 'actor'}, {'name': 'Jeff Burr', 'description': 'actor'}, {'name': 'Danny Draven', 'description': 'actor'}, {'name': 'Ted Newsom', 'description': 'actor'}, {'name': 'Chuck Williams', 'description': 'actor'}, {'name': 'Chuck Williams', 'description': 'actor'}, {'name': 'Gary Schmoeller', 'description': 'actor'}, {'name': 'Vlad Paunescu', 'description': 'actor'}, {'name': 'Charles Band', 'description': 'actor'}, {'name': 'Douglas Snauffer', 'description': 'author'}]"
Love Sick,3/16/2006,Drama,Free Services,France,Movie,,6.6/10,,"[{'name': 'Tudor Giurgiu', 'description': 'director'}, {'name': 'Ioana Barbu', 'description': 'actor'}, {'name': 'Maria Popistașu', 'description': 'actor'}, {'name': 'Tudor Chirila', 'description': 'actor'}, {'name': 'Mircea Diaconu', 'description': 'actor'}, {'name': 'Cătălina Murgea', 'description': 'actor'}, {'name': 'Virginia Mirea', 'description': 'actor'}, {'name': 'Tora Vasilescu', 'description': 'actor'}, {'name': 'Valentin Popescu', 'description': 'actor'}, {'name': 'Mihai Dinvale', 'description': 'actor'}, {'name': 'Carmen Tănase', 'description': 'actor'}, {'name': 'Mihaela Rădulescu', 'description': 'actor'}, {'name': 'Robert Paschall Jr.', 'description': 'actor'}, {'name': 'Puya', 'description': 'actor'}, {'name': 'Oana Giurgiu', 'description': 'actor'}, {'name': 'Tudor Giurgiu', 'description': 'actor'}, {'name': 'Dragos Vilcu', 'description': 'actor'}, {'name': 'Cecilia Ștefănescu', 'description': 'author'}, {'name': 'Razvan Radulescu', 'description': 'author'}, {'name': 'Vlaicu Golcea', 'description': 'actor'}]"
Young & Beautiful,8/21/2013,"Romance, Drama",Prime Video ,France,Movie,,6.7/10,,"[{'name': 'François Ozon', 'description': 'director'}, {'name': 'Marine Vacth', 'description': 'actor'}, {'name': 'Géraldine Pailhas', 'description': 'actor'}, {'name': 'Charlotte Rampling', 'description': 'actor'}, {'name': 'Frédéric Pierrot', 'description': 'actor'}, {'name': 'Nathalie Richard', 'description': 'actor'}, {'name': 'Johan Leysen', 'description': 'actor'}, {'name': 'Fantin Ravat', 'description': 'actor'}, {'name': 'Laurent Delbecque', 'description': 'actor'}, {'name': 'Djédjé Apali', 'description': 'actor'}, {'name': 'Lucas Prisor', 'description': 'actor'}, {'name': 'Jeanne Ruff', 'description': 'actor'}, {'name': 'Carole Franck', 'description': 'actor'}, {'name': 'Olivier Desautel', 'description': 'actor'}, {'name': 'Serge Hefez', 'description': 'actor'}, {'name': 'Akéla Sari', 'description': 'actor'}, {'name': ""Nathan N'Diaye"", 'description': 'actor'}, {'name': ""Anne-Elina N'Diaye"", 'description': 'actor'}, {'name': 'Stefano Cassetti', 'description': 'actor'}, {'name': 'Patrick Bonnel', 'description': 'actor'}, {'name': 'Gurvan Cloatre', 'description': 'actor'}, {'name': 'Roland David', 'description': 'actor'}, {'name': 'Eric Altmayer', 'description': 'actor'}, {'name': 'Nicolas Altmeyer', 'description': 'actor'}]"
Parade,12/18/1974,"Family, Comedy","The Criterion Channel, Prime Video",France,Movie,,10-Jun,,"[{'name': 'Jacques Tati', 'description': 'director'}, {'name': 'Jacques Tati', 'description': 'actor'}, {'name': 'Michèle Brabo', 'description': 'actor'}, {'name': 'Karl Kossmayer', 'description': 'actor'}, {'name': 'Pierre Brama', 'description': 'actor'}, {'name': 'Pia Colombo', 'description': 'actor'}, {'name': 'Johnny Lonn', 'description': 'actor'}, {'name': 'Jan Swahn', 'description': 'actor'}, {'name': 'Bertil Berglund', 'description': 'actor'}, {'name': 'Moniqa Sunnerberg', 'description': 'actor'}, {'name': 'Dominique Lavanant', 'description': 'actor'}, {'name': 'Michael Mansson', 'description': 'actor'}, {'name': 'Jan Nygren', 'description': 'actor'}, {'name': 'Janne Schaffer', 'description': 'actor'}, {'name': ""Janne 'Loffe' Carlsson"", 'description': 'actor'}, {'name': 'Karl Haskel', 'description': 'actor'}, {'name': 'Jacques Tati', 'description': 'author'}]"
Bayou Landfall: The Houma Nation vs. The Hurricanes,,Documentary,Prime Video ,,Movie,,,,[]
The Hounds,8/1/2011,"Crime, Horror","Free Services, Prime Video",,Movie,18+ (R),3.2/10,,"[{'name': 'Maurizio del Piccolo', 'description': 'director'}, {'name': 'Roberto del Piccolo', 'description': 'director'}, {'name': 'Trevor Gittings', 'description': 'director'}]"
23 Kilometers,7/5/2015,"Drama, Documentary",Free Services,,Movie,,6.9/10,,[]
One Weekend,10/4/2014,"Animation, Drama","Free Services, Prime Video",America,Movie,,6.5/10,,"[{'name': 'Diana Cignoni', 'description': 'director'}, {'name': 'Gabriel Freilich', 'description': 'actor'}]"
Child Bride of Short Creek,12/7/1981,Drama,"Free Services, Prime Video",,Movie,,6.5/10,,"[{'name': 'Robert Michael Lewis', 'description': 'director'}, {'name': 'Christopher Atkins', 'description': 'actor'}, {'name': 'Diane Lane', 'description': 'actor'}, {'name': 'Helen Hunt', 'description': 'actor'}, {'name': 'Conrad Bain', 'description': 'actor'}, {'name': 'Kiel Martin', 'description': 'actor'}, {'name': 'Warren Vanders', 'description': 'actor'}, {'name': 'Joan Shawlee', 'description': 'actor'}, {'name': 'Dee Wallace', 'description': 'actor'}, {'name': 'Babetta Dick', 'description': 'actor'}, {'name': 'Melinda Almquist', 'description': 'actor'}, {'name': 'Julianne Slocum', 'description': 'actor'}, {'name': 'C. Duane Tuft', 'description': 'actor'}, {'name': 'Robert E. Hartenberger', 'description': 'actor'}, {'name': 'Alan Nash', 'description': 'actor'}, {'name': 'Jay Bernard', 'description': 'actor'}, {'name': 'Karyn Christensen', 'description': 'actor'}, {'name': 'Sharyn Christensen', 'description': 'actor'}, {'name': 'Rick Millikan', 'description': 'actor'}, {'name': 'Heidi Bohay', 'description': 'actor'}, {'name': 'Trisha Lynn Tibbs', 'description': 'actor'}, {'name': 'Scott S. Anderson', 'description': 'actor'}, {'name': 'Lawrence Schiller', 'description': 'actor'}, {'name': 'Paul Monash', 'description': 'actor'}]"
Church of Fears,2/1/2018,"Comedy, Horror",Free Services,America,Movie,,4.7/10,,"[{'name': 'Jaime Kepner', 'description': 'director'}, {'name': 'Annabeth Furlow', 'description': 'actor'}, {'name': 'Deborah Kay Hooker', 'description': 'actor'}, {'name': 'Michael W. Green', 'description': 'actor'}, {'name': 'Kalei Lozano', 'description': 'actor'}, {'name': 'David Eaton', 'description': 'actor'}, {'name': 'Robert Hooker', 'description': 'actor'}, {'name': 'Martez McKee', 'description': 'actor'}, {'name': 'Sam Paige', 'description': 'actor'}, {'name': 'Lance Parker', 'description': 'actor'}, {'name': 'Nicolas Shook', 'description': 'actor'}, {'name': 'Sharon Wilson', 'description': 'actor'}, {'name': 'Jaime Kepner', 'description': 'author'}]"
Africa in Her Blood,8/1/2011,"Drama, Thriller","Free Services, Prime Video",,Movie,,4.6/10,,[]
The Exile,5/15/1931,"Drama, Romance",Kanopy,America,Movie,,4.9/10,,"[{'name': 'Oscar Micheaux', 'description': 'director'}, {'name': 'Eunice Brooks', 'description': 'actor'}, {'name': 'Stanley Morell', 'description': 'actor'}, {'name': 'Celeste Cole', 'description': 'actor'}, {'name': 'Kathleen Noisette', 'description': 'actor'}, {'name': 'Charles R. Moore', 'description': 'actor'}, {'name': 'Oscar Micheaux', 'description': 'actor'}, {'name': 'Oscar Micheaux', 'description': 'author'}, {'name': 'Donald Heywood', 'description': 'actor'}]"
Hum Se Hai Zamana,9/23/1983,Action & Adventure,Prime Video ,,Movie,,5.8/10,,"[{'name': 'Deepak Bahry', 'description': 'director'}, {'name': 'Mithun Chakraborty', 'description': 'actor'}, {'name': 'Zeenat Aman', 'description': 'actor'}, {'name': 'Danny Denzongpa', 'description': 'actor'}, {'name': 'Kamal Kapoor', 'description': 'actor'}, {'name': 'Amjad Khan', 'description': 'actor'}, {'name': 'Shreeram Lagoo', 'description': 'actor'}]"
Kasunduan,,Action & Adventure,Prime Video ,,Movie,,,,[]
Perfect Strangers,10/9/2003,"Action & Adventure, Drama","Free Services, Prime Video",New Zealand,Movie,13+ (PG-13),5.2/10,,"[{'name': 'Gaylene Preston', 'description': 'director'}, {'name': 'Sam Neill', 'description': 'actor'}, {'name': 'Rachael Blake', 'description': 'actor'}, {'name': 'Joel Tobeck', 'description': 'actor'}, {'name': 'Robyn Malcolm', 'description': 'actor'}, {'name': 'Madeleine Sami', 'description': 'actor'}, {'name': 'Paul Glover', 'description': 'actor'}, {'name': 'Jed Brophy', 'description': 'actor'}, {'name': 'Gaylene Preston', 'description': 'actor'}, {'name': 'Robin Laing', 'description': 'actor'}, {'name': 'Gaylene Preston', 'description': 'author'}]"
Spring: The Return of Life,1/1/2014,Documentary,"Free Services, Prime Video",,Movie,All (G),6.1/10,,[]
Celebrity Exorcism,10/22/2021,"Documentary, Horror",Free Services,America,Movie,,6.6/10,,"[{'name': 'Jodie Sweetin', 'description': 'actor'}, {'name': 'Shar Jackson', 'description': 'actor'}, {'name': 'Ron Artest', 'description': 'actor'}, {'name': 'Rachel Stavis', 'description': 'actor'}, {'name': 'Andrew Stryker', 'description': 'actor'}, {'name': 'Kimberlee Holland', 'description': 'actor'}, {'name': 'Robert Sizemore', 'description': 'actor'}, {'name': 'Robert Twilley', 'description': 'actor'}]"
Diamond Eye: T.H.O.T. Process 2,8/11/2017,Comedy,"Free Services, Prime Video",,Movie,,5.5/10,,[]
Caillou's Holiday Movie,10/7/2003,"Romance, Animation",Free Services,Canada,Movie,All (G),4.7/10,,"[{'name': 'Nick Rijgersberg', 'description': 'director'}, {'name': 'Annie Bovaird', 'description': 'actor'}, {'name': 'Merlee Shapiro', 'description': 'actor'}, {'name': 'Pat Fry', 'description': 'actor'}, {'name': 'Jesse Vinet', 'description': 'actor'}, {'name': 'Brigid Tierney', 'description': 'actor'}, {'name': 'Jennifer Seguin', 'description': 'actor'}]"
To Russia With Love,10/19/2014,"Documentary, Sport",Free Services,Russia,Movie,,6.3/10,,"[{'name': 'Noam Gonick', 'description': 'director'}, {'name': 'Jane Lynch', 'description': 'actor'}, {'name': 'Johnny Weir', 'description': 'actor'}, {'name': 'Ban Ki-Moon', 'description': 'actor'}, {'name': 'Martina Navratilova', 'description': 'actor'}, {'name': 'Jason Collins', 'description': 'actor'}, {'name': 'Noam Gonick', 'description': 'author'}]"
Property Brothers: Linda and Drew Say I Do,6/1/2018,,Discovery+,,Movie,,6.5/10,,[]
Golden Voices,9/25/2019,"Drama, Comedy","Prime Video, Prime Video",Israel,Movie,,7.2/10,,"[{'name': 'Evgeny Ruman', 'description': 'director'}, {'name': 'Maria Belkin', 'description': 'actor'}, {'name': 'Vladimir Fridman', 'description': 'actor'}, {'name': 'Evelin Hagoel', 'description': 'actor'}, {'name': 'Uri Ran Klauzner', 'description': 'actor'}, {'name': 'Elizabeth Kon', 'description': 'actor'}, {'name': 'Evgeny Ruman', 'description': 'author'}, {'name': 'Ziv Berkovich', 'description': 'author'}]"
Coaching Bad,2/8/2015,Reality,Prime Video ,,TV Show,,7.5/10,1,[]
The Edge of Heaven,9/27/2007,"Mystery, Drama","Hoopla, Prime Video",Germany,Movie,,7.7/10,,"[{'name': 'Fatih Akın', 'description': 'director'}, {'name': 'Baki Davrak', 'description': 'actor'}, {'name': 'Nurgül Yeşilçay', 'description': 'actor'}, {'name': 'Tuncel Kurtiz', 'description': 'actor'}, {'name': 'Nursel Köse', 'description': 'actor'}, {'name': 'Patrycia Ziolkowska', 'description': 'actor'}, {'name': 'Hanna Schygulla', 'description': 'actor'}, {'name': 'Yelda Reynaud', 'description': 'actor'}, {'name': 'Lars Rudolph', 'description': 'actor'}, {'name': 'İdil Üner', 'description': 'actor'}, {'name': 'Erkan Can', 'description': 'actor'}, {'name': 'Turgay Tanülkü', 'description': 'actor'}, {'name': 'Gökhan Kıraç', 'description': 'actor'}, {'name': 'Nejat İşler', 'description': 'actor'}, {'name': 'Andreas Thiel', 'description': 'actor'}, {'name': 'Ç. Duygu Bingöl', 'description': 'actor'}, {'name': 'Fatih Akın', 'description': 'actor'}, {'name': 'Jeanette Würl', 'description': 'actor'}, {'name': 'Klaus Maeck', 'description': 'actor'}, {'name': 'Fatih Akın', 'description': 'author'}]"
Unexpected Race,9/30/2003,Drama,"Free Services, Prime Video",,Movie,,10-May,,"[{'name': 'Stephen Groo', 'description': 'director'}, {'name': 'Stephen Groo', 'description': 'actor'}, {'name': 'Julie Ann Birch', 'description': 'actor'}, {'name': 'Greg Stout', 'description': 'actor'}, {'name': 'Aaron Parker', 'description': 'actor'}, {'name': 'Lisa Briggs', 'description': 'actor'}, {'name': 'Brian Carter', 'description': 'actor'}, {'name': 'Stephen Groo', 'description': 'actor'}, {'name': 'Stephen Groo', 'description': 'author'}]"
The Quintessential Quintuplets,1/11/2019,"Comedy, Animation","Free Services, Prime Video",,TV Show,14+ (TV-14),7.7/10,2,"[{'name': 'Yoshitsugu Matsuoka', 'description': 'actor'}, {'name': 'Kana Hanazawa', 'description': 'actor'}, {'name': 'Ayana Taketatsu', 'description': 'actor'}, {'name': 'Miku Ito', 'description': 'actor'}, {'name': 'Ayane Sakura', 'description': 'actor'}, {'name': 'Inori Minase', 'description': 'actor'}]"
Montana Moon,3/20/1930,"Comedy, Drama",Prime Video ,America,Movie,,4.8/10,,"[{'name': 'Malcolm St. Clair', 'description': 'director'}, {'name': 'Joan Crawford', 'description': 'actor'}, {'name': 'Johnny Mack Brown', 'description': 'actor'}, {'name': 'Dorothy Sebastian', 'description': 'actor'}, {'name': 'Ricardo Cortez', 'description': 'actor'}, {'name': 'Benny Rubin', 'description': 'actor'}, {'name': 'Cliff Edwards', 'description': 'actor'}, {'name': 'Karl Dane', 'description': 'actor'}, {'name': 'Lloyd Ingraham', 'description': 'actor'}, {'name': 'Mary Carlisle', 'description': 'actor'}, {'name': 'Claudia Dell', 'description': 'actor'}, {'name': 'Frank Butler', 'description': 'author'}, {'name': 'Sylvia Thalberg', 'description': 'author'}]"
This Is Sanlitun,9/10/2013,"Comedy, Drama",Prime Video ,Australia,Movie,,6.6/10,,"[{'name': 'Róbert I. Douglas', 'description': 'director'}, {'name': 'Carlos Ottery', 'description': 'actor'}, {'name': 'Christopher Loton', 'description': 'actor'}, {'name': 'Ai Wan', 'description': 'actor'}, {'name': 'Cromwell Cheung', 'description': 'actor'}, {'name': 'Hlín Jóhannesdóttir', 'description': 'actor'}, {'name': 'Carlos Ottery', 'description': 'author'}, {'name': 'Christopher Loton', 'description': 'author'}, {'name': 'Róbert I. Douglas', 'description': 'author'}]"
Adam,8/14/2019,"Comedy, LGBTQ","Free Services, Prime Video",America,Movie,,10-Apr,,"[{'name': 'Rhys Ernst', 'description': 'director'}, {'name': 'Nicholas Alexander', 'description': 'actor'}, {'name': 'Bobbi Salvör Menuez', 'description': 'actor'}, {'name': 'Leo Sheng', 'description': 'actor'}, {'name': 'Chloë Levine', 'description': 'actor'}, {'name': 'Margaret Qualley', 'description': 'actor'}, {'name': 'Haley Murphy', 'description': 'actor'}, {'name': 'Gracie Lawrence', 'description': 'actor'}, {'name': 'Hayley Huntley', 'description': 'actor'}, {'name': 'Colton Ryan', 'description': 'actor'}, {'name': 'Melanie Hinkle', 'description': 'actor'}, {'name': 'Scott Zimmerman', 'description': 'actor'}, {'name': 'Samantha Sherman', 'description': 'actor'}, {'name': 'Alisha B. Woods', 'description': 'actor'}, {'name': 'Maxton Miles Baeza', 'description': 'actor'}, {'name': 'Ashlie Atkinson', 'description': 'actor'}, {'name': 'May Hong', 'description': 'actor'}, {'name': 'Jac Bernhard', 'description': 'actor'}, {'name': 'Theo Germaine', 'description': 'actor'}, {'name': 'Howard Gertler', 'description': 'actor'}, {'name': 'James Schamus', 'description': 'actor'}, {'name': 'Avy Eschenasy', 'description': 'actor'}, {'name': 'Charlie Dibe', 'description': 'actor'}, {'name': 'Figo Li', 'description': 'actor'}]"
Soul Food,9/26/1997,"Comedy, Drama","HBO MAX, Prime Video",America,Movie,18+ (R),10-Jul,,"[{'name': 'George Tillman, Jr.', 'description': 'director'}, {'name': 'Vanessa Williams', 'description': 'actor'}, {'name': 'Vivica A. Fox', 'description': 'actor'}, {'name': 'Nia Long', 'description': 'actor'}, {'name': 'Michael Beach', 'description': 'actor'}, {'name': 'Mekhi Phifer', 'description': 'actor'}, {'name': 'Brandon Hammond', 'description': 'actor'}, {'name': 'Jeffrey D. Sams', 'description': 'actor'}, {'name': 'Gina Ravera', 'description': 'actor'}, {'name': 'Irma P. Hall', 'description': 'actor'}, {'name': 'Carl Wright', 'description': 'actor'}, {'name': 'Mel Jackson', 'description': 'actor'}, {'name': 'Morgan Méchelle Smith', 'description': 'actor'}, {'name': 'John M. Watson Sr.', 'description': 'actor'}, {'name': 'Marcia Wright', 'description': 'actor'}, {'name': 'Robert Teitel', 'description': 'actor'}, {'name': 'Tracey Edmonds', 'description': 'actor'}, {'name': 'George Tillman, Jr.', 'description': 'author'}]"
Knuckle Up,9/17/2017,"Drama, Action & Adventure",Prime Video ,,Movie,13+ (PG-13),10-Jun,,"[{'name': 'Jah', 'description': 'director'}, {'name': 'Jah', 'description': 'actor'}, {'name': 'Kaylee Gordon', 'description': 'actor'}, {'name': 'Montae Malone', 'description': 'actor'}, {'name': 'Tyrelle Lopez', 'description': 'actor'}, {'name': 'Ajibike Adekoya', 'description': 'actor'}, {'name': 'MehganJames', 'description': 'actor'}, {'name': 'Jean Paul Turgeon', 'description': 'actor'}, {'name': 'Kaden A. VU', 'description': 'actor'}, {'name': 'Duane Finley', 'description': 'actor'}, {'name': 'Cleave Cadle', 'description': 'actor'}, {'name': 'Lindsay Mussard', 'description': 'actor'}, {'name': 'Caily Reign Cadle', 'description': 'actor'}, {'name': 'Akapello', 'description': 'actor'}, {'name': 'Noel Gugliemi', 'description': 'actor'}, {'name': ""De'Aundre Bonds"", 'description': 'actor'}, {'name': 'Sosten Price', 'description': 'actor'}, {'name': 'Keith Closs', 'description': 'actor'}, {'name': 'Samuel Monroe Jr.', 'description': 'actor'}, {'name': ""Felicia O'Dell"", 'description': 'actor'}, {'name': 'Fil Smart', 'description': 'actor'}, {'name': 'Barbara Grinage', 'description': 'actor'}, {'name': 'Cleave Cadle', 'description': 'actor'}, {'name': 'Dudley Augustine', 'description': 'actor'}]"
How Hot Is It Going to Get?,10/26/2018,Documentary,Prime Video ,,Movie,,,,[]
10-Minute Solution: Pilates,9/24/2004,Documentary,Prime Video ,America,Movie,,,,"[{'name': 'Lara Hudson', 'description': 'actor'}]"
Pretty Wise,10/1/2012,,"Free Services, Prime Video",,Movie,,,,[]
New Looney Tunes,9/21/2015,"Comedy, Family","HBO MAX, Prime Video",America,TV Show,7+ (TV-PG),5.6/10,9,"[{'name': 'Jeff Bergman', 'description': 'actor'}, {'name': 'Dee Bradley Baker', 'description': 'actor'}, {'name': 'JP Karliak', 'description': 'actor'}, {'name': 'Maurice LaMarche', 'description': 'actor'}, {'name': 'Matthew Mercer', 'description': 'actor'}, {'name': 'Bob Bergen', 'description': 'actor'}, {'name': 'Eric Bauza', 'description': 'actor'}, {'name': 'Erik Kuska', 'description': 'actor'}, {'name': 'Robb Pratt', 'description': 'actor'}, {'name': 'Scott Berna', 'description': 'actor'}]"
American Jihad,3/25/2017,"Thriller, Documentary",fuboTV,,Movie,18+ (R),7.1/10,,"[{'name': 'Alison Ellwood', 'description': 'director'}]"
A Glitch in the Matrix,2/5/2021,Documentary,"Hulu, Prime Video",America,Movie,,5.3/10,,"[{'name': 'Rodney Ascher', 'description': 'director'}, {'name': 'Nick Bostrom', 'description': 'actor'}, {'name': 'Joshua Cooke', 'description': 'actor'}, {'name': 'Erik Davis', 'description': 'actor'}, {'name': 'Philip K. Dick', 'description': 'actor'}, {'name': 'Paul Gude', 'description': 'actor'}, {'name': 'Alex Levine', 'description': 'actor'}, {'name': 'Laeo Mystwood', 'description': 'actor'}, {'name': 'Jesse Orion', 'description': 'actor'}, {'name': 'Ross M. Dinerstein', 'description': 'actor'}, {'name': 'Adam Paulsen', 'description': 'actor'}, {'name': 'Colin Frederick', 'description': 'actor'}, {'name': 'David Carrico', 'description': 'actor'}, {'name': 'Rodney Ascher', 'description': 'actor'}, {'name': 'Ross Girard', 'description': 'actor'}, {'name': 'Rodney Ascher', 'description': 'author'}, {'name': 'Jonathan Snipes', 'description': 'actor'}]"
The Film Crew: Wild Women of Wongo,9/11/2007,Comedy,"Free Services, Prime Video",America,Movie,,7.4/10,,"[{'name': 'Michael J. Nelson', 'description': 'actor'}, {'name': 'Kevin Murphy', 'description': 'actor'}, {'name': 'Bill Corbett', 'description': 'actor'}, {'name': 'Mike Dodge', 'description': 'actor'}]"
From Up on Poppy Hill,7/16/2011,"Animation, Anime","HBO MAX, Prime Video",Japan,Movie,7+ (PG),7.4/10,,"[{'name': 'Gorō Miyazaki', 'description': 'director'}, {'name': 'Masami Nagasawa', 'description': 'actor'}, {'name': 'Junichi Okada', 'description': 'actor'}, {'name': 'Keiko Takeshita', 'description': 'actor'}, {'name': 'Yuriko Ishida', 'description': 'actor'}, {'name': 'Rumi Hiiragi', 'description': 'actor'}, {'name': 'Jun Fubuki', 'description': 'actor'}, {'name': 'Takashi Naitō', 'description': 'actor'}, {'name': 'Shunsuke Kazama', 'description': 'actor'}, {'name': 'Nao Omori', 'description': 'actor'}, {'name': 'Teruyuki Kagawa', 'description': 'actor'}, {'name': 'Haruka Shiraishi', 'description': 'actor'}, {'name': 'Tsubasa Kobayashi', 'description': 'actor'}, {'name': 'Aoi Teshima', 'description': 'actor'}, {'name': 'Gorō Miyazaki', 'description': 'actor'}, {'name': 'Chizuru Takahashi', 'description': 'actor'}, {'name': 'Tetsurô Sayama', 'description': 'actor'}, {'name': 'Toshio Suzuki', 'description': 'actor'}, {'name': 'Nobuo Kawakami', 'description': 'actor'}, {'name': 'Hayao Miyazaki', 'description': 'author'}, {'name': 'Keiko Niwa', 'description': 'author'}, {'name': 'Satoshi Takebe', 'description': 'actor'}]"
The Disciple,9/3/2020,Drama,Netflix,India,Movie,,7.1/10,,"[{'name': 'Chaitanya Tamhane', 'description': 'director'}, {'name': 'Aditya Modak', 'description': 'actor'}, {'name': 'Arun Dravid', 'description': 'actor'}, {'name': 'Sumitra Bhave', 'description': 'actor'}, {'name': 'Deepika Bhida Bhagwat', 'description': 'actor'}, {'name': 'Kiran Yadnyopavit', 'description': 'actor'}, {'name': 'Abhishek Kale', 'description': 'actor'}, {'name': 'Neela Khedkar', 'description': 'actor'}, {'name': 'Makarand Mukund', 'description': 'actor'}, {'name': 'Kristy Banerjee', 'description': 'actor'}, {'name': 'Prasad Vanarse', 'description': 'actor'}, {'name': 'Vivek Gomber', 'description': 'actor'}, {'name': 'Alfonso Cuarón', 'description': 'actor'}, {'name': 'Rakesh Mehra', 'description': 'actor'}, {'name': 'Chaitanya Tamhane', 'description': 'author'}]"
Hide and Seek,1/19/1996,"Documentary, Drama",Fandor,America,Movie,,10-Jul,,"[{'name': 'Su Friedrich', 'description': 'director'}, {'name': 'Chels Holland', 'description': 'actor'}, {'name': 'Eva Kolodner', 'description': 'actor'}, {'name': 'Katie Roumel', 'description': 'actor'}, {'name': 'Cathy Nan Quinlan', 'description': 'author'}, {'name': 'Su Friedrich', 'description': 'author'}]"
Painted Skin: The Resurrection,6/28/2012,"Drama, Fantasy",Free Services,China,Movie,,6.2/10,,"[{'name': 'Wuershan', 'description': 'director'}, {'name': 'Zhou Xun', 'description': 'actor'}, {'name': 'Chen Kun', 'description': 'actor'}, {'name': '赵薇', 'description': 'actor'}, {'name': 'Yang Mi', 'description': 'actor'}, {'name': 'William Feng', 'description': 'actor'}, {'name': 'Chen Tingjia', 'description': 'actor'}, {'name': 'Lenox Lu', 'description': 'actor'}, {'name': 'Kris Phillips', 'description': 'actor'}, {'name': 'Gordon Liu Chia-Hui', 'description': 'actor'}, {'name': 'Li Bing-Yuan', 'description': 'actor'}, {'name': 'You Benchang', 'description': 'actor'}, {'name': 'Zhang Yilong', 'description': 'actor'}, {'name': 'Qin Junjie', 'description': 'actor'}, {'name': 'Sun Jian-Kui', 'description': 'actor'}, {'name': 'Morgan Benoit', 'description': 'actor'}, {'name': 'Guan Xiaotong', 'description': 'actor'}, {'name': 'Temur Gang', 'description': 'actor'}, {'name': 'Chen Kuo-fu', 'description': 'actor'}, {'name': 'Han Liang', 'description': 'actor'}, {'name': 'Zhang Da-Jun', 'description': 'actor'}, {'name': 'Ran Jia-Nan', 'description': 'author'}, {'name': 'Ran Ping', 'description': 'author'}, {'name': 'Ishida Katsunori', 'description': 'actor'}]"
The Vows We Keep,10/10/2021,"Drama, Romance","Hallmark Movies Now, Prime Video",Canada,Movie,All (G),6.2/10,,"[{'name': 'Jessica Harmon', 'description': 'director'}, {'name': 'Fiona Gubelmann', 'description': 'actor'}, {'name': 'Antonio Cayonne', 'description': 'actor'}, {'name': 'Linda Thorson', 'description': 'actor'}, {'name': 'Zibby Allen', 'description': 'actor'}, {'name': 'Michele Scarabelli', 'description': 'actor'}, {'name': 'David Kaye', 'description': 'actor'}, {'name': 'Kurt Long', 'description': 'actor'}, {'name': 'Keith MacKechnie', 'description': 'actor'}, {'name': 'Kendall Cross', 'description': 'actor'}, {'name': 'Gabrielle Jacinto', 'description': 'actor'}, {'name': 'Guy Christie', 'description': 'actor'}, {'name': 'Desiree Zurowski', 'description': 'actor'}, {'name': 'Ted Cole', 'description': 'actor'}, {'name': 'Kerën Burkett', 'description': 'actor'}, {'name': 'Stephen Aberle', 'description': 'actor'}, {'name': 'Fernando Szew', 'description': 'actor'}, {'name': 'Ivan Hayden', 'description': 'actor'}, {'name': 'Julianna Hays', 'description': 'actor'}, {'name': 'Kim Arnott', 'description': 'actor'}, {'name': 'Andrea Gyertson Nasfell', 'description': 'author'}, {'name': 'Nicole Baxter', 'description': 'author'}]"
Coldplay: A Head Full of Dreams,11/14/2018,Documentary,"Prime Video, Prime Video",United Kingdom,Movie,,7.9/10,,"[{'name': 'Mat Whitecross', 'description': 'director'}, {'name': 'Guy Berryman', 'description': 'actor'}, {'name': 'Jon Buckland', 'description': 'actor'}, {'name': 'Will Champion', 'description': 'actor'}, {'name': 'Chris Martin', 'description': 'actor'}, {'name': 'Phil Harvey', 'description': 'actor'}, {'name': 'Mat Whitecross', 'description': 'actor'}, {'name': 'Gwyneth Paltrow', 'description': 'actor'}, {'name': 'Beyoncé', 'description': 'actor'}, {'name': 'Bruno Mars', 'description': 'actor'}, {'name': 'Noel Gallagher', 'description': 'actor'}, {'name': 'Brian Eno', 'description': 'actor'}, {'name': 'Fiona Neilson', 'description': 'actor'}, {'name': 'Hannah Clarke', 'description': 'actor'}, {'name': 'Stefan Demetriou', 'description': 'actor'}, {'name': 'Rael Jones', 'description': 'actor'}]"
Kendra and Beth,10/23/2021,"Drama, LGBTQ",Prime Video ,America,Movie,,6.7/10,,"[{'name': 'Dean Peterson', 'description': 'director'}, {'name': 'Kate Lyn Sheil', 'description': 'actor'}, {'name': 'Eleanore Pienta', 'description': 'actor'}, {'name': 'Whitmer Thomas', 'description': 'actor'}, {'name': 'Catherine Curtin', 'description': 'actor'}, {'name': 'Jon Gabrus', 'description': 'actor'}, {'name': 'Phil Matarese', 'description': 'actor'}, {'name': 'Matt Bailey', 'description': 'actor'}, {'name': 'Paul Cram', 'description': 'actor'}, {'name': 'Casey E. Lewis', 'description': 'actor'}, {'name': 'Haley Jacobsen', 'description': 'actor'}, {'name': 'Shadana Patterson', 'description': 'actor'}, {'name': 'Stephen Hage', 'description': 'actor'}, {'name': 'Gwen Ruhoff', 'description': 'actor'}, {'name': 'Ryan J. Gilmer', 'description': 'actor'}, {'name': 'Reilly Myklebust', 'description': 'actor'}, {'name': 'Dean Peterson', 'description': 'author'}]"
The Courier,11/22/2019,"Action & Adventure, Thriller","Epix, Prime Video",United Kingdom,Movie,18+ (R),4.8/10,,"[{'name': 'Zackary Adler', 'description': 'director'}, {'name': 'Olga Kurylenko', 'description': 'actor'}, {'name': 'Gary Oldman', 'description': 'actor'}, {'name': 'Dermot Mulroney', 'description': 'actor'}, {'name': 'William Moseley', 'description': 'actor'}, {'name': 'Alicia Agneson', 'description': 'actor'}, {'name': 'Amit Shah', 'description': 'actor'}, {'name': 'Craig Conway', 'description': 'actor'}, {'name': 'Joel Michaely', 'description': 'actor'}, {'name': 'Greg Orvis', 'description': 'actor'}, {'name': 'Calli Taylor', 'description': 'actor'}, {'name': 'Lee Charles', 'description': 'actor'}, {'name': 'Gordon Alexander', 'description': 'actor'}, {'name': 'Ty Hurley', 'description': 'actor'}, {'name': 'Jamie Satterthwaite', 'description': 'actor'}, {'name': 'Renars Latkovskis', 'description': 'actor'}, {'name': 'Neil Chapelhow', 'description': 'actor'}, {'name': 'Michael Fatogun', 'description': 'actor'}, {'name': 'Hal Hillman', 'description': 'actor'}, {'name': 'Al Holland', 'description': 'actor'}, {'name': 'Robert Louis Medina', 'description': 'actor'}, {'name': 'Andrew Prendergast', 'description': 'actor'}, {'name': 'David Haring', 'description': 'actor'}, {'name': 'James Edward Barker', 'description': 'actor'}]"
In My Life,9/16/2009,"Comedy, Drama",Prime Video ,Philippines,Movie,7+ (PG),6.4/10,,"[{'name': 'Olivia M. Lamasan', 'description': 'director'}, {'name': 'Vilma Santos', 'description': 'actor'}, {'name': 'Luis Manzano', 'description': 'actor'}, {'name': 'John Lloyd Cruz', 'description': 'actor'}, {'name': 'Dimples Romana', 'description': 'actor'}, {'name': 'Tirso Cruz III', 'description': 'actor'}, {'name': 'Nikki Valdez', 'description': 'actor'}, {'name': 'Rafael Rosell', 'description': 'actor'}, {'name': 'Vice Ganda', 'description': 'actor'}, {'name': 'Paw Diaz', 'description': 'actor'}, {'name': 'Arnold Reyes', 'description': 'actor'}, {'name': 'Nonie Buencamino', 'description': 'actor'}, {'name': 'Shamaine Buencamino', 'description': 'actor'}, {'name': 'Kakai Bautista', 'description': 'actor'}, {'name': 'Zeppi Borromeo', 'description': 'actor'}, {'name': 'Aaron Junatas', 'description': 'actor'}, {'name': 'Cha-Cha Cañete', 'description': 'actor'}, {'name': 'William Rothlein', 'description': 'actor'}, {'name': 'Janice Y. Perez', 'description': 'actor'}, {'name': 'Marshall Factora', 'description': 'actor'}, {'name': 'Scott Barber', 'description': 'actor'}, {'name': 'Bob Shreve', 'description': 'actor'}, {'name': 'Charo Santos-Concio', 'description': 'actor'}, {'name': 'Moira Lang', 'description': 'author'}]"
Halloween 5: The Revenge of Michael Myers,10/12/1989,"Thriller, Horror","AMC, Prime Video",America,Movie,18+ (R),10-May,,"[{'name': 'Dominique Othenin-Girard', 'description': 'director'}, {'name': 'Donald Pleasence', 'description': 'actor'}, {'name': 'Danielle Harris', 'description': 'actor'}, {'name': 'Ellie Cornell', 'description': 'actor'}, {'name': 'Wendy Foxworth', 'description': 'actor'}, {'name': 'Beau Starr', 'description': 'actor'}, {'name': 'Don Shanks', 'description': 'actor'}, {'name': 'Jeffrey Landman', 'description': 'actor'}, {'name': 'Tamara Glynn', 'description': 'actor'}, {'name': 'Matthew Walker', 'description': 'actor'}, {'name': 'Betty Carvalho', 'description': 'actor'}, {'name': 'Troy Evans', 'description': 'actor'}, {'name': 'Frankie Como', 'description': 'actor'}, {'name': 'David Ursin', 'description': 'actor'}, {'name': 'Harper Roisman', 'description': 'actor'}, {'name': 'Karen Alston', 'description': 'actor'}, {'name': 'Max Robinson', 'description': 'actor'}, {'name': 'Fenton Quinn', 'description': 'actor'}, {'name': 'Gregory Nicotero', 'description': 'actor'}, {'name': 'Jonathan Chapin', 'description': 'actor'}, {'name': 'Stanton Davis', 'description': 'actor'}, {'name': 'Ramsey Thomas', 'description': 'actor'}, {'name': 'Moustapha Akkad', 'description': 'actor'}, {'name': 'Dominique Othenin-Girard', 'description': 'author'}]"
Jersey Couture,6/1/2010,Reality,Prime Video ,,TV Show,7+ (TV-PG),10-Jul,2,[]
The Bowery Boys Meet the Monsters,6/6/1954,"Comedy, Horror",Prime Video ,America,Movie,,5.9/10,,"[{'name': 'Edward Bernds', 'description': 'director'}, {'name': 'Leo Gorcey', 'description': 'actor'}, {'name': 'Huntz Hall', 'description': 'actor'}, {'name': 'Bernard Gorcey', 'description': 'actor'}, {'name': 'Lloyd Corrigan', 'description': 'actor'}, {'name': 'Ellen Corby', 'description': 'actor'}, {'name': 'John Dehner', 'description': 'actor'}, {'name': 'Laura Mason', 'description': 'actor'}, {'name': 'Paul Wexler', 'description': 'actor'}, {'name': 'David Gorcey', 'description': 'actor'}, {'name': 'Benny Bartlett', 'description': 'actor'}, {'name': 'Ben Schwalb', 'description': 'actor'}, {'name': 'Edward Bernds', 'description': 'author'}, {'name': 'Elwood Ullman', 'description': 'author'}, {'name': 'Marlin Skiles', 'description': 'actor'}]"
Primary Hitman,2/22/2019,"Action & Adventure, Crime",Free Services,,Movie,,,,[]
Brightfall,10/29/2018,"Horror, Musical",Prime Video ,,Movie,,3.4/10,,[]
Sacred Sound,2/19/2018,Documentary,Prime Video ,,Movie,,,,[]
At the Frontera,1/25/2018,"Drama, Action & Adventure",Prime Video ,,Movie,,6.6/10,,[]
The Lost Legion,12/2/2014,"History, Action & Adventure","Free Services, Prime Video",Canada,Movie,18+ (R),2.9/10,,"[{'name': 'David Kocar', 'description': 'director'}, {'name': 'Petr Kubík', 'description': 'director'}, {'name': 'Tom McKay', 'description': 'actor'}, {'name': 'Michelle Lukes', 'description': 'actor'}, {'name': 'Brian Caspe', 'description': 'actor'}, {'name': 'Jim High', 'description': 'actor'}, {'name': 'Christian Dunkley Clark', 'description': 'actor'}, {'name': 'Eirini Karamanoli', 'description': 'actor'}, {'name': 'Jana Triskova', 'description': 'actor'}, {'name': 'Herbert Heissler', 'description': 'actor'}, {'name': 'Sharon Christensen', 'description': 'actor'}, {'name': 'Evan Tylor', 'description': 'actor'}, {'name': 'John A. Curtis', 'description': 'actor'}, {'name': 'Lloyd A. Simandl', 'description': 'actor'}, {'name': 'Tom Raycove', 'description': 'actor'}, {'name': 'Lloyd A. Simandl', 'description': 'actor'}]"
Race Across America,2/13/2013,"Documentary, Sport","Free Services, Prime Video",,Movie,,6.3/10,,[]
Fleshtone,6/8/1994,"Mystery, Thriller",Free Services,,Movie,18+ (R),4.6/10,,"[{'name': 'Harry Hurwitz', 'description': 'director'}, {'name': 'Martin Kemp', 'description': 'actor'}, {'name': 'Lise Cutter', 'description': 'actor'}, {'name': 'Tim Thomerson', 'description': 'actor'}, {'name': 'Suanne Braun', 'description': 'actor'}, {'name': 'Graham Armitage', 'description': 'actor'}, {'name': 'Harry Hurwitz', 'description': 'author'}, {'name': 'Mark Stock', 'description': 'author'}]"
Ruin and Rose,9/16/2016,"Documentary, Sport","Free Services, Prime Video",America,Movie,,6.4/10,,"[{'name': 'Ben Sturgulewski', 'description': 'director'}]"
Man vs. Bigfoot,5/9/2021,"Fantasy, Mystery","Free Services, Prime Video",America,Movie,,5.3/10,,"[{'name': 'David D. Ford', 'description': 'director'}, {'name': 'David D. Ford', 'description': 'actor'}, {'name': 'Stuart Miller', 'description': 'actor'}, {'name': 'Bob Gimlin', 'description': 'actor'}, {'name': 'Antonio Tec', 'description': 'actor'}, {'name': 'Tracy Lynn Ray', 'description': 'actor'}, {'name': 'Theresa Mills', 'description': 'actor'}, {'name': 'Lee Kelley', 'description': 'actor'}, {'name': 'David D. Ford', 'description': 'author'}]"
The Drew Carey Show,9/13/1995,"Drama, Comedy",Prime Video ,,TV Show,7+ (TV-PG),6.9/10,9,"[{'name': 'Drew Carey', 'description': 'actor'}, {'name': 'Ryan Stiles', 'description': 'actor'}, {'name': 'Diedrich Bader', 'description': 'actor'}, {'name': 'Cynthia Watros', 'description': 'actor'}, {'name': 'Kathy Kinney', 'description': 'actor'}, {'name': 'Christa Miller', 'description': 'actor'}, {'name': 'Craig Ferguson', 'description': 'actor'}, {'name': 'John Carroll Lynch', 'description': 'actor'}, {'name': 'Pam Stone', 'description': 'actor'}, {'name': 'Bruce Rasmussen', 'description': 'actor'}, {'name': 'Clay Graham', 'description': 'actor'}, {'name': 'David Letterman', 'description': 'actor'}, {'name': 'Drew Carey', 'description': 'actor'}, {'name': 'Richard Day', 'description': 'actor'}, {'name': 'Russ Woody', 'description': 'actor'}, {'name': 'Bruce Helford', 'description': 'actor'}, {'name': 'Drew Carey', 'description': 'actor'}]"
Adventures Into the Woods: A Sexy Musical,6/2/2012,Comedy,Free Services,,Movie,,4.4/10,,"[{'name': 'Rolfe Kanefsky', 'description': 'director'}, {'name': 'Allie Haze', 'description': 'actor'}, {'name': 'Ariauna Albright', 'description': 'actor'}, {'name': 'Jess Allen', 'description': 'actor'}, {'name': 'Chriss Anglin', 'description': 'actor'}, {'name': 'Cameron Bass-Jackson', 'description': 'actor'}, {'name': 'Victoria De Mare', 'description': 'actor'}, {'name': 'Robert Donavan', 'description': 'actor'}, {'name': 'Harper Issacs', 'description': 'actor'}, {'name': 'Russia Hardy', 'description': 'actor'}, {'name': 'Ron Jeremy', 'description': 'actor'}, {'name': 'Monica Mayhem', 'description': 'actor'}, {'name': 'Jeremy L. Morrison', 'description': 'actor'}, {'name': 'Nataliyajoy Prieto', 'description': 'actor'}, {'name': 'Kristian Steel', 'description': 'actor'}, {'name': 'Marta Zolynska', 'description': 'actor'}, {'name': 'Elissa Dowling', 'description': 'actor'}, {'name': 'Rolfe Kanefsky', 'description': 'actor'}, {'name': 'Lux Kassidy', 'description': 'actor'}, {'name': 'Jeffrey James Lippold', 'description': 'actor'}, {'name': 'Jules Hartley', 'description': 'actor'}, {'name': 'Dylan Riley', 'description': 'actor'}, {'name': 'Alain Siritzky', 'description': 'actor'}, {'name': 'Esther Goodstein', 'description': 'actor'}]"
Maniac Cop 3: Badge of Silence,2/1/1993,"Action & Adventure, Horror",Free Services,America,Movie,18+ (R),4.9/10,,"[{'name': 'Alan Smithee', 'description': 'director'}, {'name': 'William Lustig', 'description': 'director'}, {'name': 'Robert Davi', 'description': 'actor'}, {'name': ""Robert Z'Dar"", 'description': 'actor'}, {'name': 'Caitlin Dulany', 'description': 'actor'}, {'name': 'Gretchen Becker', 'description': 'actor'}, {'name': 'Paul Gleason', 'description': 'actor'}, {'name': 'Jackie Earle Haley', 'description': 'actor'}, {'name': 'Julius Harris', 'description': 'actor'}, {'name': 'Grand L. Bush', 'description': 'actor'}, {'name': 'Doug Savant', 'description': 'actor'}, {'name': 'Robert Forster', 'description': 'actor'}, {'name': 'Bobby Di Cicco', 'description': 'actor'}, {'name': 'Frank Pesce', 'description': 'actor'}, {'name': 'Lou Diaz', 'description': 'actor'}, {'name': 'Brenda Varda', 'description': 'actor'}, {'name': 'Vanessa Marquez', 'description': 'actor'}, {'name': 'Denney Pierce', 'description': 'actor'}, {'name': 'Ted Raimi', 'description': 'actor'}, {'name': 'Vinnie Curto', 'description': 'actor'}, {'name': 'Jophery C. Brown', 'description': 'actor'}, {'name': 'Jeffrey Anderson-Gunter', 'description': 'actor'}, {'name': 'Jeffrey Hilton', 'description': 'actor'}, {'name': 'Joel Soisson', 'description': 'actor'}]"
Restored Me,9/11/2016,Drama,"Free Services, Prime Video",,Movie,,6.8/10,,"[{'name': 'Steven Bauer', 'description': 'actor'}, {'name': 'Percy Daggs III', 'description': 'actor'}, {'name': 'Will Yun Lee', 'description': 'actor'}, {'name': 'Richard T. Jones', 'description': 'actor'}, {'name': 'Bill Duke', 'description': 'actor'}, {'name': 'Nafessa Williams', 'description': 'actor'}, {'name': 'Noel Gugliemi', 'description': 'actor'}, {'name': 'Malik Yoba', 'description': 'actor'}, {'name': 'Cynthia Murell', 'description': 'actor'}, {'name': 'Matt Gerald', 'description': 'actor'}, {'name': 'Keith Andreen', 'description': 'actor'}, {'name': 'Angelo Pagan', 'description': 'actor'}, {'name': 'Yancey Arias', 'description': 'actor'}, {'name': 'Gary Owen', 'description': 'actor'}, {'name': 'Casper Smart', 'description': 'actor'}, {'name': 'Jacqueline Pinol', 'description': 'actor'}, {'name': 'Pepe Serna', 'description': 'actor'}, {'name': 'Cynthia Rodriguez', 'description': 'actor'}, {'name': 'Sofia Kopálová', 'description': 'actor'}]"
Bleak Street,9/17/2015,"Crime, Drama",Kanopy,Mexico,Movie,,6.5/10,,"[{'name': 'Arturo Ripstein', 'description': 'director'}, {'name': 'Patricia Reyes Spíndola', 'description': 'actor'}, {'name': 'Nora Velázquez', 'description': 'actor'}, {'name': 'Arcelia Ramírez', 'description': 'actor'}, {'name': 'Alberto Estrella', 'description': 'actor'}, {'name': 'Alejandro Suárez', 'description': 'actor'}, {'name': 'Juan Francisco Longoria', 'description': 'actor'}, {'name': 'Guillermo López', 'description': 'actor'}, {'name': 'Erando González', 'description': 'actor'}, {'name': 'Emoé de la Parra', 'description': 'actor'}, {'name': 'Eligio Meléndez', 'description': 'actor'}, {'name': 'Greta Cervantes', 'description': 'actor'}, {'name': 'Paola Arroyo', 'description': 'actor'}, {'name': 'Leticia Gómez Rivera', 'description': 'actor'}, {'name': 'Samuel Gallegos', 'description': 'actor'}, {'name': 'Víctor Carpinteiro', 'description': 'actor'}, {'name': 'Carlos Chávez', 'description': 'actor'}, {'name': 'Valentina Nallino', 'description': 'actor'}, {'name': 'Rakel Adriana', 'description': 'actor'}, {'name': 'Tamara Guzman', 'description': 'actor'}, {'name': 'Metztli Adamina', 'description': 'actor'}, {'name': 'Norma Pablo', 'description': 'actor'}, {'name': 'Paz Alicia Garciadiego', 'description': 'author'}]"
Surprise,2/14/2019,"Comedy, Drama",Prime Video ,United Kingdom,Movie,,4.7/10,,"[{'name': 'Peter Hewitt', 'description': 'director'}, {'name': 'Jennifer Angelier', 'description': 'actor'}, {'name': 'Sofia Bouchaala', 'description': 'actor'}, {'name': 'Samantha Brito e Cunha', 'description': 'actor'}, {'name': 'Andy Chesters', 'description': 'actor'}, {'name': 'Helen Clifford', 'description': 'actor'}, {'name': 'Charmaine Davies', 'description': 'actor'}, {'name': 'Pete Donno', 'description': 'actor'}, {'name': 'Clarissa Efthymiades', 'description': 'actor'}, {'name': 'Nicholas Farr', 'description': 'actor'}, {'name': 'Anna Gilbert', 'description': 'actor'}, {'name': 'Mike Goodenough', 'description': 'actor'}, {'name': 'Rosalind Hoy', 'description': 'actor'}, {'name': 'Damien Lyne', 'description': 'actor'}, {'name': 'Timothy Pearson', 'description': 'actor'}, {'name': 'Bianca Pick', 'description': 'actor'}, {'name': 'Nathan Robinson', 'description': 'actor'}, {'name': 'Mark Sparkler', 'description': 'actor'}, {'name': 'Grace Thompson', 'description': 'actor'}, {'name': 'Dick Ward', 'description': 'actor'}, {'name': 'Hamish Wyllie', 'description': 'actor'}, {'name': 'John Higgins', 'description': 'actor'}, {'name': 'Peter Hewitt', 'description': 'actor'}, {'name': 'Simon Hewitt', 'description': 'actor'}]"
A Godwink Christmas,11/17/2018,"Drama, Family","Hallmark, Prime Video",America,Movie,All (G),6.5/10,,"[{'name': 'Michael Robison', 'description': 'director'}, {'name': 'Kimberley Sustad', 'description': 'actor'}, {'name': 'Paul Campbell', 'description': 'actor'}, {'name': 'Kathie Lee Gifford', 'description': 'actor'}, {'name': 'Natalie Sharp', 'description': 'actor'}, {'name': 'Giles Panton', 'description': 'actor'}, {'name': 'Ryan Alexander McDonald', 'description': 'actor'}, {'name': 'Dolores Drake', 'description': 'actor'}, {'name': 'Kat Ruston', 'description': 'actor'}, {'name': 'Lucia Walters', 'description': 'actor'}, {'name': 'Jag Bal', 'description': 'actor'}, {'name': 'Kelly Richard Nelson', 'description': 'actor'}, {'name': 'Lucia Frangione', 'description': 'actor'}, {'name': 'Grace Sunar', 'description': 'actor'}, {'name': 'Talana Watt Madu', 'description': 'actor'}, {'name': 'Kim Arnott', 'description': 'actor'}, {'name': 'Fernando Szew', 'description': 'actor'}, {'name': 'Michael Shepard', 'description': 'actor'}, {'name': 'David Golden', 'description': 'author'}, {'name': 'John Tinker', 'description': 'author'}]"
Rob & Big,11/2/2006,"Reality, Comedy","Free Services, Prime Video",America,TV Show,7+ (TV-PG),7.5/10,3,"[{'name': 'Christopher Boykin', 'description': 'actor'}, {'name': 'Chris Pfaff', 'description': 'actor'}, {'name': 'Rob Dyrdek', 'description': 'actor'}, {'name': 'Jeff Tremaine', 'description': 'actor'}, {'name': 'Christopher Boykin', 'description': 'actor'}, {'name': 'Jeff Tremaine', 'description': 'actor'}, {'name': 'Rob Dyrdek', 'description': 'actor'}]"
Horse Crazy,5/31/2001,"Family, Drama","Free Services, Prime Video",,Movie,All (G),5.8/10,,"[{'name': 'Eric Hendershot', 'description': 'director'}, {'name': 'Michael Glauser', 'description': 'actor'}, {'name': 'Jonny Cronin', 'description': 'actor'}, {'name': 'Brittany Armstrong', 'description': 'actor'}, {'name': 'Scott Subiono', 'description': 'actor'}, {'name': 'Dalin Christiansen', 'description': 'actor'}, {'name': 'Arizona Taylor', 'description': 'actor'}, {'name': 'Elizabeth Johnson', 'description': 'actor'}, {'name': 'Eric Hendershot', 'description': 'actor'}, {'name': 'Steele Hendershot', 'description': 'actor'}, {'name': 'Eric Hendershot', 'description': 'author'}]"
One Year Later,,"Drama, Comedy",Prime Video ,,Movie,,6.6/10,,[]
Learning to Breathe,8/23/2016,"Drama, Documentary","Free Services, Prime Video",United Kingdom,Movie,13+ (PG-13),5.5/10,,"[{'name': 'Dan Turner', 'description': 'director'}, {'name': 'Sam Hazeldine', 'description': 'actor'}, {'name': 'Natalia Warner', 'description': 'actor'}, {'name': 'Niamh McGrady', 'description': 'actor'}, {'name': 'Tony Marshall', 'description': 'actor'}, {'name': 'Dan Turner', 'description': 'author'}]"
Dolly Kitty and Those Twinkling Stars,10/4/2019,"Drama, Comedy",Netflix,India,Movie,18+ (R),5.5/10,,"[{'name': 'Alankrita Shrivastava', 'description': 'director'}, {'name': 'Konkona Sen Sharma', 'description': 'actor'}, {'name': 'Bhumi Pednekar', 'description': 'actor'}, {'name': 'Aamir Bashir', 'description': 'actor'}, {'name': 'Vikrant Massey', 'description': 'actor'}, {'name': 'Amol Parashar', 'description': 'actor'}, {'name': 'Kubbra Sait', 'description': 'actor'}, {'name': 'Karan Kundra', 'description': 'actor'}, {'name': 'Kalyani Jha', 'description': 'actor'}, {'name': 'Mihir Ahuja', 'description': 'actor'}, {'name': 'Ekta Kapoor', 'description': 'actor'}, {'name': 'Shobha Kapoor', 'description': 'actor'}, {'name': 'Alankrita Shrivastava', 'description': 'author'}]"
Invasion: UFO,12/19/1980,"Drama, Science-Fiction",Prime Video ,United Kingdom,Movie,,5.7/10,,"[{'name': 'Gerry Anderson', 'description': 'director'}, {'name': 'Ed Bishop', 'description': 'actor'}, {'name': 'Michael Billington', 'description': 'actor'}, {'name': 'Wanda Ventham', 'description': 'actor'}, {'name': 'Vladek Sheybal', 'description': 'actor'}, {'name': 'David Warbeck', 'description': 'actor'}, {'name': 'David Tomblin', 'description': 'author'}]"
Bowery Blitzkrieg,8/1/1941,"Drama, Comedy","Prime Video, Prime Video",America,Movie,All (G),10-Jun,,"[{'name': 'Wallace Fox', 'description': 'director'}, {'name': 'Leo Gorcey', 'description': 'actor'}, {'name': 'Bobby Jordan', 'description': 'actor'}, {'name': 'Huntz Hall', 'description': 'actor'}, {'name': 'Keye Luke', 'description': 'actor'}, {'name': 'Warren Hull', 'description': 'actor'}, {'name': 'Charlotte Henry', 'description': 'actor'}, {'name': 'Bobby Stone', 'description': 'actor'}, {'name': 'Donald Haines', 'description': 'actor'}, {'name': 'Sunshine Sammy Morrison', 'description': 'actor'}, {'name': 'David Gorcey', 'description': 'actor'}, {'name': 'Martha Wentworth', 'description': 'actor'}, {'name': 'Jack Mulhall', 'description': 'actor'}, {'name': 'Dennis Moore', 'description': 'actor'}, {'name': 'Tony Carson', 'description': 'actor'}, {'name': 'Pat Costello', 'description': 'actor'}, {'name': 'Dick Ryan', 'description': 'actor'}, {'name': 'Jack Carr', 'description': 'actor'}, {'name': 'Bill Cartledge', 'description': 'actor'}, {'name': 'Jack Chefe', 'description': 'actor'}, {'name': 'Minerva Urecal', 'description': 'actor'}, {'name': 'Eddie Foster', 'description': 'actor'}, {'name': 'Pete Mayer', 'description': 'actor'}, {'name': 'Sam Katzman', 'description': 'actor'}]"
Ballyfin: Portrait of an Irish Country House,,,"Free Services, Prime Video",,Movie,,,,[]
He Loved Them All,5/20/2018,"Mystery, Thriller","Hoopla, Prime Video",America,Movie,16+,4.3/10,,"[{'name': 'Jake Helgren', 'description': 'director'}, {'name': 'Katherine Bailess', 'description': 'actor'}, {'name': 'Damon Dayoub', 'description': 'actor'}, {'name': 'Salma Samir', 'description': 'actor'}, {'name': 'Ali Cobrin', 'description': 'actor'}, {'name': 'Tiffany Hines', 'description': 'actor'}, {'name': 'Wil Traval', 'description': 'actor'}, {'name': 'Emily Nye', 'description': 'author'}, {'name': 'Jake Helgren', 'description': 'author'}]"
Heaven & Earth,12/24/1993,"Action & Adventure, Drama","Hoopla, Prime Video",France,Movie,18+ (R),6.8/10,,"[{'name': 'Oliver Stone', 'description': 'director'}, {'name': 'Tommy Lee Jones', 'description': 'actor'}, {'name': 'Robert John Burke', 'description': 'actor'}, {'name': 'Timothy Carhart', 'description': 'actor'}, {'name': 'Tim Guinee', 'description': 'actor'}, {'name': 'Hiep Thi Le', 'description': 'actor'}, {'name': 'Debbie Reynolds', 'description': 'actor'}, {'name': 'Haing S. Ngor', 'description': 'actor'}, {'name': 'Joan Chen', 'description': 'actor'}, {'name': 'Dustin Nguyen', 'description': 'actor'}, {'name': 'Liem Whatley', 'description': 'actor'}, {'name': 'Vivian Wu', 'description': 'actor'}, {'name': 'Long Nguyen', 'description': 'actor'}, {'name': 'Conchata Ferrell', 'description': 'actor'}, {'name': 'Thuan K. Nguyen', 'description': 'actor'}, {'name': 'Espérance Pham Thai Lan', 'description': 'actor'}, {'name': 'Jeffrey Jones', 'description': 'actor'}, {'name': 'A. Kitman Ho', 'description': 'actor'}, {'name': 'Arnon Milchan', 'description': 'actor'}, {'name': 'Oliver Stone', 'description': 'actor'}, {'name': 'Robert Kline', 'description': 'actor'}, {'name': 'Mario Kassar', 'description': 'actor'}, {'name': 'Oliver Stone', 'description': 'author'}, {'name': 'Kitaro', 'description': 'actor'}]"
Caged,5/19/1950,"Crime, Drama",Prime Video ,America,Movie,,7.6/10,,"[{'name': 'John Cromwell', 'description': 'director'}, {'name': 'Eleanor Parker', 'description': 'actor'}, {'name': 'Agnes Moorehead', 'description': 'actor'}, {'name': 'Ellen Corby', 'description': 'actor'}, {'name': 'Hope Emerson', 'description': 'actor'}, {'name': 'Betty Garde', 'description': 'actor'}, {'name': 'Jan Sterling', 'description': 'actor'}, {'name': 'Lee Patrick', 'description': 'actor'}, {'name': 'Olive Deering', 'description': 'actor'}, {'name': 'Jane Darwell', 'description': 'actor'}, {'name': 'Gertrude Michael', 'description': 'actor'}, {'name': 'Sheila MacRae', 'description': 'actor'}, {'name': 'Gertrude Hoffmann', 'description': 'actor'}, {'name': 'Queenie Smith', 'description': 'actor'}, {'name': 'Don Beddoe', 'description': 'actor'}, {'name': 'Esther Howard', 'description': 'actor'}, {'name': 'Edith Evanson', 'description': 'actor'}, {'name': 'Grace Hayes', 'description': 'actor'}, {'name': 'Taylor Holmes', 'description': 'actor'}, {'name': 'Nita Talbot', 'description': 'actor'}, {'name': 'Sheila Stuart', 'description': 'actor'}, {'name': 'Hazel Keener', 'description': 'actor'}, {'name': 'Jerry Wald', 'description': 'actor'}, {'name': 'Virginia Kellogg', 'description': 'author'}]"
KAALA (Malayalam),1/1/2018,,"Prime Video, Prime Video",,Movie,,,,[]
中国性革命,3/25/2008,Documentary,Free Services,Canada,Movie,,5.9/10,,"[{'name': 'Josh Freed', 'description': 'director'}, {'name': 'Mikela Jay', 'description': 'actor'}]"
Building Wild,1/14/2014,"Home & Garden, Reality",Prime Video ,,TV Show,,7.3/10,2,"[{'name': 'Patrick Tuffy Bakaitis', 'description': 'actor'}]"
Black Ghost,5/28/2018,"Crime, Thriller",Free Services,Australia,Movie,,4.4/10,,"[{'name': 'Kathryn Goddard', 'description': 'director'}, {'name': 'Sean Schliwa', 'description': 'actor'}, {'name': 'Tammie West', 'description': 'actor'}, {'name': 'Tristan Balz', 'description': 'actor'}, {'name': 'Ron Arthurs', 'description': 'actor'}, {'name': 'Anthony Ciccotosto', 'description': 'actor'}, {'name': 'Sean Schliwa', 'description': 'author'}]"
Christmas Crash,1/1/2009,"Action & Adventure, Drama","Free Services, Prime Video",Canada,Movie,,4.8/10,,"[{'name': 'Terry Ingram', 'description': 'director'}, {'name': 'Michael Madsen', 'description': 'actor'}, {'name': 'Alexandra Paul', 'description': 'actor'}, {'name': 'Elyse Levesque', 'description': 'actor'}, {'name': 'Melanie Papalia', 'description': 'actor'}, {'name': 'Winston Rekert', 'description': 'actor'}, {'name': 'Ron Lea', 'description': 'actor'}, {'name': 'Brendan Penny', 'description': 'actor'}, {'name': 'Forbes Angus', 'description': 'actor'}, {'name': 'Chris Shields', 'description': 'actor'}, {'name': 'Wesley Salter', 'description': 'actor'}, {'name': 'Jack Nasser', 'description': 'actor'}, {'name': 'Jack Nasser', 'description': 'author'}, {'name': 'Joseph Nasser', 'description': 'author'}, {'name': 'Luis Cruz', 'description': 'author'}]"
Alien Chronicles,4/1/2020,Documentary,"Free Services, Prime Video",,TV Show,,,1,[]
The Azusa Street Project,,,"Free Services, Prime Video",,Movie,,4.2/10,,[]
HYDRA,5/24/2019,"Action & Adventure, Crime",Prime Video ,Japan,Movie,,5.8/10,,"[{'name': 'Kensuke Sonomura', 'description': 'director'}, {'name': 'Masanori Mimoto', 'description': 'actor'}, {'name': 'MIU', 'description': 'actor'}, {'name': 'Tasuku Nagase', 'description': 'actor'}, {'name': 'Takaya Aoyagi', 'description': 'actor'}, {'name': 'Takashi Nishina', 'description': 'actor'}, {'name': 'Tsutomu Uchigasaki', 'description': 'actor'}, {'name': 'Jiro Kaneko', 'description': 'author'}]"
First Signal,4/26/2021,"Drama, History","Free Services, Prime Video",America,Movie,,6.2/10,,"[{'name': 'Mark Lund', 'description': 'director'}, {'name': 'Paul Noonan', 'description': 'actor'}, {'name': 'Conor Timmis', 'description': 'actor'}, {'name': 'Wendy Hartman', 'description': 'actor'}, {'name': 'Patience McStravick', 'description': 'actor'}, {'name': 'Stephanie Eaton', 'description': 'actor'}, {'name': 'Mark Lund', 'description': 'author'}]"
Star Wars Galaxy of Creatures,10/14/2021,,Hulu,,TV Show,,6.4/10,1,[]
Lo azul del cielo,1/18/2013,"Drama, Romance",Prime Video ,Colombia,Movie,,6.7/10,,"[{'name': 'Juan Alfredo Uribe', 'description': 'director'}, {'name': 'Aldemar Correa', 'description': 'actor'}, {'name': 'María Gaviria', 'description': 'actor'}, {'name': 'John Álex Toro', 'description': 'actor'}, {'name': 'Noëlle Schonwald', 'description': 'actor'}, {'name': 'Ana María Sánchez', 'description': 'actor'}, {'name': 'Ruth Gabriel', 'description': 'actor'}, {'name': 'Carlos Arango', 'description': 'actor'}, {'name': 'Andres Felipe Gomez', 'description': 'actor'}, {'name': 'Juliana Quiceno', 'description': 'actor'}, {'name': 'Jaime Correa', 'description': 'actor'}, {'name': 'Hector Gomez', 'description': 'actor'}, {'name': 'Andrés Felipe Torres', 'description': 'actor'}, {'name': 'Mario Wilson Bustamante', 'description': 'actor'}, {'name': 'Julián Bustamante', 'description': 'actor'}, {'name': 'Henry Rincón', 'description': 'actor'}, {'name': 'Simón Rivera', 'description': 'actor'}, {'name': 'Iti Fernández', 'description': 'actor'}, {'name': 'Juan Alfredo Uribe', 'description': 'actor'}, {'name': 'Juan Alfredo Uribe', 'description': 'author'}]"
Lady of the Damned Forest,11/17/2017,"Action & Adventure, Fantasy","Free Services, Prime Video",Spain,Movie,,5.4/10,,"[{'name': 'George Karja', 'description': 'director'}, {'name': 'Bea Urzaiz', 'description': 'actor'}, {'name': 'Daniela M. Xandru', 'description': 'actor'}, {'name': 'George Karja', 'description': 'actor'}, {'name': 'José Fopiani', 'description': 'actor'}, {'name': 'Gisela Carrera', 'description': 'actor'}, {'name': 'Rubén del Álamo Gómez', 'description': 'actor'}, {'name': 'George Karja', 'description': 'author'}]"
Angeli - Una Storia D'Amore,10/8/2014,Mystery,"Free Services, Prime Video",Italy,Movie,,5.4/10,,"[{'name': 'Stefano Reali', 'description': 'director'}, {'name': 'Marco Bonini', 'description': 'actor'}, {'name': 'Raoul Bova', 'description': 'actor'}, {'name': 'Vanessa Incontrada', 'description': 'actor'}, {'name': 'Alberto Amoretti', 'description': 'author'}, {'name': 'Stefano Reali', 'description': 'author'}]"
Inside Game,11/1/2019,"Crime, Drama","Free Services, Prime Video",America,Movie,18+ (R),5.7/10,,"[{'name': 'Randall Batinkoff', 'description': 'director'}, {'name': 'Lindsey Morgan', 'description': 'actor'}, {'name': ""Michael O'Keefe"", 'description': 'actor'}, {'name': 'Scott Wolf', 'description': 'actor'}, {'name': 'Will Sasso', 'description': 'actor'}, {'name': 'Berto Colon', 'description': 'actor'}, {'name': 'Michael Iacono', 'description': 'actor'}, {'name': 'Reggie Lee', 'description': 'actor'}, {'name': 'Randall Batinkoff', 'description': 'actor'}, {'name': 'Andy Callahan', 'description': 'author'}]"
The Final Project,2/12/2016,"Horror, Mystery","Free Services, Prime Video",America,Movie,,2.9/10,,"[{'name': ""Taylor Ri'chard"", 'description': 'director'}, {'name': 'Benjie Anderson', 'description': 'actor'}, {'name': 'Amber Erwin', 'description': 'actor'}, {'name': 'Tiffany Ford', 'description': 'actor'}, {'name': 'Teal Haddock', 'description': 'actor'}, {'name': 'Arin Jones', 'description': 'actor'}, {'name': 'Robert McCarley', 'description': 'actor'}, {'name': 'Evan McLean', 'description': 'actor'}, {'name': 'Charles Orr', 'description': 'actor'}, {'name': 'Leonardo Santaiti', 'description': 'actor'}, {'name': 'Sergio Suave', 'description': 'actor'}, {'name': 'Jejuan Walker', 'description': 'actor'}, {'name': 'Susan Woodard', 'description': 'actor'}, {'name': ""Taylor Ri'chard"", 'description': 'author'}, {'name': 'Zachary Davis', 'description': 'author'}]"
Fishbowl,8/13/2021,Drama,"Free Services, Prime Video",,Movie,,7.6/10,,"[{'name': 'Jacqueline Chan', 'description': 'director'}]"
Bite the Bullet,9/26/1975,Action & Adventure,"Free Services, Prime Video",America,Movie,7+ (PG),6.6/10,,"[{'name': 'Richard Brooks', 'description': 'director'}, {'name': 'Gene Hackman', 'description': 'actor'}, {'name': 'Candice Bergen', 'description': 'actor'}, {'name': 'James Coburn', 'description': 'actor'}, {'name': 'Ben Johnson', 'description': 'actor'}, {'name': 'Ian Bannen', 'description': 'actor'}, {'name': 'Jan-Michael Vincent', 'description': 'actor'}, {'name': 'Dabney Coleman', 'description': 'actor'}, {'name': 'Sally Kirkland', 'description': 'actor'}, {'name': 'Buddy Van Horn', 'description': 'actor'}, {'name': 'Jean Willes', 'description': 'actor'}, {'name': 'Mario Arteaga', 'description': 'actor'}, {'name': 'Robert Donner', 'description': 'actor'}, {'name': 'Lucia Canales', 'description': 'actor'}, {'name': 'John McLiam', 'description': 'actor'}, {'name': 'Robert F. Hoy', 'description': 'actor'}, {'name': 'Jerry Gatlin', 'description': 'actor'}, {'name': 'Walter Scott', 'description': 'actor'}, {'name': 'William H. Burton Jr.', 'description': 'actor'}, {'name': 'Joe Brooks', 'description': 'actor'}, {'name': 'Darwin Lamb', 'description': 'actor'}, {'name': 'Paul Stewart', 'description': 'actor'}, {'name': 'Richard Brooks', 'description': 'actor'}, {'name': 'Richard Brooks', 'description': 'author'}]"
Timeless Love,12/26/2019,"Drama, Romance","Free Services, Prime Video",America,Movie,All (G),6.9/10,,"[{'name': 'Brian Brough', 'description': 'director'}, {'name': 'Rachel Skarsten', 'description': 'actor'}, {'name': 'Brant Daugherty', 'description': 'actor'}, {'name': 'Jill Adler', 'description': 'actor'}, {'name': 'Liz Christensen', 'description': 'actor'}, {'name': 'Scott Christopher', 'description': 'actor'}, {'name': 'Rick Macy', 'description': 'actor'}, {'name': 'Terence Goodman', 'description': 'actor'}, {'name': 'Brooklyn Brough', 'description': 'actor'}, {'name': 'Carter Brough', 'description': 'actor'}, {'name': 'Maddox Brough', 'description': 'actor'}, {'name': 'Natalie Devine Riskas', 'description': 'actor'}, {'name': 'Cathy Ford', 'description': 'actor'}, {'name': 'K. Danor Gerald', 'description': 'actor'}, {'name': 'Mary Hall', 'description': 'actor'}, {'name': 'Kristen Marie Jensen', 'description': 'actor'}, {'name': 'Mary Neville', 'description': 'actor'}, {'name': 'Sela Vave', 'description': 'actor'}, {'name': 'Brittany Wiscombe', 'description': 'actor'}, {'name': 'Cole Wiscombe', 'description': 'actor'}, {'name': 'Zoey Wiscombe', 'description': 'actor'}, {'name': 'Yolanda Wood', 'description': 'actor'}, {'name': 'Brittany Wiscombe', 'description': 'author'}]"
The Assassin,12/22/1967,"Drama, Action & Adventure",Prime Video ,Hong Kong,Movie,13+ (PG-13),6.6/10,,"[{'name': 'Chang Cheh', 'description': 'director'}, {'name': 'Jimmy Wang Yu', 'description': 'actor'}, {'name': 'Lisa Chiao Chiao', 'description': 'actor'}, {'name': 'Li Hsiang-Chun', 'description': 'actor'}, {'name': 'Tien Feng', 'description': 'actor'}, {'name': 'Wong Chung-Shun', 'description': 'actor'}, {'name': 'Cliff Lok', 'description': 'actor'}, {'name': 'Lam Jing', 'description': 'actor'}, {'name': 'Fang Mian', 'description': 'actor'}, {'name': 'Cheung Pooi-Saan', 'description': 'actor'}, {'name': 'Wang Kuang-Yu', 'description': 'actor'}, {'name': 'Ma Ying', 'description': 'actor'}, {'name': 'Chiu Sam-Yin', 'description': 'actor'}, {'name': 'Cheng Lui', 'description': 'actor'}, {'name': 'Runme Shaw', 'description': 'actor'}, {'name': 'Chang Cheh', 'description': 'author'}]"
Yummy Mummy,1/1/2005,Documentary,"Free Services, Prime Video",,TV Show,,,1,[]
Seeing the Beginning of Time,6/14/2017,Documentary,"Prime Video, Prime Video",,Movie,,7.3/10,,[]
All You Need Is Love: The Story of Popular Music,2/12/1977,Documentary,Prime Video ,,TV Show,,7.7/10,1,[]
Asia,4/1/2021,Drama,"Free Services, Prime Video",Israel,Movie,,6.7/10,,"[{'name': 'Ruthy Pribar', 'description': 'director'}, {'name': 'Alena Yiv', 'description': 'actor'}, {'name': 'Shira Haas', 'description': 'actor'}, {'name': 'Tamir Mula', 'description': 'actor'}, {'name': 'Gera Sandler', 'description': 'actor'}, {'name': 'Eden Halili', 'description': 'actor'}, {'name': 'Or Barak', 'description': 'actor'}, {'name': 'Aurit Zamir', 'description': 'actor'}, {'name': 'Yoav Roeh', 'description': 'actor'}, {'name': 'Ruthy Pribar', 'description': 'author'}, {'name': 'Karni Postel', 'description': 'actor'}]"
Hidden Moon,11/23/2012,"Drama, Romance","Free Services, Prime Video",Mexico,Movie,7+ (PG),5.4/10,,"[{'name': 'Pepe Bojórquez', 'description': 'director'}, {'name': 'Wes Bentley', 'description': 'actor'}, {'name': 'Ana Serradilla', 'description': 'actor'}, {'name': 'Osvaldo de León', 'description': 'actor'}, {'name': 'Johnathon Schaech', 'description': 'actor'}, {'name': 'Linda Gray', 'description': 'actor'}, {'name': 'Héctor Jiménez', 'description': 'actor'}, {'name': 'Alejandra Ambrosi', 'description': 'actor'}, {'name': 'Angélica María', 'description': 'actor'}, {'name': 'Emily Baldoni', 'description': 'actor'}, {'name': 'Chandra West', 'description': 'actor'}, {'name': 'Jackson Hurst', 'description': 'actor'}, {'name': 'Riley Voelkel', 'description': 'actor'}, {'name': 'Tina Romero', 'description': 'actor'}, {'name': 'Mar Carrera', 'description': 'actor'}, {'name': 'Adriana Louvier', 'description': 'actor'}, {'name': 'David Howard', 'description': 'author'}, {'name': 'Pepe Bojórquez', 'description': 'author'}]"
The Lost Coast,1/1/2008,"Drama, LGBTQ",Free Services,America,Movie,,4.8/10,,"[{'name': 'Gabriel Fleming', 'description': 'director'}, {'name': 'Ian Scott McGregor', 'description': 'actor'}, {'name': 'Lucas Alifano', 'description': 'actor'}, {'name': 'Lindsay Benner', 'description': 'actor'}, {'name': 'Chris Yule', 'description': 'actor'}, {'name': 'Rob Hatzenbeller', 'description': 'actor'}, {'name': 'Bradly Mena', 'description': 'actor'}, {'name': 'Nathan Pratt', 'description': 'actor'}, {'name': 'George Nachtrieb', 'description': 'actor'}, {'name': 'Jon Wolanske', 'description': 'actor'}, {'name': 'Mark Marino', 'description': 'actor'}, {'name': 'Nils Kenaston', 'description': 'actor'}, {'name': 'Sarah Nealis', 'description': 'actor'}, {'name': 'Gabriel Fleming', 'description': 'author'}]"
Last Train Home,6/6/2009,"Drama, Documentary",Fandor,Canada,Movie,,7.6/10,,"[{'name': 'Lixin Fan', 'description': 'director'}, {'name': 'Changhua Zhang', 'description': 'actor'}, {'name': 'Suqin Chen', 'description': 'actor'}, {'name': 'Qin Zhang', 'description': 'actor'}, {'name': 'Yang Zhang', 'description': 'actor'}, {'name': 'Tingsui Tang', 'description': 'actor'}]"
Black Panthers,12/1/1968,"Comedy, Documentary","HBO MAX, Prime Video",France,Movie,,7.3/10,,"[{'name': 'Agnès Varda', 'description': 'director'}, {'name': 'Huey P. Newton', 'description': 'actor'}, {'name': 'Eldridge Cleaver', 'description': 'actor'}, {'name': 'Bobby Seale', 'description': 'actor'}, {'name': 'Stokely Carmichael', 'description': 'actor'}, {'name': 'Ron Dellums', 'description': 'actor'}, {'name': 'James Forman', 'description': 'actor'}, {'name': 'H. Rap Brown', 'description': 'actor'}, {'name': 'Kathleen Cleaver', 'description': 'actor'}, {'name': 'Agnès Varda', 'description': 'author'}]"
Sound of Metal,11/20/2020,"Musical, Drama","Prime Video, Prime Video",United Kingdom,Movie,18+ (R),7.7/10,,"[{'name': 'Darius Marder', 'description': 'director'}, {'name': 'Riz Ahmed', 'description': 'actor'}, {'name': 'Olivia Cooke', 'description': 'actor'}, {'name': 'Paul Raci', 'description': 'actor'}, {'name': 'Lauren Ridloff', 'description': 'actor'}, {'name': 'Mathieu Amalric', 'description': 'actor'}, {'name': 'Tom Kemp', 'description': 'actor'}, {'name': 'Chris Perfetti', 'description': 'actor'}, {'name': 'Hillary Baack', 'description': 'actor'}, {'name': 'Chelsea Lee', 'description': 'actor'}, {'name': 'Shaheem Sanchez', 'description': 'actor'}, {'name': 'Rena Maliszewski', 'description': 'actor'}, {'name': 'Michael Tow', 'description': 'actor'}, {'name': 'William Xifaras', 'description': 'actor'}, {'name': 'Jamie Ghazarian', 'description': 'actor'}, {'name': 'David Arthur Sousa', 'description': 'actor'}, {'name': 'Bill Thorpe', 'description': 'actor'}, {'name': 'Marisa Defranco', 'description': 'actor'}, {'name': 'Jeremy Lee Stone', 'description': 'actor'}, {'name': 'Alex Kilgore', 'description': 'actor'}, {'name': 'Dani Miller', 'description': 'actor'}, {'name': 'Sean Powell', 'description': 'actor'}, {'name': 'Bert Hamelinck', 'description': 'actor'}, {'name': 'Bill Benz', 'description': 'actor'}]"
Along the Great Divide,6/2/1951,"Romance, Action & Adventure",Prime Video ,America,Movie,,6.8/10,,"[{'name': 'Raoul Walsh', 'description': 'director'}, {'name': 'Kirk Douglas', 'description': 'actor'}, {'name': 'Virginia Mayo', 'description': 'actor'}, {'name': 'John Agar', 'description': 'actor'}, {'name': 'Walter Brennan', 'description': 'actor'}, {'name': 'Ray Teal', 'description': 'actor'}, {'name': 'Hugh Sanders', 'description': 'actor'}, {'name': 'Morris Ankrum', 'description': 'actor'}, {'name': 'James Anderson', 'description': 'actor'}, {'name': 'Charles Meredith', 'description': 'actor'}, {'name': 'Anthony Veiller', 'description': 'actor'}, {'name': 'Lewis Meltzer', 'description': 'author'}, {'name': 'Walter Doniger', 'description': 'author'}]"
Primrose Path,3/22/1940,"Romance, Drama",Prime Video ,America,Movie,,6.9/10,,"[{'name': 'Gregory La Cava', 'description': 'director'}, {'name': 'Ginger Rogers', 'description': 'actor'}, {'name': 'Joel McCrea', 'description': 'actor'}, {'name': 'Marjorie Rambeau', 'description': 'actor'}, {'name': 'Henry Travers', 'description': 'actor'}, {'name': 'Miles Mander', 'description': 'actor'}, {'name': 'Queenie Vassar', 'description': 'actor'}, {'name': 'Joan Carroll', 'description': 'actor'}, {'name': 'Vivienne Osborne', 'description': 'actor'}, {'name': 'Carmen Morales', 'description': 'actor'}, {'name': 'Bobby Barber', 'description': 'actor'}, {'name': 'Louise Beavers', 'description': 'actor'}, {'name': 'Edgar Dearing', 'description': 'actor'}, {'name': 'Jack Gargan', 'description': 'actor'}, {'name': 'Robert Emmett Keane', 'description': 'actor'}, {'name': 'Charles Lane', 'description': 'actor'}, {'name': 'Matt McHugh', 'description': 'actor'}, {'name': 'Ernie Adams', 'description': 'actor'}, {'name': 'Mara Alexander', 'description': 'actor'}, {'name': 'Ray Cooke', 'description': 'actor'}, {'name': 'Herbert Corthell', 'description': 'actor'}, {'name': 'Jacqueline Dalya', 'description': 'actor'}, {'name': 'Gregory La Cava', 'description': 'actor'}, {'name': 'Allan Scott', 'description': 'author'}]"
The Chinese Man,6/25/2011,"Mystery, Thriller","Free Services, Prime Video",Austria,Movie,,10-Jun,,"[{'name': 'Peter Keglevic', 'description': 'director'}, {'name': 'Suzanne von Borsody', 'description': 'actor'}, {'name': 'Michael Nyqvist', 'description': 'actor'}, {'name': 'Claudia Michelsen', 'description': 'actor'}, {'name': 'Jimmy Taenaka', 'description': 'actor'}, {'name': 'Amy Cheng', 'description': 'actor'}, {'name': 'Joachim Bißmeier', 'description': 'actor'}, {'name': 'Roeland Wiesnekker', 'description': 'actor'}, {'name': 'Ee Ping Hin Derrick', 'description': 'actor'}, {'name': 'August Schmölzer', 'description': 'actor'}, {'name': 'Karlheinz Hackl', 'description': 'actor'}, {'name': 'Nicole Beutler', 'description': 'actor'}, {'name': 'Franziska Weisz', 'description': 'actor'}, {'name': 'Martin Loos', 'description': 'actor'}, {'name': 'Peter Benedict', 'description': 'actor'}, {'name': 'Katja Weitzenböck', 'description': 'actor'}, {'name': 'Chou Heng-Yin', 'description': 'actor'}, {'name': 'Peter Gilbert Cotton', 'description': 'actor'}, {'name': 'Nahoko Fort-Nishigami', 'description': 'actor'}, {'name': 'Romana Carén', 'description': 'actor'}, {'name': 'Christoph Moosbrugger', 'description': 'actor'}, {'name': 'Ilse Peternell', 'description': 'actor'}, {'name': 'Boris Ausserer', 'description': 'actor'}, {'name': 'Peter Wirthensohn', 'description': 'actor'}]"
"Scaler, Dark Spirit",6/18/2016,"Horror, Mystery","Free Services, Prime Video",,Movie,18+ (R),3.5/10,,"[{'name': 'Dan T. Hall', 'description': 'director'}, {'name': 'Nathan Bechtold', 'description': 'actor'}, {'name': 'Ran Burns', 'description': 'actor'}, {'name': 'Jessica Froelich', 'description': 'actor'}, {'name': 'Moli Hall', 'description': 'actor'}]"
Tut's Final Secrets,1/26/2020,Documentary,Prime Video ,,TV Show,,10-Aug,1,[]
"Peter Gabriel: New Blood, Live In London",10/24/2011,Musical,"Free Services, Prime Video",United Kingdom,Movie,,8.1/10,,"[{'name': 'Blue Leach', 'description': 'director'}, {'name': 'Peter Gabriel', 'description': 'actor'}]"
A Heart That Forgives,10/31/2016,Drama,"Free Services, Prime Video",America,Movie,7+ (PG),6.6/10,,"[{'name': 'M. Legend Brown', 'description': 'director'}, {'name': 'Mario Mims', 'description': 'actor'}, {'name': 'Nikki Dixon', 'description': 'actor'}, {'name': 'Charles Malik Whitfield', 'description': 'actor'}, {'name': ""Kelly O'Neil Jackson"", 'description': 'actor'}, {'name': 'Carl Anthony Payne II', 'description': 'actor'}, {'name': 'Irma P. Hall', 'description': 'actor'}, {'name': 'Pilar Sanders', 'description': 'actor'}, {'name': 'Kenneisha Thompson', 'description': 'actor'}, {'name': 'Tammy Thomas', 'description': 'actor'}, {'name': 'Lorey Hayes', 'description': 'actor'}, {'name': 'Gail Cronauer', 'description': 'actor'}, {'name': 'Jasmine Shanise', 'description': 'actor'}, {'name': 'Deanne Lauvin', 'description': 'actor'}, {'name': 'Grover Coulson', 'description': 'actor'}, {'name': 'Kerry McCormick', 'description': 'actor'}, {'name': 'Mila McCoy', 'description': 'actor'}, {'name': 'T.K. Henderson', 'description': 'author'}]"
In the Blink of an Eye,3/24/1996,"Biography, Drama","Free Services, Prime Video",,Movie,,5.5/10,,"[{'name': 'Micki Dickoff', 'description': 'director'}, {'name': 'Veronica Hamel', 'description': 'actor'}, {'name': 'Mimi Rogers', 'description': 'actor'}, {'name': 'Carlos Gómez', 'description': 'actor'}, {'name': 'Jeffrey Dean Morgan', 'description': 'actor'}, {'name': 'T.J. Lowther', 'description': 'actor'}]"
China in Ethiopia,,Documentary,Free Services,,Movie,,,,[]
Bearskin: An Urban Fairytale,11/5/1989,,"Free Services, Prime Video",Portugal,Movie,,6.3/10,,"[{'name': 'Ann Guedes', 'description': 'director'}, {'name': 'Eduardo Guedes', 'description': 'director'}, {'name': 'Tom Waits', 'description': 'actor'}, {'name': 'Damon Lowry', 'description': 'actor'}, {'name': 'Charlotte Coleman', 'description': 'actor'}, {'name': 'Júlia Britton', 'description': 'actor'}, {'name': 'Bill Paterson', 'description': 'actor'}, {'name': 'Isabel Ruth', 'description': 'actor'}, {'name': 'Ian Dury', 'description': 'actor'}, {'name': 'Alex Norton', 'description': 'actor'}, {'name': 'Mark Arden', 'description': 'actor'}, {'name': 'Pip Torrens', 'description': 'actor'}, {'name': 'David Gant', 'description': 'actor'}, {'name': 'Karl Collins', 'description': 'actor'}, {'name': 'Arthur Whybrow', 'description': 'actor'}]"
La Grande Bouffe,5/16/1973,"Comedy, Drama",Free Services,France,Movie,18+ (R),7.1/10,,"[{'name': 'Marco Ferreri', 'description': 'director'}, {'name': 'Marcello Mastroianni', 'description': 'actor'}, {'name': 'Ugo Tognazzi', 'description': 'actor'}, {'name': 'Michel Piccoli', 'description': 'actor'}, {'name': 'Philippe Noiret', 'description': 'actor'}, {'name': 'Andréa Ferréol', 'description': 'actor'}, {'name': 'Solange Blondeau', 'description': 'actor'}, {'name': 'Florence Giorgetti', 'description': 'actor'}, {'name': 'Michèle Alexandre', 'description': 'actor'}, {'name': 'Monique Chaumette', 'description': 'actor'}, {'name': 'Henri Piccoli', 'description': 'actor'}, {'name': 'Giuseppe Maffioli', 'description': 'actor'}, {'name': 'Maurice Dorléac', 'description': 'actor'}, {'name': 'Simon Tchao', 'description': 'actor'}, {'name': 'Louis Navarre', 'description': 'actor'}, {'name': 'Bernard Ménez', 'description': 'actor'}, {'name': 'Cordelia Piccoli', 'description': 'actor'}, {'name': 'Jérôme Richard', 'description': 'actor'}, {'name': 'Patricia Milochevitch', 'description': 'actor'}, {'name': 'James Campbell', 'description': 'actor'}, {'name': 'Eva Simonet', 'description': 'actor'}, {'name': 'Gérard Boucaron', 'description': 'actor'}, {'name': 'Vincent Malle', 'description': 'actor'}, {'name': 'Francis Blanche', 'description': 'author'}]"
The Yearling,12/18/1946,"Family, Drama",Prime Video ,America,Movie,All (G),7.2/10,,"[{'name': 'Clarence Brown', 'description': 'director'}, {'name': 'Gregory Peck', 'description': 'actor'}, {'name': 'Jane Wyman', 'description': 'actor'}, {'name': 'Claude Jarman Jr.', 'description': 'actor'}, {'name': 'Chill Wills', 'description': 'actor'}, {'name': 'Clem Bevans', 'description': 'actor'}, {'name': 'Margaret Wycherly', 'description': 'actor'}, {'name': 'Henry Travers', 'description': 'actor'}, {'name': 'Forrest Tucker', 'description': 'actor'}, {'name': 'Donn Gift', 'description': 'actor'}, {'name': 'June Lockhart', 'description': 'actor'}, {'name': 'Joan Wells', 'description': 'actor'}, {'name': 'Jeff York', 'description': 'actor'}, {'name': 'Sidney Franklin', 'description': 'actor'}, {'name': 'Marjorie Kinnan Rawlings', 'description': 'author'}, {'name': 'Paul Osborn', 'description': 'author'}, {'name': 'Herbert Stothart', 'description': 'actor'}]"
In Bright Axiom,6/7/2019,"Documentary, Fantasy","Free Services, Prime Video",,Movie,,5.9/10,,"[{'name': 'Spencer McCall', 'description': 'director'}, {'name': 'Geordie Aitken', 'description': 'actor'}, {'name': 'Tracy Pfau', 'description': 'actor'}, {'name': 'Anna Seregina', 'description': 'actor'}, {'name': 'Haley Who', 'description': 'actor'}]"
Undead Apocalypse,7/1/2012,"Drama, Horror","Free Services, Prime Video",America,Movie,,5.8/10,,"[{'name': 'Daniel Nunez', 'description': 'director'}, {'name': 'Lazaro Nunez', 'description': 'director'}, {'name': 'Christopher Diaz', 'description': 'actor'}, {'name': 'Joe Coffey', 'description': 'actor'}, {'name': 'Sophia Koshmer', 'description': 'actor'}, {'name': 'Kaleigh Baugh', 'description': 'actor'}, {'name': 'Daniel Nunez', 'description': 'author'}, {'name': 'Lazaro Nunez', 'description': 'author'}]"
Wild Grinders,4/27/2012,Animation,Prime Video ,,TV Show,7+ (TV-PG),10-Feb,4,"[{'name': 'Rob Dyrdek', 'description': 'actor'}]"
Dead Body,10/17/2017,"Horror, Mystery","Free Services, Prime Video",,Movie,,4.7/10,,"[{'name': 'Bobbin Ramsey', 'description': 'director'}, {'name': 'Cooper Hopkins', 'description': 'actor'}, {'name': 'Leah Pfenning', 'description': 'actor'}, {'name': 'Rachel Brun', 'description': 'actor'}, {'name': 'Miho Aizawa', 'description': 'actor'}, {'name': 'Ian Bell', 'description': 'actor'}, {'name': 'Ramon Isao', 'description': 'actor'}, {'name': 'Ian Bell', 'description': 'author'}, {'name': 'Ramon Isao', 'description': 'author'}]"
Ragada,12/23/2010,"Drama, Comedy",Prime Video ,India,Movie,All (G),10-Jun,,"[{'name': 'Veeru Potla', 'description': 'director'}, {'name': 'Nagarjuna Akkineni', 'description': 'actor'}, {'name': 'Anushka Shetty', 'description': 'actor'}, {'name': 'Priyamani', 'description': 'actor'}, {'name': 'Dev Gill', 'description': 'actor'}, {'name': 'Pradeep Ram Singh Rawat', 'description': 'actor'}, {'name': 'Kota Srinivasa Rao', 'description': 'actor'}, {'name': 'Brahmanandam', 'description': 'actor'}, {'name': 'Tanikella Bharani', 'description': 'actor'}, {'name': 'Raghu Babu', 'description': 'actor'}, {'name': 'Master Bharath', 'description': 'actor'}, {'name': 'Charmy Kaur', 'description': 'actor'}, {'name': 'Bharath Reddy', 'description': 'actor'}]"
The Back-up Bride,3/24/2011,"Drama, Comedy","Free Services, Prime Video",America,Movie,,3.9/10,,"[{'name': 'Ana Zins', 'description': 'director'}, {'name': 'Daniel Bonjour', 'description': 'actor'}, {'name': 'Leena Huff', 'description': 'actor'}, {'name': 'Jesse Johnson', 'description': 'actor'}, {'name': 'Jen Lilley', 'description': 'actor'}, {'name': 'Ana Zins', 'description': 'author'}, {'name': 'Sheryl Umayam', 'description': 'author'}]"
Like Air,11/17/2015,"Drama, Family","Free Services, Prime Video",America,Movie,,6.8/10,,"[{'name': 'Jake Viramontez', 'description': 'director'}, {'name': 'Kathryn McCormick', 'description': 'actor'}, {'name': 'Jacob Patrick', 'description': 'actor'}, {'name': 'Jacob Patrick', 'description': 'author'}, {'name': 'Jake Viramontez', 'description': 'author'}]"
Flor de la Mar,4/14/2015,"Documentary, History",Prime Video ,,Movie,,8.2/10,,"[{'name': 'Jorge Thielen Armand', 'description': 'director'}]"
Moz and I,1/3/2020,Documentary,Prime Video ,,Movie,,7.9/10,,[]
Nobody Walks,10/19/2012,"Thriller, Drama","Hoopla, Prime Video",America,Movie,18+ (R),5.3/10,,"[{'name': 'Ry Russo-Young', 'description': 'director'}, {'name': 'Dylan McDermott', 'description': 'actor'}, {'name': 'Jane Levy', 'description': 'actor'}, {'name': 'Rhys Wakefield', 'description': 'actor'}, {'name': 'John Krasinski', 'description': 'actor'}, {'name': 'Olivia Thirlby', 'description': 'actor'}, {'name': 'Rosemarie DeWitt', 'description': 'actor'}, {'name': 'Emma Dumont', 'description': 'actor'}, {'name': 'Sam Lerner', 'description': 'actor'}, {'name': 'India Ennenga', 'description': 'actor'}, {'name': 'Blaise Godbe Lipman', 'description': 'actor'}, {'name': 'Emanuele Secci', 'description': 'actor'}, {'name': 'Andrea Sperling', 'description': 'actor'}, {'name': 'Jonathan Schwartz', 'description': 'actor'}, {'name': 'Audrey Wilf', 'description': 'actor'}, {'name': 'Zygi Wilf', 'description': 'actor'}, {'name': 'Lena Dunham', 'description': 'author'}, {'name': 'Ry Russo-Young', 'description': 'author'}, {'name': 'Will Bates', 'description': 'actor'}]"
Weird Science,3/5/1994,"Fantasy, Comedy",Prime Video ,America,TV Show,7+ (TV-PG),6.8/10,5,"[{'name': 'Michael Manasseri', 'description': 'actor'}, {'name': 'John Asher', 'description': 'actor'}, {'name': 'Lee Tergesen', 'description': 'actor'}, {'name': 'Vanessa Angel', 'description': 'actor'}, {'name': 'Adam Barr', 'description': 'actor'}, {'name': 'John Landis', 'description': 'actor'}, {'name': 'Peter Ocko', 'description': 'actor'}, {'name': 'Robert K. Weiss', 'description': 'actor'}]"
"No Gods, No Masters: A History of Anarchism",4/11/2017,"Documentary, History",Prime Video ,,Movie,,8.5/10,,[]
Kamen Rider Heisei Generations Forever,12/22/2018,"Science-Fiction, Action & Adventure",Free Services,Japan,Movie,7+ (PG),6.8/10,,"[{'name': 'Kyouhei Yamaguchi', 'description': 'director'}, {'name': 'So Okuno', 'description': 'actor'}, {'name': 'Atsuhiro Inukai', 'description': 'actor'}, {'name': 'Gaku Oshida', 'description': 'actor'}, {'name': 'Eiji Akaso', 'description': 'actor'}, {'name': 'Shieri Ohata', 'description': 'actor'}, {'name': 'Kaho Takada', 'description': 'actor'}, {'name': 'Keisuke Watanabe', 'description': 'actor'}, {'name': 'Kouhei Takeda', 'description': 'actor'}, {'name': 'Kensei Mikami', 'description': 'actor'}, {'name': 'Katsuhisa Namase', 'description': 'actor'}, {'name': 'Nayuta Fukuzaki', 'description': 'actor'}, {'name': 'Taiyo Saito', 'description': 'actor'}, {'name': '瀧藤賢一', 'description': 'actor'}, {'name': 'Shunsuke Daitoh', 'description': 'actor'}, {'name': 'Kentaro Ito', 'description': 'actor'}, {'name': 'Hiroaki Nakagawa', 'description': 'actor'}, {'name': 'Rina Takatae', 'description': 'actor'}, {'name': 'Reo Suzuki', 'description': 'actor'}, {'name': 'Souryu Nishi', 'description': 'actor'}, {'name': 'Hiroshi Douki', 'description': 'actor'}, {'name': 'Yuugen Okamoto', 'description': 'actor'}, {'name': 'Keiji Kameyama', 'description': 'actor'}, {'name': 'Naoya Kinoshita', 'description': 'actor'}]"
The Mayo Conspiracy,6/27/2017,Comedy,Prime Video ,,Movie,,,,[]
6 Days Dark,8/26/2014,Horror,"Free Services, Prime Video",Canada,Movie,,3.9/10,,"[{'name': 'Miona Bogovic', 'description': 'director'}, {'name': 'Svetlana D. Petković', 'description': 'actor'}, {'name': 'Lorena Rincon', 'description': 'actor'}, {'name': 'Peter J. Chaffey', 'description': 'actor'}, {'name': 'Ana Maljević', 'description': 'actor'}, {'name': 'Oleg Vidov', 'description': 'actor'}, {'name': 'Lana May', 'description': 'actor'}, {'name': 'Miljana Kravić', 'description': 'actor'}, {'name': 'Sinead Shannon Roche', 'description': 'actor'}, {'name': 'Jasmina Dimitrijević', 'description': 'actor'}, {'name': 'Sandra Janković', 'description': 'actor'}, {'name': 'Jovana Puzavac', 'description': 'actor'}, {'name': 'D. Daniel Vujić', 'description': 'actor'}, {'name': 'James Ordonez', 'description': 'actor'}, {'name': 'Nebojsa Radusinovic', 'description': 'actor'}, {'name': 'Sonia Carroll', 'description': 'actor'}, {'name': 'D. Daniel Vujić', 'description': 'author'}]"
Bearcats!,4/16/1971,Action & Adventure,"Free Services, Prime Video",,Movie,,7.4/10,,[]
Insecure,10/9/2016,"Drama, Comedy","HBO MAX, Prime Video",,TV Show,18+ (TV-MA),10-Aug,5,"[{'name': 'Issa Rae', 'description': 'actor'}, {'name': 'Yvonne Orji', 'description': 'actor'}, {'name': 'Jay Ellis', 'description': 'actor'}, {'name': 'Amanda Seales', 'description': 'actor'}, {'name': 'Lisa Joyce', 'description': 'actor'}, {'name': 'Natasha Rothwell', 'description': 'actor'}, {'name': 'Anna Dokoza', 'description': 'actor'}, {'name': 'Dave Becky', 'description': 'actor'}, {'name': 'Dayna Lynne North', 'description': 'actor'}, {'name': 'Issa Rae', 'description': 'actor'}, {'name': 'Jonathan Berry', 'description': 'actor'}, {'name': 'Melina Matsoukas', 'description': 'actor'}, {'name': 'Michael Rotenberg', 'description': 'actor'}, {'name': 'Prentice Penny', 'description': 'actor'}, {'name': 'Issa Rae', 'description': 'actor'}, {'name': 'Larry Wilmore', 'description': 'actor'}]"
Mark Twain's America,4/22/1960,Documentary,Free Services,,Movie,,,,[]
Christian Kane - Wizard World Comic Con Portland,,,Prime Video ,,Movie,,,,[]
Memphis Belle,9/7/1990,"Action & Adventure, Drama",Prime Video ,Japan,Movie,13+ (PG-13),6.9/10,,"[{'name': 'Michael Caton-Jones', 'description': 'director'}, {'name': 'Matthew Modine', 'description': 'actor'}, {'name': 'Eric Stoltz', 'description': 'actor'}, {'name': 'Tate Donovan', 'description': 'actor'}, {'name': 'D. B. Sweeney', 'description': 'actor'}, {'name': 'Billy Zane', 'description': 'actor'}, {'name': 'Sean Astin', 'description': 'actor'}, {'name': 'Harry Connick Jr.', 'description': 'actor'}, {'name': 'Bradley Lavelle', 'description': 'actor'}, {'name': 'Reed Diamond', 'description': 'actor'}, {'name': 'Courtney Gains', 'description': 'actor'}, {'name': 'Neil Giuntoli', 'description': 'actor'}, {'name': 'David Strathairn', 'description': 'actor'}, {'name': 'John Lithgow', 'description': 'actor'}, {'name': 'Jane Horrocks', 'description': 'actor'}, {'name': 'Steven Mackintosh', 'description': 'actor'}, {'name': 'Martin McDougall', 'description': 'actor'}, {'name': 'Morag Siller', 'description': 'actor'}, {'name': 'Mac McDonald', 'description': 'actor'}, {'name': 'Jodie Brooke Wilson', 'description': 'actor'}, {'name': 'Keith Edwards', 'description': 'actor'}, {'name': 'Catherine Wyler', 'description': 'actor'}, {'name': 'David Puttnam', 'description': 'actor'}, {'name': 'Monte Merrick', 'description': 'author'}]"
Murder at Midnight,9/1/1931,"Mystery, Thriller","Prime Video, Prime Video",America,Movie,,5.4/10,,"[{'name': 'Frank R. Strayer', 'description': 'director'}, {'name': 'Aileen Pringle', 'description': 'actor'}, {'name': 'Alice White', 'description': 'actor'}, {'name': 'Hale Hamilton', 'description': 'actor'}, {'name': 'Robert Elliott', 'description': 'actor'}, {'name': 'Clara Blandick', 'description': 'actor'}, {'name': 'Brandon Hurst', 'description': 'actor'}, {'name': 'Leslie Fenton', 'description': 'actor'}, {'name': 'William Humphrey', 'description': 'actor'}, {'name': 'Phil Goldstone', 'description': 'actor'}, {'name': 'Scott Darling', 'description': 'author'}, {'name': 'Val Burton', 'description': 'actor'}]"
Roobha,12/9/2017,Drama,"Free Services, Prime Video",,Movie,,7.3/10,,"[{'name': 'Lenin M. Sivam', 'description': 'director'}, {'name': 'Amrit Sandhu', 'description': 'actor'}, {'name': 'Antonythasan Jesuthasan', 'description': 'actor'}, {'name': 'Thenuka Kantharajah', 'description': 'actor'}, {'name': 'Dan Bertolini', 'description': 'actor'}, {'name': 'Gwenlyn Cumyn', 'description': 'actor'}, {'name': 'Lenin M. Sivam', 'description': 'author'}]"
Slasher.com,1/16/2017,"Horror, Thriller","Free Services, Prime Video",America,Movie,18+ (R),3.3/10,,"[{'name': 'Chip Gubera', 'description': 'director'}, {'name': 'Jewel Shepard', 'description': 'actor'}, {'name': 'R.A. Mihailoff', 'description': 'actor'}, {'name': 'Ben Kaplan', 'description': 'actor'}, {'name': 'Adam Boster', 'description': 'actor'}, {'name': 'Morgan Carter', 'description': 'actor'}, {'name': 'Delious', 'description': 'actor'}, {'name': 'Rebecca Crowley', 'description': 'actor'}, {'name': 'Greg Allers', 'description': 'actor'}, {'name': 'Jace Boster', 'description': 'actor'}, {'name': 'Sarah Kaplan', 'description': 'actor'}, {'name': 'Brittany Vecchio', 'description': 'actor'}, {'name': 'Jessica Waller', 'description': 'actor'}, {'name': 'Chelsea Andes', 'description': 'author'}]"
Vampires,4/17/2010,"Fantasy, Horror",Free Services,Belgium,Movie,,6.3/10,,"[{'name': 'Vincent Lannoo', 'description': 'director'}, {'name': 'Carlo Ferrante', 'description': 'actor'}, {'name': 'Vera Van Dooren', 'description': 'actor'}, {'name': 'Pierre Lognay', 'description': 'actor'}, {'name': 'Fleur Lise Heuet', 'description': 'actor'}, {'name': 'Bénédicte Bantuelle', 'description': 'actor'}, {'name': 'Baptiste Sornin', 'description': 'actor'}, {'name': 'Selma Alaoui', 'description': 'actor'}, {'name': 'Arnaud Maillard', 'description': 'actor'}, {'name': 'Paul Ahmarani', 'description': 'actor'}, {'name': 'Julien Doré', 'description': 'actor'}, {'name': 'Alexandra Kamp', 'description': 'actor'}, {'name': 'Thomas Coumans', 'description': 'actor'}, {'name': 'Vincent Lannoo', 'description': 'actor'}, {'name': 'Florette Fichefet', 'description': 'actor'}, {'name': 'Olivier Masset-Depasse', 'description': 'actor'}, {'name': 'Paul Absil', 'description': 'actor'}, {'name': 'Ian Lauzon', 'description': 'actor'}, {'name': 'Catherine Cédilot', 'description': 'actor'}, {'name': 'Eliott Ventadour', 'description': 'actor'}, {'name': 'Chloé Périlleux', 'description': 'actor'}, {'name': 'Karim Barras', 'description': 'actor'}, {'name': 'John Engel', 'description': 'actor'}, {'name': 'Frédérique Broos', 'description': 'author'}]"
Hero of Babylon,8/22/1963,Action & Adventure,Prime Video ,France,Movie,,10-May,,"[{'name': 'Siro Marcellini', 'description': 'director'}, {'name': 'Gordon Scott', 'description': 'actor'}, {'name': 'Geneviève Grad', 'description': 'actor'}, {'name': 'Andrea Scotti', 'description': 'actor'}, {'name': 'Célina Cély', 'description': 'actor'}, {'name': 'Moira Orfei', 'description': 'actor'}]"
The Devil's Well,1/23/2018,"Mystery, Thriller","Free Services, Prime Video",America,Movie,,3.7/10,,"[{'name': 'Kurtis Spieler', 'description': 'director'}, {'name': 'Bryan Manley Davis', 'description': 'actor'}, {'name': 'Chris Viemeister', 'description': 'actor'}, {'name': 'Kristen Seavey', 'description': 'actor'}, {'name': 'Lauren Sowa', 'description': 'actor'}, {'name': 'Kurtis Spieler', 'description': 'actor'}, {'name': 'Anne-Marie Mueschke', 'description': 'actor'}, {'name': 'Kurtis Spieler', 'description': 'author'}]"
The Change-Up,8/5/2011,"Fantasy, Comedy","Free Services, Prime Video",America,Movie,18+ (R),6.3/10,,"[{'name': 'David Dobkin', 'description': 'director'}, {'name': 'Jason Bateman', 'description': 'actor'}, {'name': 'Ryan Reynolds', 'description': 'actor'}, {'name': 'Leslie Mann', 'description': 'actor'}, {'name': 'Olivia Wilde', 'description': 'actor'}, {'name': 'Alan Arkin', 'description': 'actor'}, {'name': 'Gregory Itzin', 'description': 'actor'}, {'name': 'Mircea Monroe', 'description': 'actor'}, {'name': 'Sydney Rouviere', 'description': 'actor'}, {'name': 'Matthew Cornwell', 'description': 'actor'}, {'name': 'Craig Bierko', 'description': 'actor'}, {'name': 'TJ Hassan', 'description': 'actor'}, {'name': 'Ned Schmidtke', 'description': 'actor'}, {'name': 'Ming Lo', 'description': 'actor'}, {'name': 'Dax Griffin', 'description': 'actor'}, {'name': 'Andrea Moore', 'description': 'actor'}, {'name': ""Taaffe O'Connell"", 'description': 'actor'}, {'name': 'Bailey Anne Borders', 'description': 'actor'}, {'name': 'Clay Chamberlin', 'description': 'actor'}, {'name': 'Jeanine Jackson', 'description': 'actor'}, {'name': 'Fred Stoller', 'description': 'actor'}, {'name': 'Jamie Renell', 'description': 'actor'}, {'name': 'David Dobkin', 'description': 'actor'}, {'name': 'Neal H. Moritz', 'description': 'actor'}]"
Rush,12/22/1991,"Crime, Drama",HBO MAX,America,Movie,18+ (R),6.7/10,,"[{'name': 'Lili Fini Zanuck', 'description': 'director'}, {'name': 'Jason Patric', 'description': 'actor'}, {'name': 'Jennifer Jason Leigh', 'description': 'actor'}, {'name': 'Sam Elliott', 'description': 'actor'}, {'name': 'Max Perlich', 'description': 'actor'}, {'name': 'Gregg Allman', 'description': 'actor'}, {'name': 'William Sadler', 'description': 'actor'}, {'name': 'Tony Frank', 'description': 'actor'}, {'name': 'Special K. McCray', 'description': 'actor'}, {'name': 'Dennis Letts', 'description': 'actor'}, {'name': 'Dennis Burkley', 'description': 'actor'}, {'name': 'Glenn Wilson', 'description': 'actor'}, {'name': 'Jimmy Ray Pickens', 'description': 'actor'}, {'name': 'Barbara Lasater', 'description': 'actor'}, {'name': 'Toni Pilgreen', 'description': 'actor'}, {'name': 'Merrill Connally', 'description': 'actor'}, {'name': 'Richard D. Zanuck', 'description': 'actor'}, {'name': 'Peter Dexter', 'description': 'author'}, {'name': 'Eric Clapton', 'description': 'actor'}]"
Billal,10/9/1996,Documentary,Kanopy,,Movie,,10-Aug,,"[{'name': 'Tom Zubrycki', 'description': 'director'}]"
It's Christmas Dr. Joe,12/18/2004,"Animation, Family","Free Services, Prime Video",,Movie,,,,[]
Free CeCe,6/3/2016,"Documentary, LGBTQ",Prime Video ,America,Movie,,6.8/10,,"[{'name': 'Jacqueline Gares', 'description': 'director'}, {'name': 'Laverne Cox', 'description': 'actor'}, {'name': 'CeCe McDonald', 'description': 'actor'}]"
Penny Black,10/30/2015,"Action & Adventure, Comedy","Free Services, Prime Video",,Movie,,10-Jun,,"[{'name': 'Joe Hitchcock', 'description': 'director'}]"
Life of Significant Soil,6/5/2016,"Drama, Comedy","Free Services, Prime Video",,Movie,,6.1/10,,"[{'name': 'Michael Irish', 'description': 'director'}]"
Bluegrass Journey,7/9/2004,Documentary,Prime Video ,,Movie,,7.6/10,,"[{'name': 'Rob Schumer', 'description': 'director'}, {'name': 'Ruth Oxenberg', 'description': 'director'}, {'name': ""Tim O'Brien"", 'description': 'actor'}, {'name': 'Jerry Douglas', 'description': 'actor'}, {'name': 'Peter Rowan', 'description': 'actor'}, {'name': 'Tony Rice', 'description': 'actor'}, {'name': 'Rhonda Vincent', 'description': 'actor'}, {'name': 'Chris Thile', 'description': 'actor'}, {'name': 'Nickel Creek', 'description': 'actor'}, {'name': 'Rob Schumer', 'description': 'actor'}, {'name': 'Ruth Oxenberg', 'description': 'actor'}, {'name': 'Gill Holland', 'description': 'actor'}]"
Body Languages: The Sculptures of Brian Booth Craig,7/28/2020,Documentary,Prime Video ,,Movie,,,,[]
Wired Shut,8/30/2021,"Horror, Thriller","Free Services, Prime Video",Canada,Movie,,5.9/10,,"[{'name': 'Alexander Sharp', 'description': 'director'}, {'name': 'Blake Stadel', 'description': 'actor'}, {'name': 'Natalie Sharp', 'description': 'actor'}, {'name': 'Behtash Fazlali', 'description': 'actor'}, {'name': 'Alexander Sharp', 'description': 'actor'}, {'name': 'Peter Malone Elliott', 'description': 'actor'}, {'name': 'Ann Lewis', 'description': 'actor'}, {'name': 'Catherine Thompson', 'description': 'actor'}, {'name': 'Heidi Groot', 'description': 'actor'}, {'name': 'L.M. Elliott', 'description': 'actor'}, {'name': 'Natalie Sharp', 'description': 'actor'}, {'name': 'Scott Manderson', 'description': 'actor'}, {'name': 'Teresa Sharp', 'description': 'actor'}, {'name': 'Zach Book', 'description': 'actor'}, {'name': 'Peter Malone Elliott', 'description': 'author'}]"
Station West,9/1/1948,"Action & Adventure, Mystery",Prime Video ,America,Movie,,6.6/10,,"[{'name': 'Sidney Lanfield', 'description': 'director'}, {'name': 'Dick Powell', 'description': 'actor'}, {'name': 'Jane Greer', 'description': 'actor'}, {'name': 'Agnes Moorehead', 'description': 'actor'}, {'name': 'Burl Ives', 'description': 'actor'}, {'name': 'Tom Powers', 'description': 'actor'}, {'name': 'Gordon Oliver', 'description': 'actor'}, {'name': 'Steve Brodie', 'description': 'actor'}, {'name': 'Guinn Williams', 'description': 'actor'}, {'name': 'Raymond Burr', 'description': 'actor'}, {'name': 'Regis Toomey', 'description': 'actor'}, {'name': 'Michael Steele', 'description': 'actor'}, {'name': 'Olin Howland', 'description': 'actor'}, {'name': 'John Berkes', 'description': 'actor'}, {'name': 'Dan White', 'description': 'actor'}, {'name': 'John Kellogg', 'description': 'actor'}, {'name': 'Charles Middleton', 'description': 'actor'}, {'name': 'John Doucette', 'description': 'actor'}, {'name': 'Suzi Crandall', 'description': 'actor'}, {'name': 'Robert Sparks', 'description': 'actor'}, {'name': 'Dore Schary', 'description': 'actor'}, {'name': 'Frank Fenton', 'description': 'author'}, {'name': 'Luke Short', 'description': 'author'}, {'name': 'Winston Miller', 'description': 'author'}]"
Capital Letters,7/9/2004,"Drama, Crime","Free Services, Prime Video",,Movie,,6.1/10,,"[{'name': 'Ruth Negga', 'description': 'actor'}]"
The Killer Shrews,7/25/1992,"Comedy, Science-Fiction","Free Services, Prime Video",,Movie,16+,7.8/10,,[]
Deadly Shaolin Longfist,6/6/1982,"Drama, Action & Adventure","Free Services, Prime Video",,Movie,,5.9/10,,"[{'name': 'Kim Jeong-Yong', 'description': 'director'}, {'name': 'Elton Chong', 'description': 'actor'}, {'name': 'Bruce Jang Il-Sik', 'description': 'actor'}, {'name': 'Mike Wong Lung', 'description': 'actor'}, {'name': 'Natassia Jin Nu-Ri', 'description': 'actor'}, {'name': 'Bi Wun', 'description': 'actor'}, {'name': 'Kim Ha-Rim', 'description': 'actor'}, {'name': 'Choe Myeong-hui', 'description': 'actor'}, {'name': 'Kook Jong-Hwan', 'description': 'actor'}, {'name': 'Jang Cheol', 'description': 'actor'}, {'name': 'Kim Wuk', 'description': 'actor'}, {'name': 'Tomas Tang Kaak-Yan', 'description': 'actor'}]"
Special Delivery: The Package,1/1/2020,Drama,Prime Video ,,Movie,,,,[]
The Legend of Tomiris,10/1/2019,"Drama, Action & Adventure","Free Services, Prime Video",Kazakhstan,Movie,16+,10-Jun,,"[{'name': 'Akan Satayev', 'description': 'director'}, {'name': 'Almira Tursyn', 'description': 'actor'}, {'name': 'Erkebulan Dairov', 'description': 'actor'}, {'name': 'Adil Akhmetov', 'description': 'actor'}, {'name': 'Aizhan Lighg', 'description': 'actor'}, {'name': 'Azamat Satybaldy', 'description': 'actor'}, {'name': 'Ghassan Massoud', 'description': 'actor'}, {'name': 'Ilez Badurgov', 'description': 'actor'}, {'name': 'Sain Ferhad', 'description': 'actor'}, {'name': 'Berik Aytzhanov', 'description': 'actor'}, {'name': 'Yerden Telemisov', 'description': 'actor'}, {'name': 'Zarina Yeva', 'description': 'actor'}, {'name': 'Aliya Nazarbayeva', 'description': 'actor'}, {'name': 'Aliya Nazarbayeva', 'description': 'author'}, {'name': 'Timur Zhaksylykov', 'description': 'author'}, {'name': 'Alim Zairov', 'description': 'actor'}, {'name': 'Renat Gaisin', 'description': 'actor'}]"
Sons of Perdition,4/24/2010,"Thriller, Documentary","Free Services, Prime Video",America,Movie,18+ (R),10-Jul,,"[{'name': 'Jennilyn Merten', 'description': 'director'}, {'name': 'Tyler Measom', 'description': 'director'}, {'name': 'Jennilyn Merten', 'description': 'actor'}, {'name': 'Julie Goldman', 'description': 'actor'}, {'name': 'Tyler Measom', 'description': 'actor'}, {'name': 'Abigail Disney', 'description': 'actor'}, {'name': 'Caroline Stevens', 'description': 'actor'}, {'name': 'Diana Barrett', 'description': 'actor'}, {'name': 'Julie Parker Benello', 'description': 'actor'}, {'name': 'Krysanne Katsoolis', 'description': 'actor'}, {'name': 'Mark Geary', 'description': 'actor'}]"
Straight: A Conversion Comedy,10/1/2002,Comedy,Prime Video ,,Movie,,,,[]
Awake,11/28/2007,"Drama, Thriller","Free Services, Prime Video",America,Movie,18+ (R),6.5/10,,"[{'name': 'Joby Harold', 'description': 'director'}, {'name': 'Hayden Christensen', 'description': 'actor'}, {'name': 'Jessica Alba', 'description': 'actor'}, {'name': 'Terrence Howard', 'description': 'actor'}, {'name': 'Lena Olin', 'description': 'actor'}, {'name': 'Christopher McDonald', 'description': 'actor'}, {'name': 'Sam Robards', 'description': 'actor'}, {'name': 'Arliss Howard', 'description': 'actor'}, {'name': 'Fisher Stevens', 'description': 'actor'}, {'name': 'Georgina Chapman', 'description': 'actor'}, {'name': 'David Harbour', 'description': 'actor'}, {'name': 'Steven Hinkle', 'description': 'actor'}, {'name': ""Denis O'Hare"", 'description': 'actor'}, {'name': 'Charlie Hewson', 'description': 'actor'}, {'name': 'Court Young', 'description': 'actor'}, {'name': 'Poorna Jagannathan', 'description': 'actor'}, {'name': 'Joshua Rollins', 'description': 'actor'}, {'name': 'Lee Wong', 'description': 'actor'}, {'name': 'Kae Shimizu', 'description': 'actor'}, {'name': 'Brenda Schad', 'description': 'actor'}, {'name': 'Ross Klavan', 'description': 'actor'}, {'name': 'Fisher Stevens', 'description': 'actor'}, {'name': 'Jason Kliot', 'description': 'actor'}, {'name': 'Joana Vicente', 'description': 'actor'}]"
The Fourth World War,4/27/2003,Documentary,Fandor,America,Movie,,7.1/10,,"[{'name': 'Rick Rowley', 'description': 'director'}, {'name': 'Jacqueline Soohen', 'description': 'actor'}, {'name': 'Rick Rowley', 'description': 'actor'}]"
The Hunger Games,3/12/2012,"Science-Fiction, Thriller","Epix, Prime Video",America,Movie,13+ (PG-13),7.2/10,,"[{'name': 'Gary Ross', 'description': 'director'}, {'name': 'Jennifer Lawrence', 'description': 'actor'}, {'name': 'Josh Hutcherson', 'description': 'actor'}, {'name': 'Liam Hemsworth', 'description': 'actor'}, {'name': 'Woody Harrelson', 'description': 'actor'}, {'name': 'Elizabeth Banks', 'description': 'actor'}, {'name': 'Lenny Kravitz', 'description': 'actor'}, {'name': 'Stanley Tucci', 'description': 'actor'}, {'name': 'Donald Sutherland', 'description': 'actor'}, {'name': 'Wes Bentley', 'description': 'actor'}, {'name': 'Toby Jones', 'description': 'actor'}, {'name': 'Alexander Ludwig', 'description': 'actor'}, {'name': 'Isabelle Fuhrman', 'description': 'actor'}, {'name': 'Amandla Stenberg', 'description': 'actor'}, {'name': 'Willow Shields', 'description': 'actor'}, {'name': 'Sandra Ellis Lafferty', 'description': 'actor'}, {'name': 'Paula Malcomson', 'description': 'actor'}, {'name': 'Rhoda Griffis', 'description': 'actor'}, {'name': 'Sandino Moya-Smith', 'description': 'actor'}, {'name': 'Raiko Bowman', 'description': 'actor'}, {'name': 'Dwayne Boyd', 'description': 'actor'}, {'name': 'Anthony Reynolds', 'description': 'actor'}, {'name': 'Jon Kilik', 'description': 'actor'}, {'name': 'Nina Jacobson', 'description': 'actor'}]"
Hidden Poland,9/27/2020,Documentary,"Prime Video, Prime Video",,Movie,,,,[]
Promised,10/24/2019,"Drama, Romance","Free Services, Prime Video",,Movie,,5.7/10,,"[{'name': 'Nick Conidi', 'description': 'director'}, {'name': 'Paul Mercurio', 'description': 'actor'}, {'name': 'Antoniette Iesue', 'description': 'actor'}, {'name': 'Daniel Berini', 'description': 'actor'}, {'name': 'Mirko Grillini', 'description': 'actor'}, {'name': 'Tina Arena', 'description': 'actor'}, {'name': 'Sunday Barca Irving', 'description': 'actor'}, {'name': 'Santo Tripodi', 'description': 'actor'}, {'name': 'Luke Christopoulos', 'description': 'actor'}, {'name': 'Nick Carrafa', 'description': 'actor'}, {'name': 'Claire Gazzo', 'description': 'actor'}, {'name': 'Nicole Coombs', 'description': 'actor'}]"
Death of a Pop Star,9/24/2011,Drama,Prime Video ,,Movie,,8.6/10,,[]
Rapid Fire,1/1/1989,Action & Adventure,Prime Video ,America,Movie,18+ (R),4.1/10,,"[{'name': 'David A. Prior', 'description': 'director'}, {'name': 'Joe Spinell', 'description': 'actor'}, {'name': 'Tim Abell', 'description': 'actor'}, {'name': 'Michael Wayne', 'description': 'actor'}, {'name': 'Dawn Tanner', 'description': 'actor'}, {'name': 'Del Zamora', 'description': 'actor'}, {'name': 'Douglas Harter', 'description': 'actor'}, {'name': 'Marie Sokol', 'description': 'actor'}, {'name': 'David A. Prior', 'description': 'actor'}, {'name': 'David Marriott', 'description': 'actor'}, {'name': 'David Winters', 'description': 'actor'}, {'name': 'David A. Prior', 'description': 'author'}, {'name': 'William Zipp', 'description': 'author'}]"
Mad Dogs,12/5/2002,"Drama, Mystery",Free Services,United Kingdom,Movie,,5.2/10,,"[{'name': 'Ahmed Alauddin Jamal', 'description': 'director'}]"
Tharlo,9/4/2015,Drama,"Hoopla, Prime Video",China,Movie,,6.8/10,,"[{'name': 'Pema Tseden', 'description': 'director'}, {'name': 'Shide Nyima', 'description': 'actor'}, {'name': 'Yangshik Tso', 'description': 'actor'}, {'name': 'Jinpa', 'description': 'actor'}, {'name': 'Tsemdo Thar', 'description': 'actor'}, {'name': 'Xuebo Wang', 'description': 'actor'}, {'name': 'Pema Tseden', 'description': 'author'}]"
Reik Live on Max,11/27/2021,,HBO MAX,,Movie,,,,"[{'name': 'Jesús Navarro', 'description': 'actor'}]"
Craig Ferguson: Tickle Fight,12/5/2017,"Stand-up & Talk, Comedy",Netflix,America,Movie,,6.6/10,,"[{'name': 'Jay Chapman', 'description': 'director'}, {'name': 'Craig Ferguson', 'description': 'actor'}, {'name': 'Craig Ferguson', 'description': 'author'}]"
The Sea Inside,3/4/2005,"Romance, Drama","Hoopla, Prime Video",France,Movie,13+ (PG-13),10-Aug,,"[{'name': 'Alejandro Amenábar', 'description': 'director'}, {'name': 'Javier Bardem', 'description': 'actor'}, {'name': 'Belén Rueda', 'description': 'actor'}, {'name': 'Lola Dueñas', 'description': 'actor'}, {'name': 'Joan Dalmau', 'description': 'actor'}, {'name': 'Josep Maria Pou', 'description': 'actor'}, {'name': 'Mabel Rivera', 'description': 'actor'}, {'name': 'Celso Bugallo', 'description': 'actor'}, {'name': 'Clara Segura', 'description': 'actor'}, {'name': 'Alberto Jiménez', 'description': 'actor'}, {'name': 'Tamar Novas', 'description': 'actor'}, {'name': 'Alberto Amarilla', 'description': 'actor'}, {'name': 'Francesc Garrido', 'description': 'actor'}, {'name': 'Andrea Occhipinti', 'description': 'actor'}, {'name': 'Federico Pérez Rey', 'description': 'actor'}, {'name': 'Nicolás Fernández Luna', 'description': 'actor'}, {'name': 'Xosé Manuel Olveira ', 'description': 'actor'}, {'name': 'César Cambeiro', 'description': 'actor'}, {'name': 'Xosé Manuel Esperante', 'description': 'actor'}, {'name': 'Adolfo Obregón', 'description': 'actor'}, {'name': 'Julio Jordán', 'description': 'actor'}, {'name': 'Marta Larralde', 'description': 'actor'}, {'name': 'Alejandro Amenábar', 'description': 'actor'}, {'name': 'Fernando Bovaira', 'description': 'actor'}]"
RobiHachi,4/8/2019,"Comedy, Animation","Funimation, Prime Video",,TV Show,,5.8/10,1,[]
Summer School,5/1/1978,"Comedy, Action & Adventure","Free Services, Prime Video",America,Movie,18+ (R),4.4/10,,"[{'name': 'Bethel Buckalew', 'description': 'director'}, {'name': 'John Laughlin', 'description': 'actor'}, {'name': 'Shelly Horner', 'description': 'actor'}, {'name': 'Phoebe Schmidt', 'description': 'actor'}, {'name': 'Verkina Flower', 'description': 'actor'}, {'name': 'Steven Rose', 'description': 'actor'}, {'name': 'Nancy Herr', 'description': 'actor'}, {'name': 'Bethel Buckalew', 'description': 'author'}, {'name': 'John D. McNally', 'description': 'author'}]"
Chathur Mukham,4/8/2021,"Horror, Thriller",Prime Video ,India,Movie,,5.9/10,,"[{'name': 'Ranjeet Kamala Sankar', 'description': 'director'}, {'name': 'Salil V', 'description': 'director'}, {'name': 'Manju Warrier', 'description': 'actor'}, {'name': 'Sunny Wayne', 'description': 'actor'}, {'name': 'Srikant Murali', 'description': 'actor'}, {'name': 'Alencier Ley Lopez', 'description': 'actor'}, {'name': 'Niranjana Anoop', 'description': 'actor'}, {'name': 'Shyamaprasad', 'description': 'actor'}, {'name': 'Rony David Raj', 'description': 'actor'}, {'name': 'Babu Annur', 'description': 'actor'}, {'name': 'Shaju K.S.', 'description': 'actor'}, {'name': 'Balaji Sarma', 'description': 'actor'}, {'name': 'Navas Vallikkunnu', 'description': 'actor'}, {'name': 'Jiss Thomas', 'description': 'actor'}, {'name': 'Uma K.P', 'description': 'actor'}, {'name': 'Jay Vishnu', 'description': 'actor'}, {'name': 'Vinod Thiruvallam', 'description': 'actor'}, {'name': 'Jiss Toms', 'description': 'actor'}, {'name': 'Justin Thomas', 'description': 'actor'}, {'name': 'Bineesh Chandran', 'description': 'actor'}, {'name': 'Abhayakumar', 'description': 'author'}, {'name': 'Anil Kurian', 'description': 'author'}, {'name': 'Dawn Vincent', 'description': 'actor'}]"
Until They Sail,10/8/1957,"Romance, Drama",Prime Video ,America,Movie,,6.5/10,,"[{'name': 'Robert Wise', 'description': 'director'}, {'name': 'Jean Simmons', 'description': 'actor'}, {'name': 'Joan Fontaine', 'description': 'actor'}, {'name': 'Paul Newman', 'description': 'actor'}, {'name': 'Piper Laurie', 'description': 'actor'}, {'name': 'Sandra Dee', 'description': 'actor'}, {'name': 'Charles Drake', 'description': 'actor'}, {'name': 'Wally Cassell', 'description': 'actor'}, {'name': 'Alan Napier', 'description': 'actor'}, {'name': 'Ralph Votrian', 'description': 'actor'}, {'name': 'John Wilder', 'description': 'actor'}, {'name': 'Tige Andrews', 'description': 'actor'}, {'name': 'Adam Kennedy', 'description': 'actor'}, {'name': 'Mickey Shaughnessy', 'description': 'actor'}, {'name': 'Phyllis Douglas', 'description': 'actor'}, {'name': 'Patrick Macnee', 'description': 'actor'}, {'name': 'Nicky Blair', 'description': 'actor'}, {'name': 'William Boyett', 'description': 'actor'}, {'name': 'Don Eitner', 'description': 'actor'}, {'name': 'Franklyn Farnum', 'description': 'actor'}, {'name': 'Stuart Holmes', 'description': 'actor'}, {'name': 'Kendrick Huxham', 'description': 'actor'}, {'name': 'Charles Schnee', 'description': 'actor'}, {'name': 'Robert Anderson', 'description': 'author'}]"
Daphne,1/29/2017,"Comedy, Drama","Free Services, Prime Video",United Kingdom,Movie,18+ (R),6.1/10,,"[{'name': 'Peter Mackie Burns', 'description': 'director'}, {'name': 'Emily Beecham', 'description': 'actor'}, {'name': 'Tom Vaughan-Lawlor', 'description': 'actor'}, {'name': 'Nathaniel Martello-White', 'description': 'actor'}, {'name': 'Ritu Arya', 'description': 'actor'}, {'name': 'Karina Fernandez', 'description': 'actor'}, {'name': 'Sinéad Matthews', 'description': 'actor'}, {'name': 'Ragevan Vasan', 'description': 'actor'}, {'name': 'Osy Ikhile', 'description': 'actor'}, {'name': 'Amra Mallassi', 'description': 'actor'}, {'name': 'Stuart McQuarrie', 'description': 'actor'}, {'name': 'Geraldine James', 'description': 'actor'}, {'name': 'Ryan McParland', 'description': 'actor'}, {'name': 'Matthew Pidgeon', 'description': 'actor'}, {'name': 'Rania Kurdi', 'description': 'actor'}, {'name': 'Ruth Bradley', 'description': 'actor'}, {'name': 'Erica Guyatt', 'description': 'actor'}, {'name': 'Timothy Innes', 'description': 'actor'}, {'name': 'Victoria Willing', 'description': 'actor'}, {'name': 'Kareem Youseff', 'description': 'actor'}, {'name': 'Reem Youseff', 'description': 'actor'}, {'name': 'Esther Siyabola', 'description': 'actor'}, {'name': 'Tristan Goligher', 'description': 'actor'}, {'name': 'Valentina Brazzini', 'description': 'actor'}]"
Encountering Burning Man,11/1/2010,Documentary,"Free Services, Prime Video",,Movie,16+,5.6/10,,[]
No One Lives,3/9/2013,"Horror, Thriller","Free Services, Prime Video",America,Movie,18+ (R),5.9/10,,"[{'name': 'Ryûhei Kitamura', 'description': 'director'}, {'name': 'Luke Evans', 'description': 'actor'}, {'name': 'Adelaide Clemens', 'description': 'actor'}, {'name': 'Lee Tergesen', 'description': 'actor'}, {'name': 'Derek Magyar', 'description': 'actor'}, {'name': 'America Olivo', 'description': 'actor'}, {'name': 'Beau Knapp', 'description': 'actor'}, {'name': 'Lindsey Shaw', 'description': 'actor'}, {'name': 'Lenore Banks', 'description': 'actor'}, {'name': 'George Murdoch', 'description': 'actor'}, {'name': 'Laura Ramsey', 'description': 'actor'}, {'name': 'Gary Grubbs', 'description': 'actor'}, {'name': 'Andrea Frankle', 'description': 'actor'}, {'name': 'Rob Steinberg', 'description': 'actor'}, {'name': 'Michael Harrity', 'description': 'actor'}, {'name': 'Chris Carnel', 'description': 'actor'}, {'name': 'Harry Knapp', 'description': 'actor'}, {'name': 'Kami Naghdi', 'description': 'actor'}, {'name': 'Cameron McCracken', 'description': 'actor'}, {'name': 'David Cohen', 'description': 'actor'}, {'name': 'Elton Brand', 'description': 'actor'}, {'name': 'François Ivernel', 'description': 'actor'}, {'name': 'Michael J. Luisi', 'description': 'actor'}, {'name': 'David Cohen', 'description': 'author'}]"
Almost Human,6/24/2020,"Romance, Crime",Prime Video ,China,Movie,,5.2/10,,"[{'name': 'Nan Zhang', 'description': 'director'}, {'name': 'Bea Hayden Kuo', 'description': 'actor'}, {'name': 'Duan Bowen', 'description': 'actor'}, {'name': 'Liu Yiwei', 'description': 'actor'}, {'name': 'Mi Mi', 'description': 'actor'}, {'name': 'An Hu', 'description': 'actor'}, {'name': 'Ma Yujie', 'description': 'actor'}, {'name': 'Mei Nie', 'description': 'actor'}, {'name': 'Liu Yiwei', 'description': 'author'}, {'name': 'Nan Zhang', 'description': 'author'}]"
Building 173,4/25/2009,"Animation, Documentary",Prime Video ,,Movie,,8.2/10,,[]
Narcissister Organ Player,1/19/2018,Documentary,"Free Services, Prime Video",America,Movie,,5.8/10,,"[{'name': 'Narcissister', 'description': 'director'}, {'name': 'Narcissister', 'description': 'actor'}, {'name': 'Narcissister', 'description': 'actor'}, {'name': 'Taryn Gould', 'description': 'actor'}]"
Voice of My Father,11/1/2012,"Drama, Family",Free Services,Turkey,Movie,,6.3/10,,"[{'name': 'Orhan Eskikoy', 'description': 'director'}, {'name': 'Zeynel Dogan', 'description': 'director'}, {'name': 'Basê Doğan', 'description': 'actor'}, {'name': 'Gülizar Doğan', 'description': 'actor'}, {'name': 'Zeynel Dogan', 'description': 'actor'}, {'name': 'Orhan Eskikoy', 'description': 'author'}]"
Captain Sabertooth and the Magic Diamond,9/27/2019,"Animation, Anime","Prime Video, Prime Video",Norway,Movie,,5.8/10,,"[{'name': 'Marit Moum Aune', 'description': 'director'}, {'name': 'Rasmus A. Sivertsen', 'description': 'director'}, {'name': 'Kyrre Haugen Sydness', 'description': 'actor'}, {'name': 'Tobias Santelmann', 'description': 'actor'}, {'name': 'Trond Fausa Aurvåg', 'description': 'actor'}, {'name': 'Jon Øigarden', 'description': 'actor'}, {'name': 'Charlotte Frogner', 'description': 'actor'}, {'name': 'Leonard Valestrand Eike', 'description': 'actor'}, {'name': 'Siri Skjeggedal', 'description': 'actor'}, {'name': 'Bartek Kaminski', 'description': 'actor'}, {'name': 'Laila Goody', 'description': 'actor'}, {'name': 'Heidi Palm Sandberg', 'description': 'actor'}, {'name': 'Ove Heiborg', 'description': 'actor'}, {'name': 'Karsten Fullu', 'description': 'author'}]"
The Long Song,12/18/2018,Drama,"Free Services, Prime Video",United Kingdom,TV Show,14+ (TV-14),7.2/10,2,"[{'name': 'Tamara Lawrance', 'description': 'actor'}, {'name': 'Hayley Atwell', 'description': 'actor'}, {'name': 'Jack Lowden', 'description': 'actor'}, {'name': 'Leo Bill', 'description': 'actor'}, {'name': 'Doña Croll', 'description': 'actor'}, {'name': 'Lenny Henry', 'description': 'actor'}, {'name': 'Jo Martin', 'description': 'actor'}, {'name': 'Ethan Hazzard', 'description': 'actor'}, {'name': 'Gordon Brown', 'description': 'actor'}, {'name': 'Luis Bryan Mesa', 'description': 'actor'}, {'name': 'Marie Michelle Brazile', 'description': 'actor'}, {'name': 'Kara-Leah Fernandes', 'description': 'actor'}, {'name': 'Sharon Duncan-Brewster', 'description': 'actor'}, {'name': 'Richard Pepple', 'description': 'actor'}, {'name': 'Joy Richardson', 'description': 'actor'}, {'name': 'Jordan Bolger', 'description': 'actor'}, {'name': 'David Verrey', 'description': 'actor'}, {'name': 'Lizzie Hopley', 'description': 'actor'}, {'name': 'Harry Gostelow', 'description': 'actor'}, {'name': 'Madeleine Mantock', 'description': 'actor'}, {'name': 'Ayesha Antoine', 'description': 'actor'}, {'name': 'Andrea Levy', 'description': 'author'}, {'name': 'Andrea Levy', 'description': 'actor'}]"
Mugshots: P. Diddy,,Crime,Prime Video ,,Movie,,,,[]
I Dream of Jeannie,9/18/1965,"Family, Comedy","Free Services, Prime Video",America,TV Show,All (TV-G),7.4/10,5,"[{'name': 'Barbara Eden', 'description': 'actor'}, {'name': 'Larry Hagman', 'description': 'actor'}, {'name': 'Claudio Guzmán', 'description': 'actor'}, {'name': 'Herb Wallerstein', 'description': 'actor'}, {'name': 'Sheldon Schrager', 'description': 'actor'}, {'name': 'Sidney Sheldon', 'description': 'actor'}, {'name': 'Sidney Sheldon', 'description': 'actor'}]"
Sabaya,8/20/2021,Documentary,Paramount+,Sweden,Movie,,7.2/10,,"[{'name': 'Hogir Hirori', 'description': 'director'}, {'name': 'Antonio Russo Merenda', 'description': 'actor'}, {'name': 'Hogir Hirori', 'description': 'actor'}, {'name': 'Hogir Hirori', 'description': 'author'}, {'name': 'Mohammed Zaki', 'description': 'actor'}]"
Given,8/22/2020,"LGBTQ, Anime",Crunchyroll Premium,Japan,Movie,,7.7/10,,"[{'name': 'Hikaru Yamaguchi', 'description': 'director'}, {'name': 'Takuya Eguchi', 'description': 'actor'}, {'name': 'Masatomo Nakazawa', 'description': 'actor'}, {'name': 'Shougo Yano', 'description': 'actor'}, {'name': 'Yuuma Uchida', 'description': 'actor'}, {'name': 'Shintaro Asanuma', 'description': 'actor'}]"
Dark Clouds Over Elberton: The True Story of the Georgia Guidestones,6/13/2015,Documentary,"Free Services, Prime Video",,Movie,,,,[]
Finding Jesus,12/29/2020,"Animation, Family","Free Services, Prime Video",,Movie,All (G),10-Jan,,"[{'name': 'Jason Wright', 'description': 'director'}, {'name': 'Angie Gillespie', 'description': 'actor'}, {'name': 'Kj Schrock', 'description': 'actor'}, {'name': 'Victor Merchan', 'description': 'actor'}, {'name': 'Sarah Taylor', 'description': 'actor'}, {'name': 'Lizzy Carter-Burns', 'description': 'actor'}, {'name': 'Darren Richardson', 'description': 'actor'}, {'name': 'Lanny Norris', 'description': 'actor'}, {'name': 'Tina Shuster', 'description': 'actor'}, {'name': 'Jerry Davis', 'description': 'actor'}, {'name': 'Aidan McCreary', 'description': 'actor'}, {'name': 'Karl Ireland', 'description': 'actor'}, {'name': 'Tom Wilsom', 'description': 'actor'}, {'name': 'Jason Wright', 'description': 'author'}]"
11S - 20 años: El Pentágono,9/11/2021,Documentary,Prime Video ,,Movie,,6.9/10,,[]
Connected by Coffee,1/1/2014,"Action & Adventure, Documentary","Free Services, Prime Video",,Movie,,7.1/10,,"[{'name': 'Aaron Dennis', 'description': 'director'}]"
Turn It Up,9/6/2000,"Crime, Drama",Prime Video ,America,Movie,18+ (R),4.1/10,,"[{'name': 'Robert Adetuyi', 'description': 'director'}, {'name': 'Pras Michel', 'description': 'actor'}, {'name': 'Ja Rule', 'description': 'actor'}, {'name': 'Jason Statham', 'description': 'actor'}, {'name': 'Vondie Curtis-Hall', 'description': 'actor'}, {'name': 'Tamala Jones', 'description': 'actor'}, {'name': 'John Ralston', 'description': 'actor'}, {'name': 'Chris Messina', 'description': 'actor'}, {'name': 'Eugene A. Clark', 'description': 'actor'}, {'name': 'Derwin Jordan', 'description': 'actor'}, {'name': 'Patrice Goodman', 'description': 'actor'}, {'name': 'Chang Tseng', 'description': 'actor'}, {'name': 'Harry-O', 'description': 'actor'}, {'name': 'Elain R. Graham', 'description': 'actor'}, {'name': 'Faith Evans', 'description': 'actor'}, {'name': 'Melyssa Ford', 'description': 'actor'}, {'name': 'Jeff Jones', 'description': 'actor'}, {'name': 'LeRoy Allen', 'description': 'actor'}, {'name': 'Shinehead', 'description': 'actor'}, {'name': 'DJ Skribble', 'description': 'actor'}, {'name': 'Conrad Dunn', 'description': 'actor'}, {'name': 'Patricia Velásquez', 'description': 'actor'}, {'name': 'E. Bennett Walsh', 'description': 'actor'}, {'name': 'Guy Oseary', 'description': 'actor'}]"
Hong Kong Confidential,10/1/1958,"Thriller, Action & Adventure",Prime Video ,America,Movie,,5.4/10,,"[{'name': 'Edward L. Cahn', 'description': 'director'}, {'name': 'Gene Barry', 'description': 'actor'}, {'name': 'Beverly Tyler', 'description': 'actor'}, {'name': 'Noel Drayton', 'description': 'actor'}, {'name': 'Allison Hayes', 'description': 'actor'}, {'name': 'Philip Ahn', 'description': 'actor'}, {'name': 'King Calder', 'description': 'actor'}, {'name': 'Michael Pate', 'description': 'actor'}]"
Jordan Rides the Bus,8/29/2010,"Biography, Documentary",Disney+,,Movie,,6.8/10,,"[{'name': 'Ron Shelton', 'description': 'director'}, {'name': 'Michael Jordan', 'description': 'actor'}, {'name': 'Phil Jackson', 'description': 'actor'}, {'name': 'Steve Kerr', 'description': 'actor'}, {'name': 'Jerry Reinsdorf', 'description': 'actor'}]"
Dance Freestyle,1/1/2018,,Free Services,,Movie,,,,[]
Natural Born Rebels,4/25/2018,Documentary,Prime Video ,,TV Show,,7.2/10,1,[]
Father Brown,9/26/1974,"Crime, Drama","BritBox, Prime Video",United Kingdom,TV Show,14+ (TV-14),10-Jul,1,"[{'name': 'Kenneth More', 'description': 'actor'}, {'name': 'Dennis Burgess', 'description': 'actor'}]"
Blondie in Society,7/17/1941,Comedy,Prime Video ,America,Movie,,6.7/10,,"[{'name': 'Frank R. Strayer', 'description': 'director'}, {'name': 'Penny Singleton', 'description': 'actor'}, {'name': 'Arthur Lake', 'description': 'actor'}, {'name': 'Larry Simms', 'description': 'actor'}, {'name': 'Daisy', 'description': 'actor'}, {'name': 'Jonathan Hale', 'description': 'actor'}, {'name': 'Danny Mummert', 'description': 'actor'}, {'name': 'William Frawley', 'description': 'actor'}, {'name': 'Edgar Kennedy', 'description': 'actor'}, {'name': 'Chick Chandler', 'description': 'actor'}, {'name': 'Irving Bacon', 'description': 'actor'}, {'name': 'Bill Goodwin', 'description': 'actor'}, {'name': 'Bess Flowers', 'description': 'actor'}, {'name': 'Robert Sparks', 'description': 'actor'}, {'name': 'Karen DeWolf', 'description': 'author'}, {'name': 'Leigh Harline', 'description': 'actor'}, {'name': 'W. Franke Harling', 'description': 'actor'}]"
Barbie in the Pink Shoes,2/14/2013,"Family, Animation","Free Services, Prime Video",America,Movie,All (G),5.4/10,,"[{'name': 'Owen Hurley', 'description': 'director'}, {'name': 'Trevor Devall', 'description': 'actor'}, {'name': 'Brett Dier', 'description': 'actor'}, {'name': 'Katie Crown', 'description': 'actor'}, {'name': 'Ali Liebert', 'description': 'actor'}, {'name': 'Bill Mondy', 'description': 'actor'}, {'name': 'Kyle Rideout', 'description': 'actor'}, {'name': 'Teryl Rothery', 'description': 'actor'}, {'name': 'Tabitha St. Germain', 'description': 'actor'}, {'name': 'Kelly Sheridan', 'description': 'actor'}, {'name': 'Lori Triolo', 'description': 'actor'}, {'name': 'Owen Hurley', 'description': 'actor'}, {'name': 'Shelley Tabbut', 'description': 'actor'}, {'name': 'S.T. Sivaraman', 'description': 'actor'}, {'name': 'Alison Taylor', 'description': 'author'}]"
Donkmaster,10/1/2019,"Reality, Documentary",Philo,,TV Show,,7.3/10,1,[]
The Overview Effect,11/14/2015,,Free Services,,Movie,,,,[]
Remembering a Cool September,6/26/2014,"Documentary, History",Prime Video ,,Movie,,,,"[{'name': 'David Dietz', 'description': 'director'}, {'name': 'Lisa Tillmann', 'description': 'director'}]"
The Cellar,11/4/1989,"Fantasy, Horror",Free Services,America,Movie,13+ (PG-13),4.6/10,,"[{'name': 'Kevin Tenney', 'description': 'director'}, {'name': 'Patrick Kilpatrick', 'description': 'actor'}, {'name': 'Chris Miller', 'description': 'actor'}, {'name': 'Suzanne Savoy', 'description': 'actor'}, {'name': 'Ford Rainey', 'description': 'actor'}, {'name': 'Michael Wren', 'description': 'actor'}, {'name': 'Lou Perryman', 'description': 'actor'}, {'name': 'Danny Mora', 'description': 'actor'}, {'name': 'Alex Pederson', 'description': 'actor'}, {'name': 'David Henry', 'description': 'author'}]"
What's For Dinner?,6/1/2014,"Drama, Documentary",Prime Video ,,Movie,,,,"[{'name': 'Yi Jian', 'description': 'director'}]"
Not Just Football,10/10/2018,"Biography, Documentary",Prime Video ,,Movie,,,,[]
The Imperial Coroner,4/29/2021,"Drama, Mystery",Prime Video ,,TV Show,,7.6/10,1,"[{'name': 'Su Xiaotong', 'description': 'actor'}, {'name': 'Wang Ziqi', 'description': 'actor'}, {'name': 'Yang Tingdong', 'description': 'actor'}, {'name': 'Zhao Yaoke', 'description': 'actor'}, {'name': 'Guo Qiucheng', 'description': 'actor'}, {'name': '穆怀虎', 'description': 'actor'}, {'name': 'Lanya Shi', 'description': 'actor'}, {'name': 'Wang Yanxin', 'description': 'actor'}, {'name': 'Zong Fengyan', 'description': 'actor'}, {'name': 'Chai Hao Wei', 'description': 'actor'}, {'name': 'Guo Jun', 'description': 'actor'}, {'name': 'Li Shengrong', 'description': 'actor'}, {'name': 'Jian Lou', 'description': 'actor'}]"
Adventures Chosen,,Sport,"Free Services, Prime Video",,Movie,,,,[]
Karen’s Grande Dame Reunion,4/17/2022,"Documentary, Family",Prime Video ,,TV Show,,4.3/10,1,"[{'name': 'Karen Huger', 'description': 'actor'}]"
Queen Elizabeth II: End of A Reign,7/14/2020,"Biography, Documentary",Free Services,,Movie,,,,[]
Morphle - Adventures of Mila and Morphle,10/1/2019,"Action & Adventure, Animation","Prime Video, Prime Video",,Movie,,,,[]
The Father of Hockey,4/7/2015,"Documentary, Sport","Free Services, Prime Video",,Movie,,7.2/10,,[]
Requiem,2/2/2018,"Thriller, Horror","Netflix, Prime Video",United Kingdom,TV Show,18+ (TV-MA),6.4/10,1,"[{'name': 'Lydia Wilson', 'description': 'actor'}, {'name': 'Joel Fry', 'description': 'actor'}, {'name': 'Joanna Scanlan', 'description': 'actor'}, {'name': 'Brendan Coyle', 'description': 'actor'}, {'name': 'Claire Rushbrook', 'description': 'actor'}, {'name': 'Tara Fitzgerald', 'description': 'actor'}, {'name': 'Clare Calbraith', 'description': 'actor'}, {'name': 'Sian Reese-Williams', 'description': 'actor'}, {'name': 'Sam Hazeldine', 'description': 'actor'}, {'name': 'James Frecheville', 'description': 'actor'}, {'name': 'Richard Harrington', 'description': 'actor'}, {'name': 'Simon Kunz', 'description': 'actor'}, {'name': 'Susan Breen', 'description': 'actor'}, {'name': 'Charles Pattinson', 'description': 'actor'}, {'name': 'Christopher Aird', 'description': 'actor'}, {'name': 'Elaine Pyke', 'description': 'actor'}, {'name': 'Kris Mrksa', 'description': 'actor'}, {'name': 'Willow Grylls', 'description': 'actor'}, {'name': 'Dominik Scherrer', 'description': 'actor'}, {'name': 'Natasha Khan', 'description': 'actor'}, {'name': 'Kris Mrksa', 'description': 'actor'}]"
The Oscar Nominated Short Films 2019: Live Action,2/8/2019,,Prime Video ,,Movie,,10-Jul,,[]
The Beniker Gang,1/1/1985,Drama,Prime Video ,America,Movie,All (G),6.4/10,,"[{'name': 'Ken Kwapis', 'description': 'director'}, {'name': 'Andrew McCarthy', 'description': 'actor'}, {'name': 'Jennifer Dundas', 'description': 'actor'}, {'name': 'Charles Fields', 'description': 'actor'}, {'name': 'Jeff Alan-Lee', 'description': 'actor'}, {'name': 'Danny Pintauro', 'description': 'actor'}, {'name': 'George Martin', 'description': 'actor'}, {'name': 'Will Patton', 'description': 'actor'}, {'name': 'J.T. Walsh', 'description': 'actor'}, {'name': 'Mary Hamill', 'description': 'actor'}, {'name': 'William Duell', 'description': 'actor'}, {'name': 'Anthony Heald', 'description': 'actor'}, {'name': 'Richmond Hoxie', 'description': 'actor'}, {'name': 'Peter McRobbie', 'description': 'actor'}, {'name': 'Paddy Croft', 'description': 'actor'}, {'name': 'Joyce Reehling', 'description': 'actor'}, {'name': 'Martha Byrne', 'description': 'actor'}, {'name': 'Stacey Glick', 'description': 'actor'}, {'name': 'Bill Smitrovich', 'description': 'actor'}, {'name': 'Frederick Ainsworth', 'description': 'actor'}, {'name': 'Luca Venantini', 'description': 'actor'}, {'name': 'Anna Bond', 'description': 'actor'}, {'name': 'Doro Bachrach', 'description': 'actor'}, {'name': 'Jeffrey Kindley', 'description': 'author'}]"
Clean,9/1/2004,"Musical, Drama",Fandor,Canada,Movie,18+ (R),6.8/10,,"[{'name': 'Olivier Assayas', 'description': 'director'}, {'name': 'Maggie Cheung', 'description': 'actor'}, {'name': 'Nick Nolte', 'description': 'actor'}, {'name': 'Béatrice Dalle', 'description': 'actor'}, {'name': 'Jeanne Balibar', 'description': 'actor'}, {'name': 'Don McKellar', 'description': 'actor'}, {'name': 'Martha Henry', 'description': 'actor'}, {'name': 'James Johnston', 'description': 'actor'}, {'name': 'James Dennis', 'description': 'actor'}, {'name': 'Rémi Martin', 'description': 'actor'}, {'name': 'Laëtitia Spigarelli', 'description': 'actor'}, {'name': 'Édouard Weil', 'description': 'actor'}, {'name': 'Niv Fichman', 'description': 'actor'}, {'name': 'Xavier Giannoli', 'description': 'actor'}, {'name': 'Xavier Marchand', 'description': 'actor'}, {'name': 'Olivier Assayas', 'description': 'author'}]"
Where in the World Is Osama Bin Laden?,1/21/2008,"Comedy, Documentary",Prime Video ,America,Movie,13+ (PG-13),6.5/10,,"[{'name': 'Morgan Spurlock', 'description': 'director'}, {'name': 'Morgan Spurlock', 'description': 'actor'}]"
The Police: Certifiable,11/11/2008,Documentary,Prime Video ,America,Movie,,8.7/10,,"[{'name': 'Jim Gable', 'description': 'director'}, {'name': 'Jordan Copeland', 'description': 'director'}, {'name': 'Sting', 'description': 'actor'}, {'name': 'Andy Summers', 'description': 'actor'}, {'name': 'Stewart Copeland', 'description': 'actor'}]"
Prem Mhanje Prem Mhanje Prem Asta,12/21/2013,Romance,Prime Video ,,Movie,,6.8/10,,"[{'name': 'Sachin Khedekar', 'description': 'actor'}, {'name': 'Mrinal Kulkarni', 'description': 'actor'}, {'name': 'Pallavi Joshi', 'description': 'actor'}, {'name': 'Sunil Barve', 'description': 'actor'}, {'name': 'Suhas Joshi', 'description': 'actor'}, {'name': 'Mohan Agashe', 'description': 'actor'}, {'name': 'Smita Talvalkar', 'description': 'actor'}]"
Sweet Girl,8/18/2021,"Thriller, Drama",Netflix,America,Movie,18+ (R),5.5/10,,"[{'name': 'Brian Andrew Mendoza', 'description': 'director'}, {'name': 'Jason Momoa', 'description': 'actor'}, {'name': 'Isabela Merced', 'description': 'actor'}, {'name': 'Manuel Garcia-Rulfo', 'description': 'actor'}, {'name': 'Amy Brenneman', 'description': 'actor'}, {'name': 'Adria Arjona', 'description': 'actor'}, {'name': 'Milena Rivero', 'description': 'actor'}, {'name': 'Justin Bartha', 'description': 'actor'}, {'name': 'Raza Jaffrey', 'description': 'actor'}, {'name': 'Lex Scott Davis', 'description': 'actor'}, {'name': 'Michael Raymond-James', 'description': 'actor'}, {'name': 'Dominic Fumusa', 'description': 'actor'}, {'name': 'Nelson Franklin', 'description': 'actor'}, {'name': 'Reggie Lee', 'description': 'actor'}, {'name': 'Will Blagrove', 'description': 'actor'}, {'name': 'Helen E. McNutt', 'description': 'actor'}, {'name': 'Tom McNutt', 'description': 'actor'}, {'name': 'Brian Howe', 'description': 'actor'}, {'name': 'Kristy Nolen', 'description': 'actor'}, {'name': 'Marie Zoumanigui', 'description': 'actor'}, {'name': 'Erin Barnes', 'description': 'actor'}, {'name': ""Katy O'Brian"", 'description': 'actor'}, {'name': 'Brad Peyton', 'description': 'actor'}, {'name': 'Brian Andrew Mendoza', 'description': 'actor'}]"
Return to the Wild: The Chris McCandless Story,11/25/2014,"Documentary, Action & Adventure","Hoopla, Prime Video",America,Movie,7+ (PG),6.6/10,,"[{'name': 'Ann Johnson Prum', 'description': 'director'}, {'name': 'Jeanmarie Condon', 'description': 'director'}, {'name': 'Carine McCandless', 'description': 'actor'}, {'name': 'Walt McCandless', 'description': 'actor'}, {'name': 'Billie McCandless', 'description': 'actor'}, {'name': 'Sean Penn', 'description': 'actor'}, {'name': 'Wayne Westerberg', 'description': 'actor'}, {'name': 'Jan Burres', 'description': 'actor'}, {'name': 'Shelly McCandless', 'description': 'actor'}, {'name': 'Shawna Downing', 'description': 'actor'}, {'name': 'Ann Johnson Prum', 'description': 'actor'}, {'name': 'Jeanmarie Condon', 'description': 'actor'}, {'name': 'Ann Johnson Prum', 'description': 'author'}, {'name': 'Jeanmarie Condon', 'description': 'author'}]"
Hoop Soldiers,7/24/2001,"Action & Adventure, Sport","Free Services, Prime Video",,Movie,18+ (R),5.3/10,,"[{'name': 'Chris Rogers', 'description': 'director'}, {'name': 'Mike Acquisto-Gotti', 'description': 'actor'}, {'name': 'Byron Browne', 'description': 'actor'}, {'name': 'Angelica Frost', 'description': 'actor'}, {'name': 'Chris Hopkins', 'description': 'actor'}, {'name': 'A.J. Jarrell', 'description': 'actor'}, {'name': 'Manny Llanez', 'description': 'actor'}, {'name': 'Derek IaKeith Martin', 'description': 'actor'}, {'name': 'Kajuan Mitchell', 'description': 'actor'}, {'name': 'Terrence J. Rogers', 'description': 'actor'}, {'name': 'Jose Rosete', 'description': 'actor'}, {'name': 'Chris Rogers', 'description': 'author'}]"
I cormorani,12/5/2016,Action & Adventure,"Free Services, Prime Video",Italy,Movie,,5.7/10,,"[{'name': 'Fabio Bobbio', 'description': 'director'}, {'name': 'Samuele Bogni', 'description': 'actor'}, {'name': 'Matteo Turri', 'description': 'actor'}, {'name': 'Valentina Padovan', 'description': 'actor'}, {'name': 'Lorenzo Bruno', 'description': 'actor'}, {'name': 'Samuele Ceresa', 'description': 'actor'}, {'name': 'Valter Giachetto Meno', 'description': 'actor'}, {'name': 'Giuseppe Menuni', 'description': 'actor'}, {'name': 'Andrea Sconfienza', 'description': 'actor'}, {'name': 'Fabio Cavenaghi', 'description': 'actor'}, {'name': 'Giuditta Tarantelli', 'description': 'actor'}, {'name': 'Mirko Locatelli', 'description': 'actor'}, {'name': 'Paolo Cavenaghi', 'description': 'actor'}, {'name': 'Mirko Locatelli', 'description': 'actor'}, {'name': 'Fabio Bobbio', 'description': 'author'}, {'name': 'Paolo Spaccamonti', 'description': 'actor'}, {'name': 'Ramon Moro', 'description': 'actor'}]"
Some Kind of a Nut,9/14/1969,Comedy,"Prime Video, Prime Video",America,Movie,,4.3/10,,"[{'name': 'Garson Kanin', 'description': 'director'}, {'name': 'Dick Van Dyke', 'description': 'actor'}, {'name': 'Angie Dickinson', 'description': 'actor'}, {'name': 'Rosemary Forsyth', 'description': 'actor'}, {'name': 'Zohra Lampert', 'description': 'actor'}, {'name': 'Elliott Reid', 'description': 'actor'}, {'name': 'Steve Roland', 'description': 'actor'}, {'name': 'Dennis King', 'description': 'actor'}, {'name': 'Peter Turgeon', 'description': 'actor'}, {'name': 'Pippa Scott', 'description': 'actor'}, {'name': 'Heywood Hale Broun', 'description': 'actor'}, {'name': 'Peter Brocco', 'description': 'actor'}, {'name': 'Benny Baker', 'description': 'actor'}, {'name': 'Robert Ito', 'description': 'actor'}, {'name': 'David Doyle', 'description': 'actor'}, {'name': 'Carole Shelley', 'description': 'actor'}, {'name': 'Howard Hesseman', 'description': 'actor'}, {'name': ""Jennifer O'Neill"", 'description': 'actor'}, {'name': 'Desiree Paterson', 'description': 'actor'}, {'name': 'Melba Moore', 'description': 'actor'}, {'name': 'Nancy Wickwire', 'description': 'actor'}, {'name': 'Tanya Lemani George', 'description': 'actor'}, {'name': 'Walter Mirisch', 'description': 'actor'}, {'name': 'Garson Kanin', 'description': 'author'}]"
"Murder, She Baked: A Peach Cobbler Mystery",1/10/2016,"Drama, Mystery",Prime Video ,,Movie,All (G),6.8/10,,"[{'name': 'Kristoffer Tabori', 'description': 'director'}, {'name': 'Alison Sweeney', 'description': 'actor'}, {'name': 'Cameron Mathison', 'description': 'actor'}, {'name': 'Barbara Niven', 'description': 'actor'}, {'name': 'Gabriel Hogan', 'description': 'actor'}, {'name': 'Lisa Durupt', 'description': 'actor'}, {'name': 'Michelle Harrison', 'description': 'actor'}, {'name': 'Roark Critchlow', 'description': 'actor'}, {'name': 'Garry Chalk', 'description': 'actor'}, {'name': 'Toby Levins', 'description': 'actor'}, {'name': 'Juliana Wimbles', 'description': 'actor'}, {'name': 'Anne Marie DeLuise', 'description': 'actor'}, {'name': 'Marion Eisman', 'description': 'actor'}, {'name': 'Rebecca Toolan', 'description': 'actor'}, {'name': 'Ty Olsson', 'description': 'actor'}, {'name': 'Jillian Fargey', 'description': 'actor'}, {'name': 'Candice May Langlois', 'description': 'actor'}, {'name': 'Julie Lynn-Mortensen', 'description': 'actor'}, {'name': 'Clare Filipow', 'description': 'actor'}, {'name': 'Sian Sladen', 'description': 'actor'}, {'name': 'Michael Meneer', 'description': 'actor'}, {'name': 'Harvey Kahn', 'description': 'actor'}, {'name': 'Alison Sweeney', 'description': 'actor'}, {'name': 'Barbara Lieberman', 'description': 'actor'}]"
Intense Battles Reloaded,7/1/2021,"Action & Adventure, Crime",Prime Video ,,Movie,,4.1/10,,[]
The Darkness Outside,1/27/2022,"Drama, Horror","Free Services, Prime Video",America,Movie,,4.8/10,,"[{'name': 'Ryan Callaway', 'description': 'director'}, {'name': 'Briana Aceti', 'description': 'actor'}, {'name': 'Haley Walter', 'description': 'actor'}, {'name': 'Breanna Engle', 'description': 'actor'}, {'name': 'Jenna Elise', 'description': 'actor'}, {'name': 'Macy Rubin', 'description': 'actor'}, {'name': 'Genevieve Tarrant', 'description': 'actor'}, {'name': 'Rob Nicholson', 'description': 'actor'}]"
Runner,3/2/2017,"Drama, Action & Adventure",Prime Video ,,Movie,,5.5/10,,[]
Ghost Bait,4/4/2019,Horror,"Discovery+, Prime Video",,TV Show,,,1,[]
Living Large Hollywood,1/1/2015,Reality,Free Services,,TV Show,,,1,[]
Hitler: A Journey Through His World,1/1/2016,,Free Services,,Movie,,,,[]
LEGO DC Comics Super Heroes: Justice League - Gotham City Breakout,6/21/2016,"Comedy, Animation","HBO MAX, Prime Video",America,Movie,,10-Jun,,"[{'name': 'Matt Peters', 'description': 'director'}, {'name': 'Melchior Zwyer', 'description': 'director'}, {'name': 'Sarah Hyland', 'description': 'actor'}, {'name': 'Nolan North', 'description': 'actor'}, {'name': 'Troy Baker', 'description': 'actor'}, {'name': 'Tara Strong', 'description': 'actor'}, {'name': 'John DiMaggio', 'description': 'actor'}, {'name': 'Tom Kenny', 'description': 'actor'}, {'name': 'Will Friedle', 'description': 'actor'}, {'name': 'Grey DeLisle', 'description': 'actor'}, {'name': 'Greg Cipes', 'description': 'actor'}, {'name': 'Khary Payton', 'description': 'actor'}, {'name': 'Scott Menville', 'description': 'actor'}, {'name': 'Amy Hill', 'description': 'actor'}, {'name': 'Hynden Walch', 'description': 'actor'}, {'name': 'Vanessa Marshall', 'description': 'actor'}, {'name': 'Jason Spisak', 'description': 'actor'}, {'name': 'Eric Bauza', 'description': 'actor'}, {'name': 'James Krieg', 'description': 'author'}, {'name': 'Tim Kelly', 'description': 'actor'}]"
Lez Bomb,11/9/2018,"Drama, LGBTQ","Free Services, Prime Video",America,Movie,18+ (R),5.1/10,,"[{'name': 'Jenna Laurenzo', 'description': 'director'}, {'name': 'Jenna Laurenzo', 'description': 'actor'}, {'name': 'Caitlin Mehner', 'description': 'actor'}, {'name': 'Brandon Micheal Hall', 'description': 'actor'}, {'name': 'Steve Guttenberg', 'description': 'actor'}, {'name': 'Elaine Hendrix', 'description': 'actor'}, {'name': ""Deirdre O'Connell"", 'description': 'actor'}, {'name': 'Rob Moran', 'description': 'actor'}, {'name': 'Davram Stiefler', 'description': 'actor'}, {'name': 'A.B. Cassidy', 'description': 'actor'}, {'name': 'Jordyn DiNatale', 'description': 'actor'}, {'name': 'Bruce Dern', 'description': 'actor'}, {'name': 'Kevin Pollak', 'description': 'actor'}, {'name': 'Cloris Leachman', 'description': 'actor'}, {'name': 'Dorothi Fox', 'description': 'actor'}, {'name': 'Sondra James', 'description': 'actor'}, {'name': 'Lana Yoo', 'description': 'actor'}, {'name': 'Joe Carpenter', 'description': 'actor'}, {'name': 'Martin Sprock', 'description': 'actor'}, {'name': 'Jennifer Ruffalo', 'description': 'actor'}, {'name': 'Kevin Kane', 'description': 'actor'}, {'name': 'Adeel Ahmed', 'description': 'actor'}, {'name': 'Jenna Laurenzo', 'description': 'actor'}, {'name': 'Martin Sprock', 'description': 'actor'}]"
Rocío y Rafael tuvieron su primera gran crisis por culpa de Alonso,3/18/2019,Drama,Prime Video ,,Movie,,,,[]
Sade: Bring Me Home – Live 2011,5/21/2011,Musical,Prime Video ,America,Movie,,8.5/10,,"[{'name': 'Sophie Muller', 'description': 'director'}, {'name': 'Sade', 'description': 'actor'}, {'name': 'Andrew Hale', 'description': 'actor'}, {'name': 'Stuart Matthewman', 'description': 'actor'}, {'name': 'Paul S. Denman', 'description': 'actor'}, {'name': 'Leroy Osbourne', 'description': 'actor'}, {'name': 'Ryan Waters', 'description': 'actor'}, {'name': 'Tony Momrelle', 'description': 'actor'}, {'name': 'Pete Lewinson', 'description': 'actor'}, {'name': 'Karl Vanden Bossche', 'description': 'actor'}, {'name': 'Grant Jue', 'description': 'actor'}, {'name': 'Roger Davies', 'description': 'actor'}]"
Behind the Power,10/4/2013,"Drama, Mystery",Prime Video ,Mexico,Movie,18+ (R),10-Jun,,"[{'name': 'Javier Colinas', 'description': 'director'}, {'name': 'Luis Arrieta', 'description': 'actor'}, {'name': 'Paola Nuñez', 'description': 'actor'}, {'name': 'Hector Kotsifakis', 'description': 'actor'}, {'name': 'Lucero Lander', 'description': 'actor'}, {'name': 'Rubén Pablos', 'description': 'actor'}, {'name': 'Jorge de Marín', 'description': 'actor'}, {'name': 'Luis Arrieta', 'description': 'author'}]"
Shopgirl,10/21/2005,"Drama, Romance","Hoopla, Prime Video",America,Movie,18+ (R),6.3/10,,"[{'name': 'Anand Tucker', 'description': 'director'}, {'name': 'Steve Martin', 'description': 'actor'}, {'name': 'Claire Danes', 'description': 'actor'}, {'name': 'Jason Schwartzman', 'description': 'actor'}, {'name': 'Bridgette Wilson', 'description': 'actor'}, {'name': 'Sam Bottoms', 'description': 'actor'}, {'name': 'Frances Conroy', 'description': 'actor'}, {'name': 'Rebecca Pidgeon', 'description': 'actor'}, {'name': 'Gina Doctor', 'description': 'actor'}, {'name': 'Samantha Shelton', 'description': 'actor'}, {'name': 'Clyde Kusatsu', 'description': 'actor'}, {'name': 'Romy Rosemont', 'description': 'actor'}, {'name': 'Joshua Snyder', 'description': 'actor'}, {'name': 'Rachel Nichols', 'description': 'actor'}, {'name': 'Shane Edelman', 'description': 'actor'}, {'name': 'Emily Kuroda', 'description': 'actor'}, {'name': 'Jayzel Samonte', 'description': 'actor'}, {'name': 'Mark Kozelek', 'description': 'actor'}, {'name': 'Dana Schick', 'description': 'actor'}, {'name': 'John Fedevich', 'description': 'actor'}, {'name': 'Zak Sally', 'description': 'actor'}, {'name': 'Ray Buktenica', 'description': 'actor'}, {'name': 'Ashok Amritraj', 'description': 'actor'}, {'name': 'Jon Jashni', 'description': 'actor'}]"
Incarnate,12/1/2016,"Horror, Thriller","Netflix, Prime Video",America,Movie,13+ (PG-13),5.2/10,,"[{'name': 'Brad Peyton', 'description': 'director'}, {'name': 'Aaron Eckhart', 'description': 'actor'}, {'name': 'Natalija Nogulich', 'description': 'actor'}, {'name': ""Keir O'Donnell"", 'description': 'actor'}, {'name': 'Catalina Sandino Moreno', 'description': 'actor'}, {'name': 'Carice van Houten', 'description': 'actor'}, {'name': 'Matt Nable', 'description': 'actor'}, {'name': 'Mark Henry', 'description': 'actor'}, {'name': 'Breanne Hill', 'description': 'actor'}, {'name': 'Karolina Wydra', 'description': 'actor'}, {'name': 'Vera Miao', 'description': 'actor'}, {'name': 'Emily Jackson', 'description': 'actor'}, {'name': ""Paul Vincent O'Connor"", 'description': 'actor'}, {'name': 'Vanya Asher', 'description': 'actor'}, {'name': 'M.D. Walton', 'description': 'actor'}, {'name': 'Tomas Arana', 'description': 'actor'}, {'name': 'Emjay Anthony', 'description': 'actor'}, {'name': 'David Mazouz', 'description': 'actor'}, {'name': 'John Pirruccello', 'description': 'actor'}, {'name': 'Petra Sprecher', 'description': 'actor'}, {'name': 'Carlease Burke', 'description': 'actor'}, {'name': 'Mark Steger', 'description': 'actor'}, {'name': 'Jason Blum', 'description': 'actor'}, {'name': 'Michael Seitzman', 'description': 'actor'}]"
Frank Sinatra: They Were Very Good Years,1/1/1997,Documentary,"Free Services, Prime Video",,TV Show,,,1,[]
Nobody Knows Anything!,8/24/2004,"Drama, Comedy","Free Services, Prime Video",America,Movie,18+ (R),3.1/10,,"[{'name': 'William Tannen', 'description': 'director'}, {'name': 'Alanna Ubach', 'description': 'actor'}, {'name': 'Michael Lerner', 'description': 'actor'}, {'name': 'Mike Myers', 'description': 'actor'}, {'name': 'Janeane Garofalo', 'description': 'actor'}, {'name': 'Kristen Johnston', 'description': 'actor'}, {'name': 'Margaret Cho', 'description': 'actor'}, {'name': 'Robert Englund', 'description': 'actor'}, {'name': 'Ed Lauter', 'description': 'actor'}, {'name': 'Ryan Stiles', 'description': 'actor'}, {'name': 'Wayne Rogers', 'description': 'actor'}, {'name': 'Richard Kind', 'description': 'actor'}, {'name': 'Fred Willard', 'description': 'actor'}, {'name': 'Mary Kay Place', 'description': 'actor'}, {'name': 'Tim Meadows', 'description': 'actor'}, {'name': 'Virginia Madsen', 'description': 'actor'}, {'name': 'David Pasquesi', 'description': 'actor'}, {'name': 'Mitch Rouse', 'description': 'actor'}, {'name': 'Ben Stiller', 'description': 'actor'}, {'name': 'Stephen Colbert', 'description': 'actor'}, {'name': 'Charles Esten', 'description': 'actor'}, {'name': 'Alan Blumenfeld', 'description': 'actor'}, {'name': 'Brad Korzen', 'description': 'actor'}, {'name': 'Wayne Rogers', 'description': 'actor'}]"
Cop Hunt,11/24/2016,"Action & Adventure, Crime","Free Services, Prime Video",Hungary,Movie,,3.7/10,,"[{'name': 'Jozsef Kovalik', 'description': 'director'}, {'name': 'Zsolt Anger', 'description': 'actor'}, {'name': 'Kamarás Iván', 'description': 'actor'}, {'name': 'Oszkár Gáti', 'description': 'actor'}, {'name': 'Ganxsta Zolee', 'description': 'actor'}, {'name': 'Győző Szabó', 'description': 'actor'}, {'name': 'Károly Gesztesi', 'description': 'actor'}, {'name': 'Anna Götz', 'description': 'actor'}, {'name': 'Norbert Kovalik', 'description': 'actor'}, {'name': 'Veronika Madár', 'description': 'actor'}, {'name': 'Zsolt Nagy', 'description': 'actor'}, {'name': 'Dalma Nyitrai', 'description': 'actor'}, {'name': 'Zsolt Páll', 'description': 'actor'}, {'name': 'Gábor Salinger', 'description': 'actor'}, {'name': 'László Seprenyi', 'description': 'actor'}, {'name': 'Máté Gesztesi', 'description': 'actor'}, {'name': 'Ralph Berkin', 'description': 'actor'}, {'name': 'Zsolt Somogyi', 'description': 'actor'}, {'name': 'Jozsef Kovalik', 'description': 'author'}]"
This Ain't No Mouse Music!,9/26/2014,Documentary,Prime Video ,America,Movie,,7.3/10,,"[{'name': 'Chris Simon', 'description': 'director'}, {'name': 'Maureen Gosling', 'description': 'director'}, {'name': 'Ry Cooder', 'description': 'actor'}, {'name': ""Lightnin' Hopkins"", 'description': 'actor'}, {'name': 'Michael Doucet', 'description': 'actor'}, {'name': 'Flaco Jiménez', 'description': 'actor'}, {'name': 'Taj Mahal', 'description': 'actor'}, {'name': 'Country Joe McDonald', 'description': 'actor'}, {'name': 'Bonnie Raitt', 'description': 'actor'}, {'name': 'Wilson Savoy', 'description': 'actor'}, {'name': 'Chris Strachwitz', 'description': 'actor'}]"
Manhattan Night of Murder,11/24/1965,"Crime, Thriller",Prime Video ,Germany,Movie,,5.5/10,,"[{'name': 'Harald Philipp', 'description': 'director'}, {'name': 'George Nader', 'description': 'actor'}, {'name': 'Heinz Weiss', 'description': 'actor'}, {'name': 'Monika Grimm', 'description': 'actor'}, {'name': 'Slobodan Dimitrijević', 'description': 'actor'}, {'name': 'Peter Kuiper', 'description': 'actor'}, {'name': 'Sigurd Fitzek', 'description': 'actor'}, {'name': 'Allen Pinson', 'description': 'actor'}, {'name': 'Elke Neidhart', 'description': 'actor'}, {'name': 'Richard Münch', 'description': 'actor'}, {'name': 'Henri Cogan', 'description': 'actor'}, {'name': 'Paul Müller', 'description': 'actor'}, {'name': 'Willy Semmelrogge', 'description': 'actor'}, {'name': 'Walter Bluhm', 'description': 'actor'}, {'name': 'Dirk Dautzenberg', 'description': 'actor'}, {'name': 'Uwe Reichmeister', 'description': 'actor'}, {'name': 'Silvia Solar', 'description': 'actor'}, {'name': 'Heinz Willeg', 'description': 'actor'}, {'name': 'Herbert Reinecker', 'description': 'author'}, {'name': 'K.B. Leder', 'description': 'author'}, {'name': 'Peter Thomas', 'description': 'actor'}]"
Gold Rush,12/3/2010,Reality,"Free Services, Prime Video",,TV Show,7+ (TV-PG),7.2/10,12,"[{'name': 'Parker Schnabel', 'description': 'actor'}, {'name': 'Chris Doumitt', 'description': 'actor'}, {'name': 'Paul Christie', 'description': 'actor'}, {'name': 'Monica Beets', 'description': 'actor'}, {'name': 'Kevin Beets', 'description': 'actor'}, {'name': 'Minnie Beets', 'description': 'actor'}, {'name': 'Mike Beets', 'description': 'actor'}, {'name': 'Len Hoekstra', 'description': 'actor'}, {'name': 'Rick Ness', 'description': 'actor'}, {'name': 'Mitch Blaschke', 'description': 'actor'}, {'name': 'Andy Spinks', 'description': 'actor'}, {'name': 'Dave Turin', 'description': 'actor'}, {'name': 'Dustin Hurt', 'description': 'actor'}, {'name': 'Fred Dodge', 'description': 'actor'}, {'name': 'Fred Hurt', 'description': 'actor'}, {'name': 'Gene Cheeseman', 'description': 'actor'}, {'name': 'Greg Remsburg', 'description': 'actor'}, {'name': 'Jack Hoffman', 'description': 'actor'}, {'name': 'James Harness', 'description': 'actor'}, {'name': 'Jimmy Dorsey', 'description': 'actor'}, {'name': 'Jim Thurber', 'description': 'actor'}, {'name': 'John Schnabel', 'description': 'actor'}, {'name': 'Todd Hoffman', 'description': 'actor'}, {'name': 'Tony Beets', 'description': 'actor'}]"
The Truth About Charlie,10/25/2002,"Mystery, Thriller","Starz, Prime Video",Germany,Movie,13+ (PG-13),4.7/10,,"[{'name': 'Jonathan Demme', 'description': 'director'}, {'name': 'Mark Wahlberg', 'description': 'actor'}, {'name': 'Thandiwe Newton', 'description': 'actor'}, {'name': 'Tim Robbins', 'description': 'actor'}, {'name': 'Christine Boisson', 'description': 'actor'}, {'name': 'LisaGay Hamilton', 'description': 'actor'}, {'name': 'Park Joong-hoon', 'description': 'actor'}, {'name': 'Ted Levine', 'description': 'actor'}, {'name': 'Stephen Dillane', 'description': 'actor'}, {'name': 'Sakina Jaffrey', 'description': 'actor'}, {'name': 'Simon Abkarian', 'description': 'actor'}, {'name': 'Magali Noël', 'description': 'actor'}, {'name': 'Agnès Varda', 'description': 'actor'}, {'name': 'Charles Aznavour', 'description': 'actor'}, {'name': 'Olivier Broche', 'description': 'actor'}, {'name': 'Anna Karina', 'description': 'actor'}, {'name': 'Philippe Katerine', 'description': 'actor'}, {'name': 'Philippe Duquesne', 'description': 'actor'}, {'name': 'Kenneth Utt', 'description': 'actor'}, {'name': 'Sotigui Kouyaté', 'description': 'actor'}, {'name': 'Paula Moore', 'description': 'actor'}, {'name': 'Françoise Bertin', 'description': 'actor'}, {'name': 'Edward Saxon', 'description': 'actor'}, {'name': 'Ilona Herzberg', 'description': 'actor'}]"
Mischievous Kiss: Love in Tokyo,3/29/2013,"Comedy, Drama","Free Services, Prime Video",Japan,TV Show,,7.6/10,2,"[{'name': 'Honoka Yahagi', 'description': 'actor'}, {'name': 'Yuuki Furukawa', 'description': 'actor'}, {'name': 'Yuki Yamada', 'description': 'actor'}, {'name': 'Nanami Fujimoto', 'description': 'actor'}, {'name': 'Sogen Tanaka', 'description': 'actor'}, {'name': 'Yuga Aizawa', 'description': 'actor'}, {'name': 'Yoji Tanaka', 'description': 'actor'}, {'name': 'Imoaraizaka Kakaricho', 'description': 'actor'}, {'name': 'Tomomi Nishimura', 'description': 'actor'}, {'name': 'Kasumi Yamaya', 'description': 'actor'}, {'name': 'Kanna Moriya', 'description': 'actor'}, {'name': 'Masaki Kaji', 'description': 'actor'}, {'name': 'Yoshiaki Miyagi', 'description': 'actor'}, {'name': 'Noémie Nakai', 'description': 'actor'}, {'name': 'Toshi Takeuchi', 'description': 'actor'}, {'name': '堀井新太', 'description': 'actor'}, {'name': 'Mirai Suzuki', 'description': 'actor'}, {'name': 'Risako Ito', 'description': 'actor'}, {'name': 'Julia Kawakami', 'description': 'actor'}, {'name': 'Ayu Matsuura', 'description': 'actor'}, {'name': 'Karin Ono', 'description': 'actor'}, {'name': 'Mayuko Okamoto', 'description': 'actor'}, {'name': 'Satoshi Kusaka', 'description': 'actor'}, {'name': 'Seiichi Ono', 'description': 'actor'}]"
Sulthan,4/2/2021,"Romance, Action & Adventure",Prime Video ,India,Movie,18+ (R),6.2/10,,"[{'name': 'Bhagyaraj Kannan', 'description': 'director'}, {'name': 'Karthi', 'description': 'actor'}, {'name': 'Rashmika Mandanna', 'description': 'actor'}, {'name': 'Ramachandra Raju', 'description': 'actor'}, {'name': 'Nawab Shah', 'description': 'actor'}, {'name': 'Lal', 'description': 'actor'}, {'name': 'Napoleon', 'description': 'actor'}, {'name': 'Abhirami Gopikumar', 'description': 'actor'}, {'name': 'Yogi Babu', 'description': 'actor'}, {'name': 'Hareesh Peradi', 'description': 'actor'}, {'name': 'Singampuli', 'description': 'actor'}, {'name': 'Ponvannan', 'description': 'actor'}, {'name': 'G. Marimuthu', 'description': 'actor'}, {'name': 'Giant Zanjeer', 'description': 'actor'}, {'name': 'Sathish', 'description': 'actor'}, {'name': 'Arjai', 'description': 'actor'}, {'name': 'Sentrayan', 'description': 'actor'}, {'name': 'M. S. Bhaskar', 'description': 'actor'}, {'name': 'Senthikumari', 'description': 'actor'}, {'name': 'Rama', 'description': 'actor'}, {'name': 'Mayilsamy', 'description': 'actor'}, {'name': 'Pandian', 'description': 'actor'}, {'name': 'S. R. Prabhu', 'description': 'actor'}, {'name': 'S. R. Prakashbabu', 'description': 'actor'}]"
The Engineering That Built the World,10/10/2021,"History, Documentary","Philo, Prime Video",,TV Show,,7.6/10,1,[]
Listopad: A Memory of the Velvet Revolution,10/24/2014,"Action & Adventure, Comedy",Prime Video ,Czechia,Movie,13+ (PG-13),6.5/10,,"[{'name': 'Gary Griffin', 'description': 'director'}, {'name': 'Igor Bareš', 'description': 'actor'}, {'name': 'Filip Cíl', 'description': 'actor'}, {'name': 'Petr Kantor', 'description': 'actor'}, {'name': 'Anita Krausová', 'description': 'actor'}, {'name': 'David Novotný', 'description': 'actor'}, {'name': 'Pavel Richta', 'description': 'actor'}, {'name': 'Filip Tomsa', 'description': 'actor'}, {'name': 'Klára Jandová', 'description': 'actor'}, {'name': 'David Rauch', 'description': 'actor'}, {'name': 'Arnošt Lustig', 'description': 'author'}]"
Dragons: Race to the Edge,6/26/2015,"Comedy, Family","Netflix, Prime Video",America,TV Show,7+ (TV-PG),8.2/10,6,"[{'name': 'Jay Baruchel', 'description': 'actor'}, {'name': 'America Ferrera', 'description': 'actor'}, {'name': 'Zack Pearlman', 'description': 'actor'}, {'name': 'Christopher Mintz-Plasse', 'description': 'actor'}, {'name': 'Andree Vermeulen', 'description': 'actor'}, {'name': 'T. J. Miller', 'description': 'actor'}, {'name': 'Chad Hammes', 'description': 'actor'}, {'name': 'Art Brown', 'description': 'actor'}, {'name': 'Douglas Sloan', 'description': 'actor'}]"
AK47 vs M16: A Deadly Military Weapons Duel,,,"Free Services, Prime Video",,Movie,,,,[]
Two Weddings and a Funeral,6/21/2012,"Comedy, LGBTQ",Philo,South Korea,Movie,,6.2/10,,"[{'name': 'Kim Jho Gwang-soo', 'description': 'director'}, {'name': 'Kim Dong-yoon', 'description': 'actor'}, {'name': 'Song Yong-Jin', 'description': 'actor'}, {'name': 'Ryu Hyun-kyung', 'description': 'actor'}, {'name': 'Jung Ae-yeun', 'description': 'actor'}, {'name': 'Park Jung-pyo', 'description': 'actor'}, {'name': 'Park Su-young', 'description': 'actor'}, {'name': 'Kim Joon-bum', 'description': 'actor'}, {'name': 'Lee Seung-joon', 'description': 'actor'}, {'name': 'Choi Il-hwa', 'description': 'actor'}, {'name': 'Yoo Yeon-seok', 'description': 'actor'}, {'name': 'Jeong In-gi', 'description': 'actor'}, {'name': 'Lee Mun-sik', 'description': 'actor'}, {'name': 'Kim Jung-young', 'description': 'actor'}, {'name': 'Lee Ji-youn', 'description': 'actor'}, {'name': 'Kim Yeong-don', 'description': 'actor'}, {'name': 'Kim Yoon-sin', 'description': 'author'}, {'name': 'Park Hae-young', 'description': 'author'}, {'name': 'Kim Dong-wook', 'description': 'actor'}]"
The Caine Mutiny,6/23/1954,Drama,Prime Video ,America,Movie,,7.7/10,,"[{'name': 'Edward Dmytryk', 'description': 'director'}, {'name': 'Humphrey Bogart', 'description': 'actor'}, {'name': 'José Ferrer', 'description': 'actor'}, {'name': 'Van Johnson', 'description': 'actor'}, {'name': 'Fred MacMurray', 'description': 'actor'}, {'name': 'Robert Francis', 'description': 'actor'}, {'name': 'May Wynn', 'description': 'actor'}, {'name': 'Tom Tully', 'description': 'actor'}, {'name': 'E.G. Marshall', 'description': 'actor'}, {'name': 'Arthur Franz', 'description': 'actor'}, {'name': 'Lee Marvin', 'description': 'actor'}, {'name': 'Warner Anderson', 'description': 'actor'}, {'name': 'Claude Akins', 'description': 'actor'}, {'name': 'Katherine Warren', 'description': 'actor'}, {'name': 'Jerry Paris', 'description': 'actor'}, {'name': 'Steve Brodie', 'description': 'actor'}, {'name': 'Sam Harris', 'description': 'actor'}, {'name': 'Bert Stevens', 'description': 'actor'}, {'name': 'Don Anderson', 'description': 'actor'}, {'name': 'Herbert Anderson', 'description': 'actor'}, {'name': 'Joe Haworth', 'description': 'actor'}, {'name': 'James Best', 'description': 'actor'}, {'name': 'Stanley Kramer', 'description': 'actor'}, {'name': 'Herman Wouk', 'description': 'author'}]"
The Red Tent,12/23/1969,"Fantasy, Action & Adventure",Prime Video ,Italy,Movie,All (G),6.9/10,,"[{'name': 'Mikhail Kalatozov', 'description': 'director'}, {'name': 'Peter Finch', 'description': 'actor'}, {'name': 'Sean Connery', 'description': 'actor'}, {'name': 'Claudia Cardinale', 'description': 'actor'}, {'name': 'Hardy Krüger', 'description': 'actor'}, {'name': 'Eduard Martsevich', 'description': 'actor'}, {'name': 'Grigori Gaj', 'description': 'actor'}, {'name': 'Nikita Mikhalkov', 'description': 'actor'}, {'name': 'Luigi Vannucchi', 'description': 'actor'}, {'name': 'Mario Adorf', 'description': 'actor'}, {'name': 'Donatas Banionis', 'description': 'actor'}, {'name': 'Massimo Girotti', 'description': 'actor'}, {'name': 'Yuriy Solomin', 'description': 'actor'}, {'name': 'Otar Koberidze', 'description': 'actor'}, {'name': 'Boris Khmelnitsky', 'description': 'actor'}, {'name': 'Yuri Vizbor', 'description': 'actor'}, {'name': 'Vladimir Smirnov', 'description': 'actor'}, {'name': 'Alberto Cavallone', 'description': 'author'}, {'name': 'Ennio De Concini', 'description': 'author'}, {'name': 'Richard DeLong Adams', 'description': 'author'}, {'name': 'Robert Bolt', 'description': 'author'}]"
La Cucaracha,5/14/1998,"Crime, Thriller","Free Services, Prime Video",,Movie,18+ (R),5.9/10,,"[{'name': 'Jack Perez', 'description': 'director'}, {'name': 'Eric Roberts', 'description': 'actor'}, {'name': 'Joaquim de Almeida', 'description': 'actor'}, {'name': 'Victor Rivers', 'description': 'actor'}, {'name': 'James McManus', 'description': 'actor'}, {'name': 'Tara Crespo', 'description': 'actor'}, {'name': 'Michael Peña', 'description': 'actor'}, {'name': 'James McManus', 'description': 'author'}]"
Crime Shock: Asia Exposed,1/1/2013,,Hulu,,TV Show,,,1,[]
Anne-Marie,3/6/1936,Drama,The Criterion Channel,France,Movie,,10-Jun,,"[{'name': 'Raymond Bernard', 'description': 'director'}, {'name': 'Annabella', 'description': 'actor'}, {'name': 'Pierre Richard-Willm', 'description': 'actor'}, {'name': 'Paul Azaïs', 'description': 'actor'}, {'name': 'Pierre Labry', 'description': 'actor'}, {'name': 'Abel Jacquin', 'description': 'actor'}, {'name': 'Christian Gérard', 'description': 'actor'}, {'name': 'Jean Murat', 'description': 'actor'}, {'name': 'Valentine Camax', 'description': 'actor'}, {'name': 'André Carnège', 'description': 'actor'}, {'name': 'Enrico Glori', 'description': 'actor'}, {'name': 'Jean Marconi', 'description': 'actor'}, {'name': 'Odette Talazac', 'description': 'actor'}, {'name': 'Antoine de Saint-Exupéry', 'description': 'author'}]"
Behave Yourself!,9/22/1951,"Crime, Comedy","Free Services, Prime Video",America,Movie,,5.5/10,,"[{'name': 'George Beck', 'description': 'director'}, {'name': 'Farley Granger', 'description': 'actor'}, {'name': 'Shelley Winters', 'description': 'actor'}, {'name': 'William Demarest', 'description': 'actor'}, {'name': 'Francis L. Sullivan', 'description': 'actor'}, {'name': 'Margalo Gillmore', 'description': 'actor'}, {'name': 'Lon Chaney Jr.', 'description': 'actor'}, {'name': 'Hans Conried', 'description': 'actor'}, {'name': 'Elisha Cook Jr.', 'description': 'actor'}, {'name': 'Glenn Anders', 'description': 'actor'}, {'name': 'Allen Jenkins', 'description': 'actor'}, {'name': 'Sheldon Leonard', 'description': 'actor'}, {'name': 'Marvin Kaplan', 'description': 'actor'}, {'name': 'Henry Corden', 'description': 'actor'}, {'name': 'Don Beddoe', 'description': 'actor'}, {'name': 'Kathleen Freeman', 'description': 'actor'}, {'name': 'Herb Vigran', 'description': 'actor'}, {'name': 'King Donovan', 'description': 'actor'}, {'name': 'George Beck', 'description': 'author'}]"
Bully,4/23/2011,"Drama, Documentary","Netflix, Prime Video",America,Movie,13+ (PG-13),7.3/10,,"[{'name': 'Lee Hirsch', 'description': 'director'}, {'name': 'Cynthia Lowen', 'description': 'actor'}, {'name': 'Lee Hirsch', 'description': 'actor'}, {'name': 'Cindy Waitt', 'description': 'actor'}, {'name': 'Cynthia Lowen', 'description': 'author'}, {'name': 'Lee Hirsch', 'description': 'author'}]"
A Turtle's Tale: Sammy's Adventures,8/3/2010,"Animation, Action & Adventure","Free Services, Prime Video",Belgium,Movie,All (G),10-Jun,,"[{'name': 'Ben Stassen', 'description': 'director'}, {'name': 'Yuri Lowenthal', 'description': 'actor'}, {'name': 'Gemma Arterton', 'description': 'actor'}, {'name': 'Isabelle Fuhrman', 'description': 'actor'}, {'name': 'Melanie Griffith', 'description': 'actor'}, {'name': 'Tim Curry', 'description': 'actor'}, {'name': 'John Hurt', 'description': 'actor'}, {'name': 'Robert Sheehan', 'description': 'actor'}, {'name': 'Kathy Griffin', 'description': 'actor'}, {'name': 'Jenny McCarthy-Wahlberg', 'description': 'actor'}, {'name': 'Gigi Perreau', 'description': 'actor'}, {'name': 'Eric Unger', 'description': 'actor'}, {'name': 'Kierstin Koppel', 'description': 'actor'}, {'name': 'Pat Carroll', 'description': 'actor'}, {'name': 'Charlie Adler', 'description': 'actor'}, {'name': 'Cam Clarke', 'description': 'actor'}, {'name': 'Alan Shearman', 'description': 'actor'}, {'name': 'Scott Menville', 'description': 'actor'}, {'name': 'W.K. Stratton', 'description': 'actor'}, {'name': 'Pamela Adlon', 'description': 'actor'}, {'name': 'Tim Dadabo', 'description': 'actor'}, {'name': 'Al Rodrigo', 'description': 'actor'}, {'name': 'Ben Stassen', 'description': 'actor'}, {'name': 'Caroline Van Iseghem', 'description': 'actor'}]"
Fall In Love,11/9/2021,"History, Drama",Prime Video ,,TV Show,,8.9/10,1,"[{'name': 'Chen Xingxu', 'description': 'actor'}, {'name': 'Zhang Jingyi', 'description': 'actor'}, {'name': 'Lin Yanjun', 'description': 'actor'}, {'name': 'Maggie Chen', 'description': 'actor'}, {'name': 'Ma Yue', 'description': 'actor'}, {'name': 'Dai Yaqi', 'description': 'actor'}, {'name': 'Shao Weitong', 'description': 'actor'}, {'name': 'Huo Zhengyan', 'description': 'actor'}, {'name': 'Xiu Qing', 'description': 'actor'}, {'name': 'Zheng Xiaoning', 'description': 'actor'}]"
Bride and Prejudice: Forbidden Love,2/24/2020,,Free Services,,TV Show,,,1,[]
Fivestar Training with Wayne Rooney: Finishing,5/27/2014,,"Free Services, Prime Video",,Movie,,,,[]
Westbound,4/25/1959,,Prime Video ,America,Movie,,6.5/10,,"[{'name': 'Budd Boetticher', 'description': 'director'}, {'name': 'Randolph Scott', 'description': 'actor'}, {'name': 'Virginia Mayo', 'description': 'actor'}, {'name': 'Karen Steele', 'description': 'actor'}, {'name': 'Michael Dante', 'description': 'actor'}, {'name': 'Andrew Duggan', 'description': 'actor'}, {'name': 'Michael Pate', 'description': 'actor'}, {'name': 'Wally Brown', 'description': 'actor'}, {'name': 'John Daheim', 'description': 'actor'}, {'name': 'Walter Barnes', 'description': 'actor'}, {'name': 'Henry Blanke', 'description': 'actor'}, {'name': 'Berne Giler', 'description': 'author'}]"
Nosferatu.com,11/20/2016,"Crime, Horror",Prime Video ,France,Movie,,10-Apr,,"[{'name': 'Julien Dève', 'description': 'director'}, {'name': 'Anthony Lefebvre', 'description': 'actor'}, {'name': 'Loïc Menage', 'description': 'actor'}, {'name': 'Adrien Leboulanger', 'description': 'actor'}, {'name': 'Leslie Fleutry', 'description': 'actor'}, {'name': 'Emmanuel Gost', 'description': 'actor'}, {'name': 'Michel Anthunes', 'description': 'actor'}, {'name': 'Mathieu Farcy', 'description': 'actor'}, {'name': 'Claire Lemetter', 'description': 'actor'}, {'name': 'Romain Berhault', 'description': 'actor'}, {'name': 'Alexis Iegay', 'description': 'actor'}, {'name': 'Amélie Douay', 'description': 'actor'}, {'name': 'Marc Prieur', 'description': 'actor'}, {'name': 'Julien fremont', 'description': 'actor'}, {'name': 'Lucille Gimonet', 'description': 'actor'}, {'name': 'Benjamin Chapelet', 'description': 'actor'}, {'name': 'Anne-Sophie Galletout', 'description': 'actor'}, {'name': 'Charles Sader', 'description': 'actor'}, {'name': 'Magdalena Carpentier', 'description': 'actor'}, {'name': 'Matthieu Samelor', 'description': 'actor'}, {'name': 'Jimmy Von Dräsilheim', 'description': 'actor'}, {'name': 'Rémi Gérard', 'description': 'actor'}, {'name': 'Gautier Cazenave', 'description': 'actor'}, {'name': 'Mickael Penisson', 'description': 'actor'}]"
Candy Stripe Nurses,5/1/1974,"Mystery, Thriller","Free Services, Prime Video",America,Movie,18+ (R),4.6/10,,"[{'name': 'Alan Holleb', 'description': 'director'}, {'name': 'Candice Rialson', 'description': 'actor'}, {'name': 'Robin Mattson', 'description': 'actor'}, {'name': 'María Rojo', 'description': 'actor'}, {'name': 'Roger Cruz', 'description': 'actor'}, {'name': 'Rod Haase', 'description': 'actor'}, {'name': 'Richard Gates', 'description': 'actor'}, {'name': 'Don Keefer', 'description': 'actor'}, {'name': 'Kendrew Lascelles', 'description': 'actor'}, {'name': 'Michael Ross Verona', 'description': 'actor'}, {'name': 'Kimberly Hyde', 'description': 'actor'}, {'name': 'Elana Casey', 'description': 'actor'}, {'name': 'john hudson', 'description': 'actor'}, {'name': 'Ruth Warshawsky', 'description': 'actor'}, {'name': 'June Christopher', 'description': 'actor'}, {'name': 'James Espinoza', 'description': 'actor'}, {'name': 'Al Alu', 'description': 'actor'}, {'name': 'Frank Lugo', 'description': 'actor'}, {'name': 'Ray Galvin', 'description': 'actor'}, {'name': 'Tom Baker', 'description': 'actor'}, {'name': 'Alma Beltran', 'description': 'actor'}, {'name': 'Bill Erwin', 'description': 'actor'}, {'name': 'Julie Corman', 'description': 'actor'}, {'name': 'Roger Corman', 'description': 'actor'}]"
How to Train Your Dragon,3/18/2010,"Animation, Fantasy","Free Services, Prime Video",America,Movie,7+ (PG),8.1/10,,"[{'name': 'Chris Sanders', 'description': 'director'}, {'name': 'Dean DeBlois', 'description': 'director'}, {'name': 'Jay Baruchel', 'description': 'actor'}, {'name': 'Gerard Butler', 'description': 'actor'}, {'name': 'Craig Ferguson', 'description': 'actor'}, {'name': 'America Ferrera', 'description': 'actor'}, {'name': 'Jonah Hill', 'description': 'actor'}, {'name': 'Christopher Mintz-Plasse', 'description': 'actor'}, {'name': 'T. J. Miller', 'description': 'actor'}, {'name': 'Kristen Wiig', 'description': 'actor'}, {'name': 'David Tennant', 'description': 'actor'}, {'name': 'Ashley Jensen', 'description': 'actor'}, {'name': 'Robin Atkin Downes', 'description': 'actor'}, {'name': 'Philip McGrade', 'description': 'actor'}, {'name': 'Kieron Elliott', 'description': 'actor'}, {'name': 'Bonnie Arnold', 'description': 'actor'}, {'name': 'Kristine Belson', 'description': 'actor'}, {'name': 'Tim Johnson', 'description': 'actor'}, {'name': 'Chris Sanders', 'description': 'author'}, {'name': 'Cressida Cowell', 'description': 'author'}, {'name': 'Dean DeBlois', 'description': 'author'}, {'name': 'Will Davies', 'description': 'author'}, {'name': 'John Powell', 'description': 'actor'}]"
My Friend The Devil,11/19/1922,"Romance, Drama",Prime Video ,America,Movie,,,,"[{'name': 'Harry F. Millarde', 'description': 'director'}, {'name': 'Charles Richman', 'description': 'actor'}, {'name': 'Peggy Shaw', 'description': 'actor'}, {'name': 'William H. Tooker', 'description': 'actor'}, {'name': 'Myrtle Stewart', 'description': 'actor'}, {'name': 'Adolph Milar', 'description': 'actor'}, {'name': 'Barbara Castleton', 'description': 'actor'}, {'name': 'Harry F. Millarde', 'description': 'actor'}, {'name': 'Georges Ohnet', 'description': 'author'}]"
Unlocking the Cage,1/25/2016,"Documentary, Drama",HBO,America,Movie,16+,10-Jul,,"[{'name': 'Chris Hegedus', 'description': 'director'}, {'name': 'D. A. Pennebaker', 'description': 'director'}, {'name': 'Chris Hegedus', 'description': 'actor'}, {'name': 'Rosadel Varela', 'description': 'actor'}, {'name': 'Frazer Pennebaker', 'description': 'actor'}, {'name': 'James Lavino', 'description': 'actor'}]"
Target: Philadelphia,2/2/2019,Documentary,Free Services,,Movie,,,,"[{'name': 'Sean Slater', 'description': 'director'}]"
G3 Live in Concert,8/8/1997,Documentary,Prime Video ,,Movie,,8.6/10,,[]
Sinister 2,8/19/2015,"Horror, Mystery","Netflix, Prime Video",Canada,Movie,18+ (R),5.3/10,,"[{'name': 'Ciarán Foy', 'description': 'director'}, {'name': 'James Ransone', 'description': 'actor'}, {'name': 'Shannyn Sossamon', 'description': 'actor'}, {'name': 'Robert Daniel Sloan', 'description': 'actor'}, {'name': 'Dartanian Sloan', 'description': 'actor'}, {'name': 'Lea Coco', 'description': 'actor'}, {'name': 'Tate Ellington', 'description': 'actor'}, {'name': 'John Beasley', 'description': 'actor'}, {'name': 'Lucas Jade Zumann', 'description': 'actor'}, {'name': 'Jaden Klein', 'description': 'actor'}, {'name': 'Laila Haley', 'description': 'actor'}, {'name': 'Caden M. Fritz', 'description': 'actor'}, {'name': 'Olivia Rainey', 'description': 'actor'}, {'name': 'Nicholas King', 'description': 'actor'}, {'name': 'Delphine Pontvieux', 'description': 'actor'}, {'name': 'Michael B. Woods', 'description': 'actor'}, {'name': 'Tory O. Davis', 'description': 'actor'}, {'name': 'Howie Johnson', 'description': 'actor'}, {'name': 'Grace Holuby', 'description': 'actor'}, {'name': 'John Francis Mountain', 'description': 'actor'}, {'name': 'Nicole Santini', 'description': 'actor'}, {'name': 'Stephen Varga', 'description': 'actor'}, {'name': 'Brian Kavanaugh-Jones', 'description': 'actor'}, {'name': 'Jason Blum', 'description': 'actor'}]"
Sisterhood of the Red Garter,9/1/2015,"Drama, Comedy",Prime Video ,,Movie,,6.7/10,,[]
Mr. Drug Dealer,11/1/2008,"Action & Adventure, Mystery",Free Services,,Movie,,6.4/10,,"[{'name': 'J. Xavier Velasco', 'description': 'director'}, {'name': 'Diana Golden', 'description': 'actor'}, {'name': 'Guillermo Navarrete', 'description': 'actor'}, {'name': 'Ignacio Armenta', 'description': 'actor'}, {'name': 'Luis Zepeda', 'description': 'actor'}, {'name': 'Fernando C. Finck', 'description': 'author'}]"
Chip 'n' Dale: Park Life,7/28/2021,"Animation, Action & Adventure",Disney+,,TV Show,All (TV-G),5.7/10,1,"[{'name': 'Matthew Géczy', 'description': 'actor'}, {'name': 'Kaycie Chase', 'description': 'actor'}, {'name': 'Bill Farmer', 'description': 'actor'}, {'name': 'Sylvain Caruso', 'description': 'actor'}, {'name': 'David Gasman', 'description': 'actor'}, {'name': 'Lee Delong', 'description': 'actor'}, {'name': 'Marc Du Pontavice', 'description': 'actor'}, {'name': 'Vincent Artaud', 'description': 'actor'}]"
Mujer de cabaret,4/11/1991,"Action & Adventure, Drama",Free Services,Mexico,Movie,,5.7/10,,"[{'name': 'Julián Pastor', 'description': 'director'}, {'name': 'Maribel Guardia', 'description': 'actor'}, {'name': 'Leonardo Daniel', 'description': 'actor'}, {'name': 'Isaura Espinoza', 'description': 'actor'}, {'name': 'Roberto Ballesteros', 'description': 'actor'}, {'name': 'Pedro Weber', 'description': 'actor'}, {'name': 'Hugo Stiglitz', 'description': 'actor'}, {'name': 'Diana Golden', 'description': 'actor'}, {'name': 'Diana Herrera', 'description': 'actor'}, {'name': 'Azela Robinson', 'description': 'actor'}, {'name': 'Myrrah Saavedra', 'description': 'actor'}, {'name': 'Malena Doria', 'description': 'actor'}, {'name': 'Lupita Adriana', 'description': 'actor'}, {'name': 'Abraham Cherem', 'description': 'actor'}, {'name': 'Carlos Vasallo', 'description': 'actor'}, {'name': 'Abraham Cherem', 'description': 'author'}, {'name': 'Alejandro Licona', 'description': 'author'}, {'name': 'Alejandro Giacomán', 'description': 'actor'}]"
Little Nicky,11/10/2000,"Romance, Comedy","Free Services, Prime Video",America,Movie,13+ (PG-13),5.3/10,,"[{'name': 'Steven Brill', 'description': 'director'}, {'name': 'Adam Sandler', 'description': 'actor'}, {'name': 'Patricia Arquette', 'description': 'actor'}, {'name': 'Harvey Keitel', 'description': 'actor'}, {'name': 'Rhys Ifans', 'description': 'actor'}, {'name': ""Tom 'Tiny' Lister Jr."", 'description': 'actor'}, {'name': 'Rodney Dangerfield', 'description': 'actor'}, {'name': 'Allen Covert', 'description': 'actor'}, {'name': 'Peter Dante', 'description': 'actor'}, {'name': 'Jonathan Loughran', 'description': 'actor'}, {'name': 'Robert Smigel', 'description': 'actor'}, {'name': 'Reese Witherspoon', 'description': 'actor'}, {'name': 'Dana Carvey', 'description': 'actor'}, {'name': 'Jon Lovitz', 'description': 'actor'}, {'name': 'Kevin Nealon', 'description': 'actor'}, {'name': 'Michael McKean', 'description': 'actor'}, {'name': 'Quentin Tarantino', 'description': 'actor'}, {'name': 'Blake Clark', 'description': 'actor'}, {'name': 'Rob Schneider', 'description': 'actor'}, {'name': 'John Witherspoon', 'description': 'actor'}, {'name': 'Clint Howard', 'description': 'actor'}, {'name': 'Leah Lail', 'description': 'actor'}, {'name': 'Jack Giarraputo', 'description': 'actor'}, {'name': 'Robert Simonds', 'description': 'actor'}]"
Train,10/16/2008,"Horror, Thriller","Free Services, Prime Video",America,Movie,18+ (R),4.7/10,,"[{'name': 'Gideon Raff', 'description': 'director'}, {'name': 'Thora Birch', 'description': 'actor'}, {'name': 'Gideon Emery', 'description': 'actor'}, {'name': 'Gloria Votsis', 'description': 'actor'}, {'name': 'Derek Magyar', 'description': 'actor'}, {'name': 'Todd Jensen', 'description': 'actor'}, {'name': 'Mike Straub', 'description': 'actor'}, {'name': 'Matthew Tibbs', 'description': 'actor'}, {'name': 'Boaz Davidson', 'description': 'actor'}, {'name': 'Danny Lerner', 'description': 'actor'}, {'name': 'Les Weldon', 'description': 'actor'}, {'name': 'Gideon Raff', 'description': 'author'}]"
The Adventurers,3/25/1970,"Drama, Action & Adventure",Prime Video ,America,Movie,18+ (R),5.4/10,,"[{'name': 'Lewis Gilbert', 'description': 'director'}, {'name': 'Charles Aznavour', 'description': 'actor'}, {'name': 'Alan Badel', 'description': 'actor'}, {'name': 'Candice Bergen', 'description': 'actor'}, {'name': 'Thommy Berggren', 'description': 'actor'}, {'name': 'Delia Boccardo', 'description': 'actor'}, {'name': 'Ernest Borgnine', 'description': 'actor'}, {'name': 'Rossano Brazzi', 'description': 'actor'}, {'name': 'Olivia de Havilland', 'description': 'actor'}, {'name': 'Bekim Fehmiu', 'description': 'actor'}, {'name': 'Anna Moffo', 'description': 'actor'}, {'name': 'Fernando Rey', 'description': 'actor'}, {'name': 'Leigh Taylor-Young', 'description': 'actor'}, {'name': 'Yolande Donlan', 'description': 'actor'}, {'name': 'John Ireland', 'description': 'actor'}, {'name': 'Jorge Martínez de Hoyos', 'description': 'actor'}, {'name': 'Christian Roberts', 'description': 'actor'}, {'name': 'Angela Scoular', 'description': 'actor'}, {'name': 'Sydney Tafler', 'description': 'actor'}, {'name': 'Yorgo Voyagis', 'description': 'actor'}, {'name': 'Milena Vukotić', 'description': 'actor'}, {'name': 'Loris Loddi', 'description': 'actor'}, {'name': 'Lewis Gilbert', 'description': 'actor'}, {'name': 'Harold Robbins', 'description': 'author'}]"
The Sum of All Fears,5/31/2002,"Thriller, Drama","Paramount+, Prime Video",America,Movie,13+ (PG-13),6.4/10,,"[{'name': 'Phil Alden Robinson', 'description': 'director'}, {'name': 'Ben Affleck', 'description': 'actor'}, {'name': 'Morgan Freeman', 'description': 'actor'}, {'name': 'James Cromwell', 'description': 'actor'}, {'name': 'Liev Schreiber', 'description': 'actor'}, {'name': 'Bridget Moynahan', 'description': 'actor'}, {'name': 'Alan Bates', 'description': 'actor'}, {'name': 'Ciarán Hinds', 'description': 'actor'}, {'name': 'Philip Baker Hall', 'description': 'actor'}, {'name': 'Ron Rifkin', 'description': 'actor'}, {'name': 'Bruce McGill', 'description': 'actor'}, {'name': 'Colm Feore', 'description': 'actor'}, {'name': 'Josef Sommer', 'description': 'actor'}, {'name': 'Ken Jenkins', 'description': 'actor'}, {'name': 'Michael Byrne', 'description': 'actor'}, {'name': 'John Beasley', 'description': 'actor'}, {'name': 'Jamie Harrold', 'description': 'actor'}, {'name': 'Ian Mongrain', 'description': 'actor'}, {'name': 'Russell Bobbitt', 'description': 'actor'}, {'name': 'Al Vandecruys', 'description': 'actor'}, {'name': 'Richard Cohee', 'description': 'actor'}, {'name': 'Philip Pretten', 'description': 'actor'}, {'name': 'Mace Neufeld', 'description': 'actor'}, {'name': 'Stratton Leopold', 'description': 'actor'}]"
Hardcase,2/1/1972,Science-Fiction,Prime Video ,America,Movie,,6.5/10,,"[{'name': 'John Llewellyn Moxey', 'description': 'director'}, {'name': 'Clint Walker', 'description': 'actor'}, {'name': 'Stefanie Powers', 'description': 'actor'}, {'name': 'Pedro Armendáriz Jr.', 'description': 'actor'}, {'name': 'Alex Karras', 'description': 'actor'}, {'name': 'E. Lopez Rojas', 'description': 'actor'}, {'name': 'Luis Mirando', 'description': 'actor'}, {'name': 'Martin LaSalle', 'description': 'actor'}, {'name': 'Matthew Rapf', 'description': 'actor'}, {'name': 'Joseph Barbera', 'description': 'actor'}, {'name': 'William Hanna', 'description': 'actor'}, {'name': 'Harold Jack Bloom', 'description': 'author'}, {'name': 'Sam Rolfe', 'description': 'author'}, {'name': 'Patrick Williams', 'description': 'actor'}]"
4 Quarters of Silence,4/29/2017,"Drama, Documentary",Prime Video ,,Movie,,,,[]
Boy Soldiers of World War 2,,"Documentary, History",Free Services,,Movie,,,,[]
Breakin' All the Rules,5/14/2004,"Romance, Comedy","Peacock Premium, Prime Video",America,Movie,13+ (PG-13),5.6/10,,"[{'name': 'Daniel Taplitz', 'description': 'director'}, {'name': 'Jamie Foxx', 'description': 'actor'}, {'name': 'Morris Chestnut', 'description': 'actor'}, {'name': 'Jennifer Esposito', 'description': 'actor'}, {'name': 'Gabrielle Union', 'description': 'actor'}, {'name': 'Peter MacNicol', 'description': 'actor'}, {'name': 'Heather Headley', 'description': 'actor'}, {'name': 'Octavia Spencer', 'description': 'actor'}, {'name': 'Bianca Lawson', 'description': 'actor'}, {'name': 'Jill Ritchie', 'description': 'actor'}, {'name': 'Danny Comden', 'description': 'actor'}, {'name': 'Patrick Cranshaw', 'description': 'actor'}, {'name': 'Tate Taylor', 'description': 'actor'}, {'name': 'Bob Stephenson', 'description': 'actor'}, {'name': 'Faune Chambers', 'description': 'actor'}, {'name': 'Trae Ireland', 'description': 'actor'}, {'name': 'Gerald Emerick', 'description': 'actor'}, {'name': 'Samantha Nagel', 'description': 'actor'}, {'name': 'Jessica Landon', 'description': 'actor'}, {'name': 'Lisa Tornell', 'description': 'actor'}, {'name': 'Paddy Cullen', 'description': 'actor'}, {'name': 'Daniel Taplitz', 'description': 'author'}]"
Episode dated 1 January 2010,1/1/2010,Family,Kanopy,,Movie,,,,[]
Server Sundaram,12/11/1964,"Romance, Comedy","Prime Video, Prime Video",India,Movie,,7.8/10,,"[{'name': 'R. Krishnan', 'description': 'director'}, {'name': 'S. Panju', 'description': 'director'}, {'name': 'Nagesh', 'description': 'actor'}, {'name': 'K R Vijaya', 'description': 'actor'}, {'name': 'R. Muthuraman', 'description': 'actor'}, {'name': 'S. N. Lakshmi', 'description': 'actor'}, {'name': 'Major Sundarrajan', 'description': 'actor'}, {'name': 'Manorama', 'description': 'actor'}, {'name': 'S. Rama Rao', 'description': 'actor'}, {'name': 'Rama Prabha', 'description': 'actor'}, {'name': 'S. V. Ranga Rao', 'description': 'actor'}, {'name': 'T. M. Soundararajan', 'description': 'actor'}, {'name': 'M. S. Viswanathan', 'description': 'actor'}, {'name': 'S. Maruti Rao', 'description': 'actor'}, {'name': 'Vaali', 'description': 'actor'}, {'name': 'A. V. Meiyappan', 'description': 'actor'}, {'name': 'K. Balachander', 'description': 'author'}, {'name': 'M. S. Viswanathan', 'description': 'actor'}, {'name': 'T. K. Ramamoorthy', 'description': 'actor'}]"
Deadline,1/1/2009,"Horror, Drama",Prime Video ,America,Movie,18+ (R),4.5/10,,"[{'name': 'Sean McConville', 'description': 'director'}, {'name': 'Brittany Murphy', 'description': 'actor'}, {'name': 'Thora Birch', 'description': 'actor'}, {'name': 'Tammy Blanchard', 'description': 'actor'}, {'name': 'Marc Blucas', 'description': 'actor'}, {'name': 'Claudia Troll', 'description': 'actor'}, {'name': 'Roger Betterton', 'description': 'actor'}, {'name': 'Sean McConville', 'description': 'actor'}, {'name': 'Shireen M. Hashim', 'description': 'actor'}, {'name': 'Norman Abdul Halim', 'description': 'actor'}, {'name': 'Sean McConville', 'description': 'author'}, {'name': 'Carlos José Alvarez', 'description': 'actor'}]"
The Reality of Truth,7/19/2016,Documentary,Prime Video ,,Movie,7+ (PG),6.2/10,,"[{'name': 'Laurent Lévy', 'description': 'director'}, {'name': 'Mike Zapolin', 'description': 'director'}, {'name': 'Tim Booth', 'description': 'actor'}, {'name': 'Deepak Chopra', 'description': 'actor'}, {'name': 'Peter Coyote', 'description': 'actor'}, {'name': 'Ram Dass', 'description': 'actor'}, {'name': 'Serena Dyer', 'description': 'actor'}, {'name': 'Amazon John Easterling', 'description': 'actor'}, {'name': 'Foster Gamble', 'description': 'actor'}, {'name': 'Charles Grob', 'description': 'actor'}, {'name': 'John Hagelin', 'description': 'actor'}, {'name': 'Mark Victor Hansen', 'description': 'actor'}, {'name': 'Thomas Jane', 'description': 'actor'}, {'name': 'Gurmukh Kaur Khalsa', 'description': 'actor'}, {'name': 'David Lynch', 'description': 'actor'}, {'name': 'Drew Pinsky', 'description': 'actor'}, {'name': 'Michelle Rodriguez', 'description': 'actor'}, {'name': 'Marianne Williamson', 'description': 'actor'}, {'name': 'Mike Zapolin', 'description': 'author'}]"
Samurai Spy,7/10/1965,"Drama, Action & Adventure",The Criterion Channel,Japan,Movie,,10-Jul,,"[{'name': 'Masahiro Shinoda', 'description': 'director'}, {'name': 'Kōji Takahashi', 'description': 'actor'}, {'name': 'Shintarō Ishihara', 'description': 'actor'}, {'name': 'Eitarō Ozawa', 'description': 'actor'}, {'name': 'Kei Satō', 'description': 'actor'}, {'name': 'Rokkō Toura', 'description': 'actor'}, {'name': 'Tetsurō Tamba', 'description': 'actor'}, {'name': 'Eiji Okada', 'description': 'actor'}, {'name': 'Seiji Miyaguchi', 'description': 'actor'}, {'name': 'Minoru Hodaka', 'description': 'actor'}, {'name': 'Misako Watanabe', 'description': 'actor'}, {'name': 'Yasunori Irikawa', 'description': 'actor'}, {'name': 'Jitsuko Yoshimura', 'description': 'actor'}, {'name': 'Jun Hamamura', 'description': 'actor'}, {'name': 'Takeshi Kusaka', 'description': 'actor'}, {'name': 'Hiroshi Aoyama', 'description': 'actor'}, {'name': 'Hisanobu Ichikawa', 'description': 'actor'}, {'name': 'Kentarô Imai', 'description': 'actor'}, {'name': 'Taku Kido', 'description': 'actor'}, {'name': ""Shin'ya Mizushima"", 'description': 'actor'}, {'name': 'Hideto Nakagawa', 'description': 'actor'}, {'name': 'Shuichi Oki', 'description': 'actor'}, {'name': 'Shizuo Yamanouchi', 'description': 'actor'}, {'name': 'Koji Nakada', 'description': 'author'}]"
Nothing Special,1/1/2010,"Comedy, Drama","Free Services, Prime Video",America,Movie,,4.2/10,,"[{'name': 'Angela Garcia Combs', 'description': 'director'}, {'name': 'Julia Garcia Combs', 'description': 'actor'}, {'name': 'Karen Black', 'description': 'actor'}, {'name': 'Barbara Bain', 'description': 'actor'}, {'name': 'David Hardie', 'description': 'actor'}, {'name': 'Carlos De Antonis', 'description': 'actor'}, {'name': 'Marianne J. Murphy', 'description': 'actor'}, {'name': 'Mary Jo DuPrey', 'description': 'actor'}, {'name': 'John Kassir', 'description': 'actor'}, {'name': 'Eric Pierpoint', 'description': 'actor'}, {'name': 'Scott Ford', 'description': 'actor'}, {'name': 'Weston Blakesley', 'description': 'actor'}, {'name': 'Dougald Park', 'description': 'actor'}, {'name': 'Christine Breihan', 'description': 'actor'}, {'name': 'Christan Copeland', 'description': 'actor'}, {'name': 'Kerry Ann Reid', 'description': 'actor'}, {'name': 'Timothy Casto', 'description': 'actor'}, {'name': 'Josh Green', 'description': 'actor'}, {'name': 'Jessica Lauren Richmond', 'description': 'actor'}, {'name': 'Thom Cammer', 'description': 'actor'}, {'name': 'Janelle Blake', 'description': 'actor'}, {'name': 'Hedo Davis', 'description': 'actor'}, {'name': 'Angela Garcia Combs', 'description': 'actor'}, {'name': 'Richard Wilson', 'description': 'actor'}]"
Ali & Ratu Ratu Queens,6/17/2021,"Drama, Comedy",Netflix,Indonesia,Movie,16+,10-Jul,,"[{'name': 'Lucky Kuswandi', 'description': 'director'}, {'name': 'Iqbaal Dhiafakhri Ramadhan', 'description': 'actor'}, {'name': 'Nirina Zubir', 'description': 'actor'}, {'name': 'Asri Welas', 'description': 'actor'}, {'name': 'Tika Panggabean', 'description': 'actor'}, {'name': 'Happy Salma', 'description': 'actor'}, {'name': 'Aurora Ribero', 'description': 'actor'}, {'name': 'Marissa Anita', 'description': 'actor'}, {'name': 'Bayu Skak', 'description': 'actor'}, {'name': 'Cut Mini Theo', 'description': 'actor'}, {'name': 'Ibnu Jamil', 'description': 'actor'}, {'name': 'Gamaliel Eleazer', 'description': 'actor'}, {'name': 'Arief Didu', 'description': 'actor'}, {'name': 'Sita Nursanti', 'description': 'actor'}, {'name': 'Reza Chandika', 'description': 'actor'}, {'name': 'Rendha Rais', 'description': 'actor'}, {'name': 'Aline Jusria', 'description': 'actor'}, {'name': 'Malcolm Mikail', 'description': 'actor'}, {'name': 'Abbe Rachman', 'description': 'actor'}, {'name': 'Rofiq Sarfan', 'description': 'actor'}, {'name': 'Bitha Suryohadiprojo', 'description': 'actor'}, {'name': 'Umi Kalsum', 'description': 'actor'}, {'name': 'Meiske Taurisia', 'description': 'actor'}, {'name': 'Muhammad Zaidy', 'description': 'actor'}]"
Ghoul,2/26/2015,"Horror, Thriller","Free Services, Prime Video",Czechia,Movie,,4.5/10,,"[{'name': 'Petr Jákl', 'description': 'director'}, {'name': 'Jennifer Armour', 'description': 'actor'}, {'name': 'Jeremy Isabella', 'description': 'actor'}, {'name': 'Paul S. Tracey', 'description': 'actor'}, {'name': 'Alina Golovlyova', 'description': 'actor'}, {'name': 'Inna Belikova', 'description': 'actor'}, {'name': 'Petr Jákl', 'description': 'actor'}, {'name': 'Joe Lynch', 'description': 'actor'}, {'name': 'Rob Cohen', 'description': 'actor'}, {'name': 'Petr Bok', 'description': 'author'}, {'name': 'Petr Jákl', 'description': 'author'}]"
The Young Montalbano,2/23/2012,"Drama, Crime",Prime Video ,,TV Show,,7.9/10,2,"[{'name': 'Michele Riondino', 'description': 'actor'}, {'name': 'Andrea Tidona', 'description': 'actor'}, {'name': 'Alessio Vassallo', 'description': 'actor'}, {'name': 'Fabrizio Pizzuto', 'description': 'actor'}, {'name': 'Beniamino Marcone', 'description': 'actor'}, {'name': 'Sarah Felberbaum', 'description': 'actor'}, {'name': 'Adriano Chiaramida', 'description': 'actor'}, {'name': 'Alessio Piazza', 'description': 'actor'}, {'name': 'Maurilio Leto', 'description': 'actor'}, {'name': 'Giuseppe Santostefano', 'description': 'actor'}, {'name': 'Massimo De Rossi', 'description': 'actor'}, {'name': 'Massimiliano Davoli', 'description': 'actor'}, {'name': 'Gianluca Maria Tavarelli', 'description': 'actor'}]"
River,7/13/2021,"Drama, Science-Fiction","Free Services, Prime Video",,Movie,,3.3/10,,[]
Highway to Havasu,3/7/2017,"Action & Adventure, Comedy","Free Services, Prime Video",America,Movie,18+ (R),3.7/10,,"[{'name': 'Jeff Janke', 'description': 'director'}, {'name': 'Caleb Thomas', 'description': 'actor'}, {'name': 'Andrew Fromer', 'description': 'actor'}, {'name': 'Ben Edlin', 'description': 'actor'}, {'name': 'Kayla Compton', 'description': 'actor'}, {'name': 'Jesse Jane', 'description': 'actor'}, {'name': 'Kayden Kross', 'description': 'actor'}, {'name': 'Kaylani Lei', 'description': 'actor'}, {'name': 'Jeff Janke', 'description': 'author'}]"
2 Premi Premache,6/19/2015,Romance,Prime Video ,,Movie,,5.2/10,,[]
Querelle,8/5/1982,Drama,HBO MAX,France,Movie,18+ (R),6.6/10,,"[{'name': 'Rainer Werner Fassbinder', 'description': 'director'}, {'name': 'Brad Davis', 'description': 'actor'}, {'name': 'Franco Nero', 'description': 'actor'}, {'name': 'Jeanne Moreau', 'description': 'actor'}, {'name': 'Laurent Malet', 'description': 'actor'}, {'name': 'Hanno Pöschl', 'description': 'actor'}, {'name': 'Günther Kaufmann', 'description': 'actor'}, {'name': 'Burkhard Driest', 'description': 'actor'}, {'name': 'Roger Fritz', 'description': 'actor'}, {'name': 'Dieter Schidor', 'description': 'actor'}, {'name': 'Natja Brunckhorst', 'description': 'actor'}, {'name': 'Robert van Ackeren', 'description': 'actor'}, {'name': 'Werner Asam', 'description': 'actor'}, {'name': 'Isolde Barth', 'description': 'actor'}, {'name': 'Axel Bauer', 'description': 'actor'}, {'name': 'Neil Bell', 'description': 'actor'}, {'name': 'Gilles Gavois', 'description': 'actor'}, {'name': 'Wolf Gremm', 'description': 'actor'}, {'name': 'Karl-Heinz von Hassel', 'description': 'actor'}, {'name': 'Y Sa Lo', 'description': 'actor'}, {'name': 'Michael McLernon', 'description': 'actor'}, {'name': 'Frank Ripploh', 'description': 'actor'}, {'name': 'Dieter Schidor', 'description': 'actor'}, {'name': 'Sam Waynberg', 'description': 'actor'}]"
The Garden Left Behind,8/28/2020,"Comedy, Drama","Free Services, Prime Video",Brazil,Movie,,5.9/10,,"[{'name': 'Flavio Alves', 'description': 'director'}, {'name': 'Carlie Guevara', 'description': 'actor'}, {'name': 'Michael Madsen', 'description': 'actor'}, {'name': 'Edward Asner', 'description': 'actor'}, {'name': 'Danny Flaherty', 'description': 'actor'}, {'name': 'Anthony Abdo', 'description': 'actor'}, {'name': 'Alex Kruz', 'description': 'actor'}, {'name': 'Tamara M. Williams', 'description': 'actor'}, {'name': 'Dawn Young', 'description': 'actor'}, {'name': 'Bernadette Quigley', 'description': 'actor'}, {'name': 'Frances Lozada', 'description': 'actor'}, {'name': 'Ivana Black', 'description': 'actor'}, {'name': 'Brock Yurich', 'description': 'actor'}, {'name': 'Miriam Cruz', 'description': 'actor'}, {'name': 'Will Krisanda', 'description': 'actor'}, {'name': 'Kristen Parker Lovell', 'description': 'actor'}, {'name': 'Tym Moss', 'description': 'actor'}, {'name': 'Sarah Skeist', 'description': 'actor'}, {'name': 'Paul Castro Jr.', 'description': 'actor'}, {'name': 'Lawrence Samuels', 'description': 'actor'}, {'name': 'Amanda M. Rodriguez', 'description': 'actor'}, {'name': 'Geoff Lee', 'description': 'actor'}, {'name': 'Roy Wol', 'description': 'actor'}, {'name': 'Adam Beasley', 'description': 'actor'}]"
Lumsden,1/1/1975,Documentary,"Fandor, Prime Video",Canada,Movie,,6.6/10,,"[{'name': 'Peter Raymont', 'description': 'director'}, {'name': 'Peter Raymont', 'description': 'actor'}, {'name': 'Tom Daly', 'description': 'actor'}, {'name': 'Colin Low', 'description': 'actor'}, {'name': 'Peter Raymont', 'description': 'author'}]"
Number 55,11/20/2014,Action & Adventure,"Free Services, Prime Video",,Movie,,6.9/10,,[]
Mountain Fever,8/26/2017,"Drama, Thriller",Free Services,France,Movie,,3.5/10,,"[{'name': 'Hendrik Faller', 'description': 'director'}, {'name': 'Anya Korzun', 'description': 'actor'}, {'name': 'Julien Michel', 'description': 'actor'}, {'name': 'Julien Caplan', 'description': 'actor'}, {'name': 'Tom Miller', 'description': 'actor'}]"
The X-Life,1/10/2011,"Sport, Reality","Free Services, Prime Video",,TV Show,,6.7/10,1,[]
After Yang,3/4/2022,"Science-Fiction, Drama","Showtime, Prime Video",America,Movie,7+ (PG),6.7/10,,"[{'name': 'Kogonada', 'description': 'director'}, {'name': 'Colin Farrell', 'description': 'actor'}, {'name': 'Jodie Turner-Smith', 'description': 'actor'}, {'name': 'Malea Emma Tjandrawidjaja', 'description': 'actor'}, {'name': 'Justin H. Min', 'description': 'actor'}, {'name': 'Ritchie Coster', 'description': 'actor'}, {'name': 'Sarita Choudhury', 'description': 'actor'}, {'name': 'Clifton Collins Jr.', 'description': 'actor'}, {'name': 'Haley Lu Richardson', 'description': 'actor'}, {'name': 'Orlagh Cassidy', 'description': 'actor'}, {'name': 'Ava DeMary', 'description': 'actor'}, {'name': 'Lee Wong', 'description': 'actor'}, {'name': 'Brett Dier', 'description': 'actor'}, {'name': 'Eve Lindley', 'description': 'actor'}, {'name': 'Adeline Kerns', 'description': 'actor'}, {'name': 'Ansley Kerns', 'description': 'actor'}, {'name': 'Nana Mensah', 'description': 'actor'}, {'name': 'An Li Bogan', 'description': 'actor'}, {'name': 'Deborah Hedwall', 'description': 'actor'}, {'name': 'Katie Honaker', 'description': 'actor'}, {'name': 'Alberto Del Saz', 'description': 'actor'}, {'name': 'Jesse Kovarsky', 'description': 'actor'}, {'name': 'Andrew Goldman', 'description': 'actor'}, {'name': 'Caroline Kaplan', 'description': 'actor'}]"
Baraka,9/15/1992,Documentary,"Free Services, Prime Video",America,Movie,All (G),8.5/10,,"[{'name': 'Ron Fricke', 'description': 'director'}, {'name': 'Patrick Disanto', 'description': 'actor'}, {'name': 'Alton Walpole', 'description': 'actor'}, {'name': 'Mark Magidson', 'description': 'actor'}, {'name': 'Constantine Nicholas', 'description': 'author'}, {'name': 'Genevieve Nicholas', 'description': 'author'}, {'name': 'Mark Magidson', 'description': 'author'}, {'name': 'Ron Fricke', 'description': 'author'}, {'name': 'Michael Stearns', 'description': 'actor'}]"
Axed To Pieces,5/11/2020,Horror,"Free Services, Prime Video",,Movie,,2.5/10,,"[{'name': 'Dustin Ferguson', 'description': 'director'}, {'name': 'Shawn C. Phillips', 'description': 'actor'}, {'name': 'Julie Anne Prescott', 'description': 'actor'}, {'name': 'Dustin Ferguson', 'description': 'actor'}, {'name': 'Jennifer Nangle', 'description': 'actor'}, {'name': 'Joshua Moomey', 'description': 'actor'}, {'name': 'Jarad Allen', 'description': 'actor'}, {'name': 'Jerimiah Douglas', 'description': 'actor'}, {'name': 'Dustin Ferguson', 'description': 'actor'}, {'name': 'Jerimiah Douglas', 'description': 'actor'}, {'name': 'Dustin Ferguson', 'description': 'author'}, {'name': 'Jerimiah Douglas', 'description': 'author'}]"
Prisoners of the Sun,12/20/2013,"Horror, Mystery","Free Services, Prime Video",Germany,Movie,16+,3.7/10,,"[{'name': 'Roger Christian', 'description': 'director'}, {'name': 'David Charvet', 'description': 'actor'}, {'name': 'Carmen Chaplin', 'description': 'actor'}, {'name': 'John Rhys-Davies', 'description': 'actor'}, {'name': 'Emily Holmes', 'description': 'actor'}, {'name': 'Nick Moran', 'description': 'actor'}, {'name': 'Michael Higgs', 'description': 'actor'}, {'name': 'Gulshan Grover', 'description': 'actor'}, {'name': 'Mohamed Akhzam', 'description': 'actor'}, {'name': 'Joss Ackland', 'description': 'actor'}, {'name': 'Edy Arellano', 'description': 'actor'}, {'name': 'Ahmed Boulane', 'description': 'actor'}, {'name': 'Katherine Heath', 'description': 'actor'}, {'name': 'Isabella Orlowska', 'description': 'actor'}, {'name': 'Shane Richie', 'description': 'actor'}, {'name': 'Nourrdine Touami', 'description': 'actor'}, {'name': 'Joseph Beddelem', 'description': 'actor'}, {'name': 'Anthony Hickox', 'description': 'author'}, {'name': 'Peter Atkins', 'description': 'author'}]"
Among the Great Apes with Michelle Yeoh,,Documentary,"Free Services, Prime Video",,Movie,,,,[]
The Bonesetter Returns,6/23/2005,"Drama, Horror","Free Services, Prime Video",Canada,Movie,,2.2/10,,"[{'name': 'Brett Kelly', 'description': 'director'}, {'name': 'Jody Haucke', 'description': 'actor'}, {'name': 'Brett Kelly', 'description': 'actor'}, {'name': 'Mark Courneyea', 'description': 'actor'}, {'name': 'Anne-Marie Frigon', 'description': 'actor'}, {'name': 'Tara Rheaume', 'description': 'actor'}, {'name': 'Thea Nikolic', 'description': 'actor'}, {'name': 'Kyla Smith', 'description': 'actor'}, {'name': 'Derick Fage', 'description': 'actor'}, {'name': 'Debbie Rochon', 'description': 'actor'}, {'name': 'Brett Kelly', 'description': 'actor'}, {'name': 'Brett Kelly', 'description': 'author'}]"
Tiger Zinda Hai,12/18/2017,"Action & Adventure, Thriller","Prime Video, Prime Video",India,Movie,7+ (PG),5.9/10,,"[{'name': 'Ali Abbas Zafar', 'description': 'director'}, {'name': 'Salman Khan', 'description': 'actor'}, {'name': 'Katrina Kaif', 'description': 'actor'}, {'name': 'Girish Karnad', 'description': 'actor'}, {'name': 'Paresh Rawal', 'description': 'actor'}, {'name': 'Sudeep', 'description': 'actor'}, {'name': 'Angad Bedi', 'description': 'actor'}, {'name': 'Kumud Mishra', 'description': 'actor'}, {'name': 'Neha Hinge', 'description': 'actor'}, {'name': 'Ivan Rodrigues', 'description': 'actor'}, {'name': 'Nawab Shah', 'description': 'actor'}, {'name': 'Danish Bhatt', 'description': 'actor'}, {'name': 'Sajjad Delafrooz', 'description': 'actor'}, {'name': 'Anupriya Goenka', 'description': 'actor'}, {'name': 'Gavie Chahal', 'description': 'actor'}, {'name': 'Paresh Pahuja', 'description': 'actor'}, {'name': 'Sharma Vibhoutee', 'description': 'actor'}, {'name': 'Anant Vidhaat Sharma', 'description': 'actor'}, {'name': 'Zachary Coffin', 'description': 'actor'}, {'name': 'Kashmira Irani', 'description': 'actor'}, {'name': 'Najmeddin AlHadad', 'description': 'actor'}, {'name': 'Steve Lorrigan', 'description': 'actor'}, {'name': 'Aditya Chopra', 'description': 'actor'}, {'name': 'Ali Abbas Zafar', 'description': 'author'}]"
Alonzo Bodden: Heavy Lightweight,8/23/2019,Comedy,"Prime Video, Prime Video",,TV Show,,6.4/10,1,[]
Duff Takes The Cake,4/15/2019,"Reality, Food","Philo, Prime Video",,TV Show,,6.8/10,2,[]
Tarzan and the Trappers,1/1/1958,Action & Adventure,"Free Services, Prime Video",America,Movie,All (G),4.9/10,,"[{'name': 'Charles F. Haas', 'description': 'director'}, {'name': 'H. Bruce Humberstone', 'description': 'director'}, {'name': 'Sandy Howard', 'description': 'director'}, {'name': 'Gordon Scott', 'description': 'actor'}, {'name': 'Eve Brent', 'description': 'actor'}, {'name': 'Rickie Sorensen', 'description': 'actor'}, {'name': 'Leslie Bradley', 'description': 'actor'}, {'name': 'Maurice Marsac', 'description': 'actor'}, {'name': 'Bruce Lester', 'description': 'actor'}, {'name': 'Naaman Brown', 'description': 'actor'}, {'name': 'Scatman Crothers', 'description': 'actor'}, {'name': 'Sol Lesser', 'description': 'actor'}, {'name': 'Frederick Schlick', 'description': 'author'}, {'name': 'Robert Leach', 'description': 'author'}]"
Beauty and the Beast: The Enchanted Christmas,11/11/1997,"Fantasy, Musical","Disney+, Prime Video",Canada,Movie,All (G),5.9/10,,"[{'name': 'Andrew Knight', 'description': 'director'}, {'name': ""Paige O'Hara"", 'description': 'actor'}, {'name': 'Robby Benson', 'description': 'actor'}, {'name': 'Jerry Orbach', 'description': 'actor'}, {'name': 'David Ogden Stiers', 'description': 'actor'}, {'name': 'Bernadette Peters', 'description': 'actor'}, {'name': 'Tim Curry', 'description': 'actor'}, {'name': 'Haley Joel Osment', 'description': 'actor'}, {'name': 'Paul Reubens', 'description': 'actor'}, {'name': 'Angela Lansbury', 'description': 'actor'}, {'name': 'Frank Welker', 'description': 'actor'}, {'name': 'Jeff Bennett', 'description': 'actor'}, {'name': 'Jim Cummings', 'description': 'actor'}, {'name': 'Kath Soucie', 'description': 'actor'}, {'name': 'Bill Motz', 'description': 'author'}, {'name': 'Bob Roth', 'description': 'author'}, {'name': 'Cindy Marcus', 'description': 'author'}, {'name': 'Flip Kobler', 'description': 'author'}, {'name': 'Rachel Portman', 'description': 'actor'}]"
Ultimate Redemption,12/8/2016,Drama,"Free Services, Prime Video",,Movie,,6.1/10,,[]
Why She Smiles,3/1/2021,"Biography, Documentary","Free Services, Prime Video",,Movie,All (G),9.1/10,,[]
Punch-Drunk Love,10/25/2002,"Romance, Comedy","Free Services, Prime Video",America,Movie,18+ (R),7.3/10,,"[{'name': 'Paul Thomas Anderson', 'description': 'director'}, {'name': 'Adam Sandler', 'description': 'actor'}, {'name': 'Emily Watson', 'description': 'actor'}, {'name': 'Philip Seymour Hoffman', 'description': 'actor'}, {'name': 'Luis Guzmán', 'description': 'actor'}, {'name': 'Mary Lynn Rajskub', 'description': 'actor'}, {'name': 'Robert Smigel', 'description': 'actor'}, {'name': 'Jason Andrews', 'description': 'actor'}, {'name': 'Don McManus', 'description': 'actor'}, {'name': 'David Schrempf', 'description': 'actor'}, {'name': 'Seann Conway', 'description': 'actor'}, {'name': 'Rico Bueno', 'description': 'actor'}, {'name': 'Hazel Mailloux', 'description': 'actor'}, {'name': 'Karen Kilgariff', 'description': 'actor'}, {'name': 'Julie Hermelin', 'description': 'actor'}, {'name': 'Salvador Curiel', 'description': 'actor'}, {'name': 'Jorge Barahona', 'description': 'actor'}, {'name': 'Ernesto Quintero', 'description': 'actor'}, {'name': 'Julius Steuer', 'description': 'actor'}, {'name': 'Lisa Spector', 'description': 'actor'}, {'name': 'Nicole Gelbard', 'description': 'actor'}, {'name': 'Mia Weinberg', 'description': 'actor'}, {'name': 'Daniel Lupi', 'description': 'actor'}, {'name': 'JoAnne Sellar', 'description': 'actor'}]"
The Most Insane Motorcycle Ride,,,Prime Video ,,Movie,,,,[]
House of Frankenstein,12/1/1944,"Fantasy, Horror",Prime Video ,America,Movie,,6.2/10,,"[{'name': 'Erle C. Kenton', 'description': 'director'}, {'name': 'Boris Karloff', 'description': 'actor'}, {'name': 'Lon Chaney Jr.', 'description': 'actor'}, {'name': 'J. Carrol Naish', 'description': 'actor'}, {'name': 'Elena Verdugo', 'description': 'actor'}, {'name': 'John Carradine', 'description': 'actor'}, {'name': 'Anne Gwynne', 'description': 'actor'}, {'name': 'Peter Coe', 'description': 'actor'}, {'name': 'Sig Ruman', 'description': 'actor'}, {'name': 'Lionel Atwill', 'description': 'actor'}, {'name': 'Glenn Strange', 'description': 'actor'}, {'name': 'George Zucco', 'description': 'actor'}, {'name': 'Charles Wagenheim', 'description': 'actor'}, {'name': 'Belle Mitchell', 'description': 'actor'}, {'name': 'William Edmunds', 'description': 'actor'}, {'name': 'Charles Miller', 'description': 'actor'}, {'name': 'Julius Tannen', 'description': 'actor'}, {'name': 'Hans Herbert', 'description': 'actor'}, {'name': 'Dick Dickinson', 'description': 'actor'}, {'name': 'George Lynn', 'description': 'actor'}, {'name': 'Olaf Hytten', 'description': 'actor'}, {'name': 'Frank Reicher', 'description': 'actor'}, {'name': 'Paul Malvern', 'description': 'actor'}, {'name': 'Edward T. Lowe Jr.', 'description': 'author'}]"
The Outrage,10/7/1964,"Crime, Drama","Free Services, Prime Video",America,Movie,18+ (R),6.2/10,,"[{'name': 'Martin Ritt', 'description': 'director'}, {'name': 'Paul Newman', 'description': 'actor'}, {'name': 'Laurence Harvey', 'description': 'actor'}, {'name': 'Claire Bloom', 'description': 'actor'}, {'name': 'Edward G. Robinson', 'description': 'actor'}, {'name': 'William Shatner', 'description': 'actor'}, {'name': 'Howard Da Silva', 'description': 'actor'}, {'name': 'Albert Salmi', 'description': 'actor'}, {'name': 'Thomas Chalmers', 'description': 'actor'}, {'name': 'Paul Fix', 'description': 'actor'}, {'name': 'Jeffrey Darwin Bowman', 'description': 'actor'}, {'name': 'A. Ronald Lubin', 'description': 'actor'}, {'name': 'Martin Ritt', 'description': 'actor'}, {'name': 'Michael Kanin', 'description': 'author'}, {'name': 'Alex North', 'description': 'actor'}]"
Teacher's Pet,1/16/2004,"Family, Animation","Disney+, Prime Video",America,Movie,7+ (PG),5.7/10,,"[{'name': 'Timothy Björklund', 'description': 'director'}, {'name': 'Nathan Lane', 'description': 'actor'}, {'name': 'Kelsey Grammer', 'description': 'actor'}, {'name': 'Shaun Fleming', 'description': 'actor'}, {'name': 'Debra Jo Rupp', 'description': 'actor'}, {'name': 'David Ogden Stiers', 'description': 'actor'}, {'name': 'Jerry Stiller', 'description': 'actor'}, {'name': 'Paul Reubens', 'description': 'actor'}, {'name': 'Megan Mullally', 'description': 'actor'}, {'name': 'Wallace Shawn', 'description': 'actor'}, {'name': 'Jay Thomas', 'description': 'actor'}, {'name': 'Estelle Harris', 'description': 'actor'}, {'name': 'Rosalyn Landor', 'description': 'actor'}, {'name': 'Rob Paulsen', 'description': 'actor'}, {'name': 'Genie Ann Francis', 'description': 'actor'}, {'name': 'Anthony Gearing', 'description': 'actor'}, {'name': 'Mae Whitman', 'description': 'actor'}, {'name': 'Lauren Tom', 'description': 'actor'}, {'name': 'Pamela Adlon', 'description': 'actor'}, {'name': 'Timothy Stack', 'description': 'actor'}, {'name': 'Emma Steinkellner', 'description': 'actor'}, {'name': 'Ken Swofford', 'description': 'actor'}, {'name': 'Stephen Swofford', 'description': 'actor'}, {'name': 'Bill Steinkellner', 'description': 'actor'}]"
Dysfunctional Friends,2/3/2012,"Romance, Comedy","Free Services, Prime Video",America,Movie,,4.9/10,,"[{'name': 'Corey Grant', 'description': 'director'}, {'name': 'Stacey Dash', 'description': 'actor'}, {'name': 'Reagan Gomez-Preston', 'description': 'actor'}, {'name': 'Wesley Jonathan', 'description': 'actor'}, {'name': 'Persia White', 'description': 'actor'}, {'name': 'Jason Weaver', 'description': 'actor'}, {'name': 'Stacy Keibler', 'description': 'actor'}, {'name': 'Terrell Owens', 'description': 'actor'}, {'name': 'Datari Turner', 'description': 'actor'}, {'name': 'Hosea Chanchez', 'description': 'actor'}, {'name': 'Christian Keyes', 'description': 'actor'}, {'name': 'Tatyana Ali', 'description': 'actor'}, {'name': 'Meagan Good', 'description': 'actor'}, {'name': 'Essence Atkins', 'description': 'actor'}, {'name': 'Keith Robinson', 'description': 'actor'}, {'name': 'Meghan Markle', 'description': 'actor'}, {'name': 'Stephen Chang', 'description': 'actor'}, {'name': 'Datari Turner', 'description': 'actor'}, {'name': 'Greg Carter', 'description': 'actor'}, {'name': 'Ira Antelis', 'description': 'actor'}, {'name': 'Corey Grant', 'description': 'author'}]"
Daphne Dishes,,Food,"Discovery+, Prime Video",,TV Show,,,2,[]
The Adventurers,8/2/1995,"Drama, Action & Adventure","Free Services, Prime Video",Hong Kong,Movie,,10-Jun,,"[{'name': 'Ringo Lam', 'description': 'director'}, {'name': 'Andy Lau', 'description': 'actor'}, {'name': 'Wu Chien-Lien', 'description': 'actor'}, {'name': 'Rosamund Kwan', 'description': 'actor'}, {'name': 'Paul Chun', 'description': 'actor'}, {'name': 'David Chiang Da-Wei', 'description': 'actor'}, {'name': 'Ben Ng', 'description': 'actor'}, {'name': '程东', 'description': 'actor'}, {'name': 'Parkman Wong', 'description': 'actor'}, {'name': 'Wong Kam-Kong', 'description': 'actor'}, {'name': 'William Ho Ka-Kui', 'description': 'actor'}, {'name': 'Phillip Ko', 'description': 'actor'}, {'name': 'Nam Yin', 'description': 'actor'}, {'name': 'Four Tse', 'description': 'actor'}, {'name': 'So Wai-Nam', 'description': 'actor'}, {'name': 'George Cheung', 'description': 'actor'}, {'name': 'Van Darkholme', 'description': 'actor'}, {'name': 'Victor Wong', 'description': 'actor'}, {'name': 'Ron Yuan', 'description': 'actor'}, {'name': 'Tiffany Chen Ming-Ying', 'description': 'actor'}, {'name': 'Ringo Lam', 'description': 'author'}, {'name': 'Sandy Shaw', 'description': 'author'}, {'name': 'Yip Gong-Yam', 'description': 'author'}]"
The Childhood of a Leader,7/22/2016,"Horror, Mystery",Prime Video ,Belgium,Movie,,6.1/10,,"[{'name': 'Brady Corbet', 'description': 'director'}, {'name': 'Bérénice Bejo', 'description': 'actor'}, {'name': 'Liam Cunningham', 'description': 'actor'}, {'name': 'Robert Pattinson', 'description': 'actor'}, {'name': 'Stacy Martin', 'description': 'actor'}, {'name': 'Yolande Moreau', 'description': 'actor'}, {'name': 'Sophie Curtis', 'description': 'actor'}, {'name': 'Rebecca Dayan', 'description': 'actor'}, {'name': 'Caroline Boulton', 'description': 'actor'}, {'name': 'Tom Sweet', 'description': 'actor'}, {'name': 'Roderick Hill', 'description': 'actor'}, {'name': 'Antoine de Clermont-Tonnerre', 'description': 'actor'}, {'name': 'Brady Corbet', 'description': 'actor'}, {'name': 'Chris Coen', 'description': 'actor'}, {'name': 'Helena Danielsson', 'description': 'actor'}, {'name': 'Brady Corbet', 'description': 'author'}, {'name': 'Mona Fastvold', 'description': 'author'}, {'name': 'Scott Walker', 'description': 'actor'}]"
The Instrumental Chemist,3/15/2018,"Biography, Documentary","Free Services, Prime Video",,Movie,,,,[]
Affliction,2/12/1998,"Thriller, Drama","Free Services, Prime Video",Canada,Movie,18+ (R),6.9/10,,"[{'name': 'Paul Schrader', 'description': 'director'}, {'name': 'Nick Nolte', 'description': 'actor'}, {'name': 'James Coburn', 'description': 'actor'}, {'name': 'Sissy Spacek', 'description': 'actor'}, {'name': 'Willem Dafoe', 'description': 'actor'}, {'name': 'Brigid Tierney', 'description': 'actor'}, {'name': 'Holmes Osborne', 'description': 'actor'}, {'name': 'Jim True-Frost', 'description': 'actor'}, {'name': 'Tim Post', 'description': 'actor'}, {'name': 'Mary Beth Hurt', 'description': 'actor'}, {'name': 'Christopher Heyerdahl', 'description': 'actor'}, {'name': 'Marian Seldes', 'description': 'actor'}, {'name': 'Brawley Nolte', 'description': 'actor'}, {'name': 'Janine Theriault', 'description': 'actor'}, {'name': 'Wayne Robson', 'description': 'actor'}, {'name': 'Sean McCann', 'description': 'actor'}, {'name': 'Sheena Larkin', 'description': 'actor'}, {'name': 'Susan Almgren', 'description': 'actor'}, {'name': 'Mark Camacho', 'description': 'actor'}, {'name': 'Eugene Lipinski', 'description': 'actor'}, {'name': 'Éric Berger', 'description': 'actor'}, {'name': 'Frank K. Isaac', 'description': 'actor'}, {'name': 'Linda Reisman', 'description': 'actor'}, {'name': 'Barr B. Potter', 'description': 'actor'}]"
Before the Ferry Arrives,9/14/2019,"Animation, Comedy",Prime Video ,,Movie,,,,[]
The Rusty Knife,3/11/1958,"Crime, Action & Adventure",The Criterion Channel,Japan,Movie,,6.7/10,,"[{'name': 'Toshio Masuda', 'description': 'director'}, {'name': 'Yûjirô Ishihara', 'description': 'actor'}, {'name': 'Mie Kitahara', 'description': 'actor'}, {'name': 'Shôji Yasui', 'description': 'actor'}, {'name': 'Jō Shishido', 'description': 'actor'}, {'name': 'Akira Kobayashi', 'description': 'actor'}, {'name': 'Masao Shimizu', 'description': 'actor'}, {'name': 'Naoki Sugiura', 'description': 'actor'}, {'name': 'Toshio Takahara', 'description': 'actor'}, {'name': 'Shigeru Amachi', 'description': 'actor'}, {'name': 'Mari Shiraki', 'description': 'actor'}, {'name': 'Takiko Mizunoe', 'description': 'actor'}, {'name': 'Shintarō Ishihara', 'description': 'author'}, {'name': 'Toshio Masuda', 'description': 'author'}, {'name': 'Masaru Satō', 'description': 'actor'}]"
Derrida,3/12/2002,"Drama, Documentary",Fandor,America,Movie,,6.5/10,,"[{'name': 'Amy Ziering', 'description': 'director'}, {'name': 'Kirby Dick', 'description': 'director'}, {'name': 'Jacques Derrida', 'description': 'actor'}, {'name': 'Amy Ziering', 'description': 'actor'}, {'name': 'Ryuichi Sakamoto', 'description': 'actor'}]"
Made in Japan,3/17/2015,Drama,"Free Services, Prime Video",,Movie,,6.7/10,,"[{'name': 'Josh Bishop', 'description': 'director'}, {'name': 'Elijah Wood', 'description': 'actor'}, {'name': 'Tomi Fujiyama', 'description': 'actor'}]"
Cabás,11/15/2012,"Drama, Science-Fiction",Prime Video ,Spain,Movie,,6.4/10,,"[{'name': 'Pablo Hernando', 'description': 'director'}, {'name': 'Xabi Tolosa', 'description': 'actor'}, {'name': 'Lorena Iglesias', 'description': 'actor'}, {'name': 'Héctor Gómez', 'description': 'actor'}, {'name': 'Rosa Torres', 'description': 'actor'}, {'name': 'Julián Génisson', 'description': 'actor'}, {'name': 'Pedro Toro', 'description': 'actor'}, {'name': 'Vicenç Miralles', 'description': 'actor'}, {'name': 'Elena Serrano', 'description': 'actor'}, {'name': 'Francisco Serrano', 'description': 'actor'}, {'name': 'Nacho Vigalondo', 'description': 'actor'}, {'name': 'Pablo Hernando', 'description': 'author'}]"
Cold Blood,10/22/2008,"Drama, Crime","fuboTV, Prime Video",,TV Show,14+ (TV-14),7.3/10,5,[]
A Life of Her Own,9/1/1950,"Romance, Drama",Prime Video ,America,Movie,,6.2/10,,"[{'name': 'George Cukor', 'description': 'director'}, {'name': 'Lana Turner', 'description': 'actor'}, {'name': 'Ray Milland', 'description': 'actor'}, {'name': 'Tom Ewell', 'description': 'actor'}, {'name': 'Louis Calhern', 'description': 'actor'}, {'name': 'Ann Dvorak', 'description': 'actor'}, {'name': 'Barry Sullivan', 'description': 'actor'}, {'name': 'Margaret Phillips', 'description': 'actor'}, {'name': 'Jean Hagen', 'description': 'actor'}, {'name': 'Phyllis Kirk', 'description': 'actor'}, {'name': 'Sara Haden', 'description': 'actor'}, {'name': 'Hermes Pan', 'description': 'actor'}, {'name': 'Dorothy Abbott', 'description': 'actor'}, {'name': 'Tommy Bernard', 'description': 'actor'}, {'name': 'Whit Bissell', 'description': 'actor'}, {'name': 'Marlo Dwyer', 'description': 'actor'}, {'name': 'Bess Flowers', 'description': 'actor'}, {'name': 'Kathleen Freeman', 'description': 'actor'}, {'name': 'Beverly Garland', 'description': 'actor'}, {'name': 'Glen Gregory', 'description': 'actor'}, {'name': 'Percy Helton', 'description': 'actor'}, {'name': 'Queenie Leonard', 'description': 'actor'}, {'name': 'Voldemar Vetluguin', 'description': 'actor'}, {'name': 'Isobel Lennart', 'description': 'author'}]"
Le Mans 24 Hours 2016,6/18/2016,Sport,"Free Services, Prime Video",,Movie,,,,[]
The Trotsky,5/5/2010,"Drama, Comedy","Free Services, Prime Video",Canada,Movie,,6.7/10,,"[{'name': 'Jacob Tierney', 'description': 'director'}, {'name': 'Jay Baruchel', 'description': 'actor'}, {'name': 'Emily Hampshire', 'description': 'actor'}, {'name': 'Geneviève Bujold', 'description': 'actor'}, {'name': 'Colm Feore', 'description': 'actor'}, {'name': 'Jessica Paré', 'description': 'actor'}, {'name': 'Tommie-Amber Pirie', 'description': 'actor'}, {'name': 'Kaniehtiio Horn', 'description': 'actor'}, {'name': 'Erika Rosenbaum', 'description': 'actor'}, {'name': 'Saul Rubinek', 'description': 'actor'}, {'name': 'Michael Murphy', 'description': 'actor'}, {'name': 'David Julian Hirsh', 'description': 'actor'}, {'name': 'Jesse Rath', 'description': 'actor'}, {'name': 'Liane Balaban', 'description': 'actor'}, {'name': 'Taylor Baruchel', 'description': 'actor'}, {'name': 'Dan Beirne', 'description': 'actor'}, {'name': 'Domini Blythe', 'description': 'actor'}, {'name': 'Jonathan Bosco', 'description': 'actor'}, {'name': 'Hélène Bourgeois Leclerc', 'description': 'actor'}, {'name': 'Sarah-Jeanne Labrosse', 'description': 'actor'}, {'name': 'Justin Bradley', 'description': 'actor'}, {'name': 'Anne-Marie Cadieux', 'description': 'actor'}, {'name': 'Kevin Tierney', 'description': 'actor'}, {'name': 'Jacob Tierney', 'description': 'author'}]"
Human Harvest,4/7/2015,"Crime, Documentary","Hoopla, Prime Video",,Movie,,8.1/10,,"[{'name': 'Leon Lee', 'description': 'director'}, {'name': 'Ethan Gutmann', 'description': 'actor'}, {'name': 'Shi-Wei Huang', 'description': 'actor'}, {'name': 'Carlos Iglésias', 'description': 'actor'}, {'name': 'David Kilgour', 'description': 'actor'}, {'name': 'Yumei Liu', 'description': 'actor'}, {'name': 'David Matas', 'description': 'actor'}, {'name': 'Damon Noto', 'description': 'actor'}, {'name': 'Yubin Pang', 'description': 'actor'}, {'name': 'Enver Tohti', 'description': 'actor'}, {'name': 'Torsten Trey', 'description': 'actor'}, {'name': 'Xiusong Tu', 'description': 'actor'}, {'name': 'Xiuxing Zhang', 'description': 'actor'}, {'name': 'Wanqi Zhu', 'description': 'actor'}, {'name': 'Rourou Zhuang', 'description': 'actor'}, {'name': 'Leon Lee', 'description': 'actor'}, {'name': 'Jason Loftus', 'description': 'actor'}, {'name': 'Leon Lee', 'description': 'author'}]"
Squadron of Doom,12/15/1949,"Action & Adventure, Science-Fiction","Prime Video, Prime Video",America,Movie,,10-May,,"[{'name': 'Clifford Smith', 'description': 'director'}, {'name': 'Ford Beebe', 'description': 'director'}, {'name': ""John 'Dusty' King"", 'description': 'actor'}, {'name': 'Jean Rogers', 'description': 'actor'}, {'name': 'Noah Beery Jr.', 'description': 'actor'}, {'name': 'Hooper Atchley', 'description': 'actor'}, {'name': 'Stanley Blystone', 'description': 'actor'}, {'name': 'Al Bridge', 'description': 'actor'}, {'name': 'Edmund Cobb', 'description': 'actor'}, {'name': 'James Eagles', 'description': 'actor'}, {'name': 'Chester Gan', 'description': 'actor'}, {'name': 'Selmer Jackson', 'description': 'actor'}, {'name': 'Barney A. Sarecky', 'description': 'actor'}, {'name': 'Ben Koenig', 'description': 'actor'}, {'name': 'Norman S. Hall', 'description': 'author'}, {'name': 'Ray Trampe', 'description': 'author'}, {'name': 'Wyndham Gittens', 'description': 'author'}, {'name': 'Clifford Vaughan', 'description': 'actor'}]"
Christian Audigier the Vif,6/22/2018,Documentary,Free Services,,Movie,16+,7.5/10,,"[{'name': 'Didier Beringuer', 'description': 'director'}]"
In the Army Now,8/12/1994,Comedy,"Hoopla, Prime Video",America,Movie,7+ (PG),4.9/10,,"[{'name': 'Daniel Petrie Jr.', 'description': 'director'}, {'name': 'Pauly Shore', 'description': 'actor'}, {'name': 'Andy Dick', 'description': 'actor'}, {'name': 'Lori Petty', 'description': 'actor'}, {'name': 'David Alan Grier', 'description': 'actor'}, {'name': 'Esai Morales', 'description': 'actor'}, {'name': 'Lynn Whitfield', 'description': 'actor'}, {'name': 'Art LaFleur', 'description': 'actor'}, {'name': 'Fabiana Udenio', 'description': 'actor'}, {'name': 'Glenn Morshower', 'description': 'actor'}, {'name': 'Beau Billingslea', 'description': 'actor'}, {'name': 'Peter Spellos', 'description': 'actor'}, {'name': 'Brendan Fraser', 'description': 'actor'}, {'name': 'Michael Rotenberg', 'description': 'actor'}, {'name': 'Cyrus Yavneh', 'description': 'actor'}, {'name': 'Nicholas Hassitt', 'description': 'actor'}, {'name': 'Adam Small', 'description': 'author'}, {'name': 'Daniel Petrie Jr.', 'description': 'author'}, {'name': 'Fax Bahr', 'description': 'author'}, {'name': 'Ken Kaufman', 'description': 'author'}, {'name': 'Stu Krieger', 'description': 'author'}, {'name': 'Robert Folk', 'description': 'actor'}]"
Four Christmases and a Wedding,12/2/2017,"Comedy, Drama","Free Services, Prime Video",America,Movie,16+,5.9/10,,"[{'name': 'Marita Grabiak', 'description': 'director'}, {'name': 'Arielle Kebbel', 'description': 'actor'}, {'name': 'Madison Smith', 'description': 'actor'}, {'name': 'Markie Post', 'description': 'actor'}, {'name': 'Donna Benedicto', 'description': 'actor'}, {'name': 'Cassidy Nugent', 'description': 'actor'}, {'name': 'Judge Reinhold', 'description': 'actor'}, {'name': 'Courtney Richter', 'description': 'actor'}, {'name': 'Corey Sevier', 'description': 'actor'}, {'name': 'Caitlin Stryker', 'description': 'actor'}, {'name': 'Jarrod Terrell', 'description': 'actor'}, {'name': 'Robyn Lawley', 'description': 'actor'}, {'name': 'Jannen Karr', 'description': 'actor'}, {'name': 'Ian Harrison', 'description': 'actor'}, {'name': 'Darren Staten', 'description': 'actor'}, {'name': 'Paralee Cook', 'description': 'actor'}, {'name': 'Tyler Gibson', 'description': 'actor'}, {'name': 'Andrew Beha', 'description': 'actor'}, {'name': 'Gidget', 'description': 'actor'}, {'name': 'Barbara Kymlicka', 'description': 'author'}]"
Vertical Frontier,11/1/2002,"Documentary, History","Free Services, Prime Video",,Movie,,7.1/10,,"[{'name': 'Kristi Denton Cohen', 'description': 'director'}, {'name': 'Tom Brokaw', 'description': 'actor'}, {'name': 'Alison Owings', 'description': 'author'}, {'name': 'Kristi Denton Cohen', 'description': 'author'}]"
Beyond Erotica,5/29/1974,"Thriller, Drama",Prime Video ,Spain,Movie,18+ (R),4.9/10,,"[{'name': 'José María Forqué', 'description': 'director'}, {'name': 'David Hemmings', 'description': 'actor'}, {'name': 'Alida Valli', 'description': 'actor'}, {'name': 'Andrea Rau', 'description': 'actor'}, {'name': 'Francisco Rabal', 'description': 'actor'}, {'name': 'Nuria Gimeno', 'description': 'actor'}, {'name': 'Galeazzo Benti', 'description': 'actor'}, {'name': 'Aquiles Guerrero', 'description': 'actor'}, {'name': 'Lucila Herrera', 'description': 'actor'}, {'name': 'Gonzalo Fernández de Córdoba hijo', 'description': 'actor'}, {'name': 'Rudy Hernández', 'description': 'actor'}, {'name': 'Enrique Soto', 'description': 'actor'}, {'name': 'Hermógenes Sáinz', 'description': 'author'}, {'name': 'José María Forqué', 'description': 'author'}]"
Green Guild,7/8/2011,"Biography, Documentary","Free Services, Prime Video",,Movie,,8.6/10,,[]
Mudcats,2/9/2012,Reality,"Free Services, Prime Video",,TV Show,14+ (TV-14),7.3/10,2,[]
The Last Alarm,6/25/1940,"Drama, Crime","Prime Video, Prime Video",America,Movie,,5.7/10,,"[{'name': 'William West', 'description': 'director'}, {'name': 'J. Farrell MacDonald', 'description': 'actor'}, {'name': 'Warren Hull', 'description': 'actor'}, {'name': 'Polly Ann Young', 'description': 'actor'}, {'name': 'Mary Gordon', 'description': 'actor'}, {'name': 'George Pembroke', 'description': 'actor'}, {'name': 'Joel Friedkin', 'description': 'actor'}, {'name': 'Bruce MacFarlane', 'description': 'actor'}, {'name': 'Eddie Hart', 'description': 'actor'}, {'name': 'Willard Hall', 'description': 'actor'}, {'name': 'Charles Anthony Hughes', 'description': 'actor'}, {'name': 'Charles R. Phipps', 'description': 'actor'}, {'name': 'Eddie Kane', 'description': 'actor'}, {'name': 'James Coughlin', 'description': 'actor'}, {'name': 'Al Bain', 'description': 'actor'}, {'name': 'T.R. Williams', 'description': 'actor'}, {'name': 'Al Martin', 'description': 'author'}]"
Force Of Impact,8/15/2006,"Thriller, LGBTQ","Free Services, Prime Video",Canada,Movie,18+ (R),3.7/10,,"[{'name': 'Sam Irvin', 'description': 'director'}, {'name': 'Antonio Sabàto, Jr.', 'description': 'actor'}, {'name': 'Rae Dawn Chong', 'description': 'actor'}, {'name': 'Michael Boisvert', 'description': 'actor'}, {'name': 'Dominic Zamprogna', 'description': 'actor'}, {'name': 'Michael Moriarty', 'description': 'actor'}, {'name': 'Rob LaBelle', 'description': 'actor'}, {'name': 'Keith Shaw', 'description': 'author'}]"
The Kick,11/3/2011,"Comedy, Action & Adventure","Free Services, Prime Video",South Korea,Movie,13+ (PG-13),5.5/10,,"[{'name': 'Prachya Pinkaew', 'description': 'director'}, {'name': 'Cho Jae-hyun', 'description': 'actor'}, {'name': 'Ye Ji-won', 'description': 'actor'}, {'name': 'Na Tae-joo', 'description': 'actor'}, {'name': 'Taemi', 'description': 'actor'}, {'name': 'Petchtai Wongkamlao', 'description': 'actor'}, {'name': 'JeeJa Yanin', 'description': 'actor'}, {'name': 'Do Shi-gang', 'description': 'actor'}, {'name': 'Lee Kwan-hun', 'description': 'actor'}, {'name': 'Kim Yiroo', 'description': 'actor'}, {'name': 'Brahim Achabbakhe', 'description': 'actor'}, {'name': 'Gang Seong-gyu', 'description': 'actor'}, {'name': 'Lee Jong-suk', 'description': 'author'}]"
The Trial Begins,9/7/2007,Drama,Prime Video ,France,Movie,,5.5/10,,"[{'name': 'Vincenzo Marra', 'description': 'director'}, {'name': 'Fanny Ardant', 'description': 'actor'}, {'name': 'Michele Lastella', 'description': 'actor'}, {'name': 'Giulia Bevilacqua', 'description': 'actor'}, {'name': 'Augusto Zucchi', 'description': 'actor'}, {'name': 'Antonio Gerardi', 'description': 'actor'}, {'name': 'Piero Albertelli', 'description': 'actor'}, {'name': 'Barbara Valmorin', 'description': 'actor'}]"
Super Robot Monkey Team Hyperforce Go!,9/18/2004,"Comedy, Family",Disney+,America,TV Show,7+ (TV-PG),6.3/10,4,"[{'name': 'Greg Cipes', 'description': 'actor'}, {'name': 'Kevin Michael Richardson', 'description': 'actor'}, {'name': 'Corey Feldman', 'description': 'actor'}, {'name': 'Mark Hamill', 'description': 'actor'}, {'name': 'Brandon Auman', 'description': 'author'}, {'name': 'Thomas Hart', 'description': 'author'}, {'name': 'Ciro Nieli', 'description': 'actor'}]"
Black Files Declassified,4/2/2020,"Documentary, Reality","Philo, Prime Video",,TV Show,,6.7/10,2,[]
My Body is Political,11/30/2017,Documentary,"Free Services, Prime Video",Brazil,Movie,,5.9/10,,"[{'name': 'Alice Riff', 'description': 'director'}, {'name': 'Linn da Quebrada', 'description': 'actor'}, {'name': 'Paula Beatriz', 'description': 'actor'}, {'name': 'Giu Nonato', 'description': 'actor'}, {'name': 'Fernando Ribeiro', 'description': 'actor'}, {'name': 'Heverton Lima', 'description': 'actor'}, {'name': 'Alice Riff', 'description': 'author'}]"
Christmas with Cookie,11/1/2016,"Comedy, Horror","Free Services, Prime Video",,Movie,,4.5/10,,"[{'name': 'Alan Maxson', 'description': 'director'}, {'name': 'Shawn Schminke', 'description': 'director'}, {'name': 'Alan Maxson', 'description': 'actor'}]"
Unakkaga Ellam Unakkaga,9/24/1999,"Romance, Comedy",Prime Video ,India,Movie,,6.1/10,,"[{'name': 'Sundar C', 'description': 'director'}, {'name': 'Karthik Muthuraman', 'description': 'actor'}, {'name': 'Rambha', 'description': 'actor'}, {'name': 'Goundamani', 'description': 'actor'}, {'name': 'Vinu Chakravarthy', 'description': 'actor'}, {'name': 'Vivek', 'description': 'actor'}, {'name': 'Anju Prabhakar', 'description': 'actor'}, {'name': 'Sachu', 'description': 'actor'}, {'name': 'Ashwini', 'description': 'actor'}, {'name': 'Balu Anand', 'description': 'actor'}, {'name': 'Vinodini', 'description': 'actor'}, {'name': 'Madhan Bob', 'description': 'actor'}, {'name': 'S. S. Chandran', 'description': 'actor'}, {'name': 'Vaiyapuri', 'description': 'actor'}, {'name': 'Jai Ganesh', 'description': 'actor'}, {'name': 'Kaaka Radhakrishnan', 'description': 'actor'}, {'name': 'Vichitra', 'description': 'actor'}, {'name': 'G. Venugopal', 'description': 'actor'}, {'name': 'K. Muralidharan', 'description': 'actor'}, {'name': 'V. Swaminathan', 'description': 'actor'}, {'name': 'Sundar C', 'description': 'author'}, {'name': 'Yuvan Shankar Raja', 'description': 'actor'}]"
The Long Good Friday,11/1/1980,"Thriller, Drama",HBO MAX,United Kingdom,Movie,18+ (R),7.6/10,,"[{'name': 'John Mackenzie', 'description': 'director'}, {'name': 'Bob Hoskins', 'description': 'actor'}, {'name': 'Helen Mirren', 'description': 'actor'}, {'name': 'Dave King', 'description': 'actor'}, {'name': 'Bryan Marshall', 'description': 'actor'}, {'name': 'Derek Thompson', 'description': 'actor'}, {'name': 'Eddie Constantine', 'description': 'actor'}, {'name': 'Paul Freeman', 'description': 'actor'}, {'name': 'P.H. Moriarty', 'description': 'actor'}, {'name': 'Alan Ford', 'description': 'actor'}, {'name': 'Stephen Davies', 'description': 'actor'}, {'name': 'Paul Barber', 'description': 'actor'}, {'name': 'Karl Howman', 'description': 'actor'}, {'name': 'Nick Stringer', 'description': 'actor'}, {'name': 'Brian Hall', 'description': 'actor'}, {'name': 'Paul Kember', 'description': 'actor'}, {'name': 'Patti Love', 'description': 'actor'}, {'name': 'Leo Dolan', 'description': 'actor'}, {'name': 'Pierce Brosnan', 'description': 'actor'}, {'name': ""Daragh O'Malley"", 'description': 'actor'}, {'name': 'Kevin McNally', 'description': 'actor'}, {'name': 'Tony Rohr', 'description': 'actor'}, {'name': 'Barry Hanson', 'description': 'actor'}, {'name': 'Barrie Keeffe', 'description': 'author'}]"
Agatha Christie - Unfinished Portrait,9/20/1990,"Biography, Documentary",BritBox,,Movie,7+ (PG),7.1/10,,[]
Tupamaro: Urban Guerrillas,5/27/2019,"Drama, Documentary","Free Services, Prime Video",Mexico,Movie,,6.8/10,,"[{'name': 'Martin Andres Markovits', 'description': 'director'}, {'name': 'Martin Andres Markovits', 'description': 'author'}]"
Star Trek: Prodigy,10/28/2021,"Drama, Family",Paramount+,,TV Show,7+ (TV-PG),6.8/10,1,"[{'name': 'Brett Gray', 'description': 'actor'}, {'name': 'Ella Purnell', 'description': 'actor'}, {'name': 'Jason Mantzoukas', 'description': 'actor'}, {'name': 'Angus Imrie', 'description': 'actor'}, {'name': 'Rylee Alazraqui', 'description': 'actor'}, {'name': 'Dee Bradley Baker', 'description': 'actor'}, {'name': 'Jimmi Simpson', 'description': 'actor'}, {'name': 'John Noble', 'description': 'actor'}, {'name': 'Kate Mulgrew', 'description': 'actor'}, {'name': 'Alex Kurtzman', 'description': 'actor'}, {'name': 'Dan Hageman', 'description': 'actor'}, {'name': 'Heather Kadin', 'description': 'actor'}, {'name': 'Katie Krentz', 'description': 'actor'}, {'name': 'Kevin Hageman', 'description': 'actor'}, {'name': 'Rod Roddenberry', 'description': 'actor'}, {'name': 'Trevor Roth', 'description': 'actor'}, {'name': 'Nami Melumad', 'description': 'actor'}, {'name': 'Dan Hageman', 'description': 'actor'}, {'name': 'Kevin Hageman', 'description': 'actor'}]"
Loafer,3/12/1973,"Romance, Thriller",Prime Video ,India,Movie,,6.5/10,,"[{'name': 'A. Bhimsingh', 'description': 'director'}, {'name': 'Dharmendra', 'description': 'actor'}, {'name': 'Mumtaz', 'description': 'actor'}, {'name': 'Prem Nath', 'description': 'actor'}, {'name': 'Om Prakash', 'description': 'actor'}, {'name': 'Anil Dhawan', 'description': 'actor'}, {'name': 'Madan Puri', 'description': 'actor'}, {'name': 'Farida Jalal', 'description': 'actor'}, {'name': 'Roopesh Kumar', 'description': 'actor'}, {'name': 'Mukri', 'description': 'actor'}, {'name': 'K.N. Singh', 'description': 'actor'}, {'name': 'Padma Khanna', 'description': 'actor'}, {'name': 'Iftekhar', 'description': 'actor'}, {'name': 'Faryal', 'description': 'actor'}, {'name': 'V. Gopal', 'description': 'actor'}, {'name': 'Keshto Mukherjee', 'description': 'actor'}, {'name': 'Bhushan Tiwari', 'description': 'actor'}, {'name': 'Madhu', 'description': 'actor'}, {'name': 'Sherry', 'description': 'actor'}, {'name': 'Rani', 'description': 'actor'}, {'name': 'Raj Rani', 'description': 'actor'}, {'name': 'Kamaldeep', 'description': 'actor'}, {'name': 'R.C. Kumar', 'description': 'actor'}, {'name': 'Nabendu Ghosh', 'description': 'author'}]"
Haunted Maze,1/1/2017,"Horror, Thriller","Free Services, Prime Video",America,Movie,,2.9/10,,"[{'name': 'Susan Engel', 'description': 'director'}, {'name': 'David Mingrino', 'description': 'actor'}, {'name': 'John Beasley', 'description': 'actor'}]"
Accel World,4/7/2012,"Animation, Anime","Free Services, Prime Video",,TV Show,14+ (TV-14),7.1/10,2,"[{'name': 'Yuki Kaji', 'description': 'actor'}, {'name': 'Kenichi Suzumura', 'description': 'actor'}, {'name': 'Shintaro Asanuma', 'description': 'actor'}, {'name': 'Sanae Kobayashi', 'description': 'actor'}, {'name': 'Haruka Tomatsu', 'description': 'actor'}, {'name': 'Sachika Misawa', 'description': 'actor'}, {'name': 'Ayako Kawasumi', 'description': 'actor'}, {'name': 'Aki Toyosaki', 'description': 'actor'}, {'name': '日高里菜', 'description': 'actor'}]"
Red Lights,3/2/2012,"Mystery, Thriller",Free Services,Spain,Movie,18+ (R),6.2/10,,"[{'name': 'Rodrigo Cortés', 'description': 'director'}, {'name': 'Sigourney Weaver', 'description': 'actor'}, {'name': 'Robert De Niro', 'description': 'actor'}, {'name': 'Cillian Murphy', 'description': 'actor'}, {'name': 'Elizabeth Olsen', 'description': 'actor'}, {'name': 'Toby Jones', 'description': 'actor'}, {'name': 'Joely Richardson', 'description': 'actor'}, {'name': 'Karen David', 'description': 'actor'}, {'name': 'Craig Roberts', 'description': 'actor'}, {'name': 'Burn Gorman', 'description': 'actor'}, {'name': 'Gina Bramhill', 'description': 'actor'}, {'name': 'Jan Cornet', 'description': 'actor'}, {'name': 'Leonardo Sbaraglia', 'description': 'actor'}, {'name': 'Garrick Hagon', 'description': 'actor'}, {'name': 'Jeany Spark', 'description': 'actor'}, {'name': 'Eloise Webb', 'description': 'actor'}, {'name': 'Mitchell Mullen', 'description': 'actor'}, {'name': 'Josette Simon', 'description': 'actor'}, {'name': 'Jesse Bostick', 'description': 'actor'}, {'name': 'Adrián Guerra', 'description': 'actor'}, {'name': 'Rodrigo Cortés', 'description': 'actor'}, {'name': 'Lisa Wilson', 'description': 'actor'}, {'name': 'Rodrigo Cortés', 'description': 'author'}]"
A Mother's Revenge,5/8/2016,"Drama, Mystery","Free Services, Prime Video",America,Movie,16+,4.6/10,,"[{'name': 'Fred Olen Ray', 'description': 'director'}, {'name': 'Jamie Luner', 'description': 'actor'}, {'name': 'Steven Brand', 'description': 'actor'}, {'name': 'Audrey Whitby', 'description': 'actor'}, {'name': 'Gerald Webb', 'description': 'actor'}, {'name': 'Jason-Shane Scott', 'description': 'actor'}, {'name': 'Debbie Rochon', 'description': 'actor'}, {'name': 'Chelsea London Lloyd', 'description': 'actor'}, {'name': 'Paul Spitale', 'description': 'actor'}, {'name': ""Mary-Kate O'Connell"", 'description': 'actor'}, {'name': 'Macro Malo', 'description': 'actor'}, {'name': 'Byron W. Brown', 'description': 'actor'}, {'name': 'Kaelin Lamberson', 'description': 'actor'}, {'name': 'Linda Mesi', 'description': 'actor'}, {'name': 'Yvette L. Leli-Aragon', 'description': 'actor'}, {'name': 'Joe Fishel', 'description': 'actor'}, {'name': 'Rich Lounello', 'description': 'actor'}, {'name': 'Fred Olen Ray', 'description': 'actor'}, {'name': 'Fred Olen Ray', 'description': 'author'}]"
What Happens in Vegas,5/7/2008,"Romance, Comedy","HBO MAX, Prime Video",America,Movie,13+ (PG-13),6.1/10,,"[{'name': 'Tom Vaughan', 'description': 'director'}, {'name': 'Cameron Diaz', 'description': 'actor'}, {'name': 'Ashton Kutcher', 'description': 'actor'}, {'name': 'Rob Corddry', 'description': 'actor'}, {'name': 'Lake Bell', 'description': 'actor'}, {'name': 'Jason Sudeikis', 'description': 'actor'}, {'name': 'Treat Williams', 'description': 'actor'}, {'name': ""Deirdre O'Connell"", 'description': 'actor'}, {'name': 'Michelle Krusiec', 'description': 'actor'}, {'name': 'Dennis Farina', 'description': 'actor'}, {'name': 'Zach Galifianakis', 'description': 'actor'}, {'name': 'Queen Latifah', 'description': 'actor'}, {'name': 'Krysten Ritter', 'description': 'actor'}, {'name': 'Ricky Garcia', 'description': 'actor'}, {'name': 'Andrew Daly', 'description': 'actor'}, {'name': 'Benita Robledo', 'description': 'actor'}, {'name': 'Dennis Miller', 'description': 'actor'}, {'name': 'Amanda Setton', 'description': 'actor'}, {'name': 'Toni Busker', 'description': 'actor'}, {'name': 'Jessica McKee', 'description': 'actor'}, {'name': 'Ricardo Walker', 'description': 'actor'}, {'name': 'Valerie Orlik', 'description': 'actor'}, {'name': 'Dean Georgaris', 'description': 'actor'}, {'name': 'Jimmy Miller', 'description': 'actor'}]"
The Adventures of Elmo in Grouchland,10/1/1999,"Family, Comedy","HBO MAX, Prime Video",Germany,Movie,All (G),5.7/10,,"[{'name': 'Gary Halvorson', 'description': 'director'}, {'name': 'Kevin Clash', 'description': 'actor'}, {'name': 'Mandy Patinkin', 'description': 'actor'}, {'name': 'Vanessa Williams', 'description': 'actor'}, {'name': 'Sonia Manzano', 'description': 'actor'}, {'name': 'Roscoe Orman', 'description': 'actor'}, {'name': ""Stephanie D'Abruzzo"", 'description': 'actor'}, {'name': 'Dave Goelz', 'description': 'actor'}, {'name': 'Carmen Osbahr', 'description': 'actor'}, {'name': 'Joey Mazzarino', 'description': 'actor'}, {'name': 'Jerry Nelson', 'description': 'actor'}, {'name': 'Martin P. Robinson', 'description': 'actor'}, {'name': 'David Rudman', 'description': 'actor'}, {'name': 'Caroll Spinney', 'description': 'actor'}, {'name': 'Steve Whitmire', 'description': 'actor'}, {'name': 'Alison Bartlett', 'description': 'actor'}, {'name': 'Frank Oz', 'description': 'actor'}, {'name': 'Ruth Buzzi', 'description': 'actor'}, {'name': 'Emilio Delgado', 'description': 'actor'}, {'name': 'Loretta Long', 'description': 'actor'}, {'name': 'Bob McGrath', 'description': 'actor'}, {'name': 'Drew Allison', 'description': 'actor'}, {'name': 'Alex Rockwell', 'description': 'actor'}, {'name': 'Marjorie Kalins', 'description': 'actor'}]"
I Am a Dancer,12/1/2017,Documentary,Free Services,,Movie,,,,[]
The Greatest Journeys on Earth: California - Journeys of the Adventurers,1/1/2007,,Prime Video ,,Movie,,,,[]
Heart of the Rio Grande,3/11/1942,"Action & Adventure, Comedy","Free Services, Prime Video",America,Movie,,6.6/10,,"[{'name': 'William Morgan', 'description': 'director'}, {'name': 'Gene Autry', 'description': 'actor'}, {'name': 'Smiley Burnette', 'description': 'actor'}, {'name': 'Fay McKenzie', 'description': 'actor'}, {'name': 'Edith Fellows', 'description': 'actor'}, {'name': 'Pierre Watkin', 'description': 'actor'}, {'name': 'Joe Strauch Jr.', 'description': 'actor'}, {'name': 'William Haade', 'description': 'actor'}, {'name': 'Sarah Padden', 'description': 'actor'}, {'name': 'Jean Porter', 'description': 'actor'}, {'name': 'Yakima Canutt', 'description': 'actor'}, {'name': 'Champion', 'description': 'actor'}, {'name': 'Edmund Cobb', 'description': 'actor'}, {'name': 'Milton Kibbee', 'description': 'actor'}, {'name': 'Nora Lane', 'description': 'actor'}, {'name': 'Mady Lawrence', 'description': 'actor'}, {'name': 'Frankie Marvin', 'description': 'actor'}, {'name': 'Howard Mitchell', 'description': 'actor'}, {'name': 'Jimmy Wakely', 'description': 'actor'}, {'name': 'Chuck Baldra', 'description': 'actor'}, {'name': 'Johnny Bond', 'description': 'actor'}, {'name': 'Budd Buster', 'description': 'actor'}, {'name': 'Lillie Hayward', 'description': 'author'}, {'name': 'Winston Miller', 'description': 'author'}]"
"Canadian Wrestling's Elite: Featuring Jake ""The Snake"" Roberts",8/25/2018,"Animation, Documentary","Free Services, Prime Video",,Movie,,7.7/10,,"[{'name': 'Scott Carnegie', 'description': 'director'}, {'name': 'Kevin Lee Davidson', 'description': 'actor'}, {'name': 'Tony Kozina', 'description': 'actor'}, {'name': 'A.J. Larocque', 'description': 'actor'}, {'name': 'Brian Logan', 'description': 'actor'}, {'name': 'Brian Logan', 'description': 'actor'}, {'name': 'Scott McDowell', 'description': 'actor'}, {'name': 'Aurelian Smith Jr.', 'description': 'actor'}, {'name': 'Danny Warren', 'description': 'actor'}, {'name': 'Scott Carnegie', 'description': 'actor'}, {'name': 'Kyle Bornais', 'description': 'actor'}, {'name': 'Scott Carnegie', 'description': 'author'}]"
Animal Farm,10/3/1999,"Family, Drama","Free Services, Prime Video",United Kingdom,Movie,7+ (PG),10-Jun,,"[{'name': 'John Stephenson', 'description': 'director'}, {'name': 'Kelsey Grammer', 'description': 'actor'}, {'name': 'Ian Holm', 'description': 'actor'}, {'name': 'Julia Louis-Dreyfus', 'description': 'actor'}, {'name': 'Julia Ormond', 'description': 'actor'}, {'name': 'Pete Postlethwaite', 'description': 'actor'}, {'name': 'Paul Scofield', 'description': 'actor'}, {'name': 'Patrick Stewart', 'description': 'actor'}, {'name': 'Peter Ustinov', 'description': 'actor'}, {'name': 'Alan Stanford', 'description': 'actor'}, {'name': 'Caroline Gray', 'description': 'actor'}, {'name': 'Gail Fitzpatrick', 'description': 'actor'}, {'name': 'Jimmy Keogh', 'description': 'actor'}, {'name': 'Greg Smith', 'description': 'actor'}, {'name': 'Alan Janes', 'description': 'author'}, {'name': 'Martyn Burke', 'description': 'author'}, {'name': 'Richard Harvey', 'description': 'actor'}]"
Merry Switchmas,12/9/2021,Family,"BET+, Prime Video",,Movie,,7.5/10,,[]
The Mysterious Monroe House,1/31/2019,Documentary,"Free Services, Prime Video",,Movie,,10-Apr,,[]
Spree,12/31/2015,"Crime, Drama","Free Services, Prime Video",America,Movie,,5.6/10,,"[{'name': 'Henry Chastain', 'description': 'director'}, {'name': 'Connor Maginnis', 'description': 'actor'}, {'name': 'Cyrus Westerlund', 'description': 'actor'}, {'name': 'Noah Dean Davenport', 'description': 'actor'}, {'name': 'Brett Fike', 'description': 'actor'}, {'name': 'Greg Rice', 'description': 'actor'}, {'name': 'John Esler Vansant', 'description': 'actor'}, {'name': 'Colette Zaborniak', 'description': 'actor'}, {'name': 'Justin Woods', 'description': 'actor'}, {'name': 'Silas Finley', 'description': 'actor'}, {'name': 'Henry Chastain', 'description': 'actor'}, {'name': 'Ryan Chastain', 'description': 'actor'}, {'name': 'Henry Chastain', 'description': 'author'}]"
Transformers: Cyberverse,9/1/2018,"Action & Adventure, Animation","Free Services, Prime Video",America,TV Show,7+ (TV-PG),6.6/10,5,"[{'name': 'Jeremy Levy', 'description': 'actor'}, {'name': 'Billy Bob Thompson', 'description': 'actor'}, {'name': 'Jake Tillman', 'description': 'actor'}, {'name': 'Ryan Andes', 'description': 'actor'}]"
This Old House,1/1/1979,"Reality, Documentary","Free Services, Prime Video",,TV Show,All (TV-G),7.8/10,43,"[{'name': ""Kevin O'Connor"", 'description': 'actor'}, {'name': 'Tom Silva', 'description': 'actor'}, {'name': 'Richard Trethewey', 'description': 'actor'}, {'name': 'Jenn Nawada', 'description': 'actor'}, {'name': 'Mauro Henrique', 'description': 'actor'}, {'name': 'Mark McCullough', 'description': 'actor'}, {'name': 'Heath Eastman', 'description': 'actor'}, {'name': 'Charlie Silva', 'description': 'actor'}, {'name': 'Bob Vila', 'description': 'actor'}, {'name': 'Jeff Sweenor', 'description': 'actor'}, {'name': 'Norm Abram', 'description': 'actor'}, {'name': 'Roger Cook', 'description': 'actor'}, {'name': 'Steve Thomas Rooney', 'description': 'actor'}, {'name': 'Bruce Irving', 'description': 'actor'}, {'name': 'David Vos', 'description': 'actor'}, {'name': 'Deborah Hood', 'description': 'actor'}, {'name': 'Hilary Finkel Buxton', 'description': 'actor'}, {'name': 'Jennifer Wells', 'description': 'actor'}, {'name': 'Sarah Monzon', 'description': 'actor'}, {'name': 'Michael Burton', 'description': 'actor'}, {'name': 'Russell Morash', 'description': 'actor'}, {'name': 'Russell Morash', 'description': 'actor'}]"
Aby Warburg: Metamorphosis and Memory,3/1/2016,"Biography, Documentary",Kanopy,,Movie,,,,[]
Phillip Kopczynski: Live at Spokane Comedy Club,9/28/2021,"Stand-up & Talk, Comedy","Free Services, Prime Video",America,Movie,18+ (R),,,"[{'name': 'Jake Sanders', 'description': 'director'}, {'name': 'Phillip Kopczynski', 'description': 'actor'}, {'name': 'Phillip Kopczynski', 'description': 'author'}]"
Incident,1/1/2012,"Drama, Comedy",Prime Video ,,Movie,18+ (R),7.5/10,,"[{'name': 'Daniel F. Cardone', 'description': 'director'}]"
Pumpkins,1/21/2018,Horror,"Free Services, Prime Video",United Kingdom,Movie,,2.6/10,,"[{'name': 'Maria Lee Metheringham', 'description': 'director'}, {'name': 'Maria Lee Metheringham', 'description': 'actor'}, {'name': 'Terry Wood', 'description': 'actor'}, {'name': 'Dale Hooley', 'description': 'actor'}, {'name': 'Nathan Jordie Keers', 'description': 'actor'}, {'name': 'Will Metheringham', 'description': 'actor'}, {'name': 'James Bayes', 'description': 'actor'}, {'name': 'Debra Marie Mawdsley', 'description': 'actor'}, {'name': 'Sarah Jayne Curry', 'description': 'actor'}, {'name': 'Roland Martial', 'description': 'actor'}, {'name': 'Iona Mckeown', 'description': 'actor'}, {'name': 'Georgia Annable', 'description': 'actor'}, {'name': 'Craig Edwards', 'description': 'actor'}, {'name': 'George Walker', 'description': 'actor'}, {'name': 'Marcella Edgecombe-Craig', 'description': 'actor'}, {'name': 'Anthony Wakefield', 'description': 'actor'}, {'name': 'Stefan Michaels', 'description': 'actor'}, {'name': 'Mark Hindman Smith', 'description': 'actor'}, {'name': 'David Healy', 'description': 'actor'}, {'name': 'John Micheal Foulger', 'description': 'actor'}, {'name': 'Mark Blake Smith', 'description': 'actor'}, {'name': 'Samantha Hindman', 'description': 'actor'}, {'name': 'Maria Lee Metheringham', 'description': 'actor'}, {'name': 'Maria Lee Metheringham', 'description': 'author'}]"
Aguruphobia,9/1/2015,Comedy,"Free Services, Prime Video",,Movie,,7.7/10,,[]
The Fire Within,4/16/2002,Documentary,"Free Services, Prime Video",,Movie,,7.5/10,,"[{'name': 'Leanne Whitney', 'description': 'director'}]"
The Indian Scarf,9/13/1963,"Drama, Crime",Prime Video ,Germany,Movie,,6.6/10,,"[{'name': 'Alfred Vohrer', 'description': 'director'}, {'name': 'Heinz Drache', 'description': 'actor'}, {'name': 'Corny Collins', 'description': 'actor'}, {'name': 'Klaus Kinski', 'description': 'actor'}, {'name': 'Gisela Uhlen', 'description': 'actor'}, {'name': 'Hans Nielsen', 'description': 'actor'}, {'name': 'Siegfried Schürenberg', 'description': 'actor'}, {'name': 'Hans Clarin', 'description': 'actor'}, {'name': 'Eddi Arent', 'description': 'actor'}, {'name': 'Ady Berber', 'description': 'actor'}, {'name': 'Elisabeth Flickenschildt', 'description': 'actor'}, {'name': 'Richard Häussler', 'description': 'actor'}, {'name': 'Alexander Engel', 'description': 'actor'}, {'name': 'Alfred Vohrer', 'description': 'actor'}, {'name': 'Rainer Brandt', 'description': 'actor'}, {'name': 'Horst Wendlandt', 'description': 'actor'}, {'name': 'Edgar Wallace', 'description': 'author'}, {'name': 'George Hurdalek', 'description': 'author'}, {'name': 'Harald G. Petersson', 'description': 'author'}, {'name': 'Peter Thomas', 'description': 'actor'}]"
Airspeed,5/10/2001,Documentary,Prime Video ,,Movie,,,,[]
Private Peaceful,10/12/2012,"Romance, Drama",Prime Video ,United Kingdom,Movie,13+ (PG-13),6.2/10,,"[{'name': ""Pat O'Connor"", 'description': 'director'}, {'name': ""Jack O'Connell"", 'description': 'actor'}, {'name': 'George MacKay', 'description': 'actor'}, {'name': 'Richard Griffiths', 'description': 'actor'}, {'name': 'Frances de la Tour', 'description': 'actor'}, {'name': 'Maxine Peake', 'description': 'actor'}, {'name': 'Alexandra Roach', 'description': 'actor'}, {'name': 'John Lynch', 'description': 'actor'}, {'name': 'Anthony Flanagan', 'description': 'actor'}, {'name': 'Paul Ready', 'description': 'actor'}, {'name': 'Eline Powell', 'description': 'actor'}, {'name': 'James Laurenson', 'description': 'actor'}, {'name': 'Stephen Kennedy', 'description': 'actor'}, {'name': 'David Yelland', 'description': 'actor'}, {'name': 'Kyle Summercorn', 'description': 'actor'}, {'name': 'James McArdle', 'description': 'actor'}, {'name': 'Paul Bentall', 'description': 'actor'}, {'name': 'Anna Carteret', 'description': 'actor'}, {'name': 'Paul Chequer', 'description': 'actor'}, {'name': 'Hero Fiennes Tiffin', 'description': 'actor'}, {'name': 'Samuel Bottomley', 'description': 'actor'}, {'name': 'Guy de Beaujeu', 'description': 'actor'}, {'name': 'Simon Reade', 'description': 'actor'}, {'name': 'Austin Shaw', 'description': 'actor'}]"
Sunrise,10/3/2014,"Mystery, Drama",Free Services,France,Movie,,6.3/10,,"[{'name': 'Partho Sen-Gupta', 'description': 'director'}, {'name': 'Adil Hussain', 'description': 'actor'}, {'name': 'Tannishtha Chatterjee', 'description': 'actor'}, {'name': 'Gulnaaz Ansari', 'description': 'actor'}, {'name': 'Komal Gupta', 'description': 'actor'}, {'name': 'Esha Amlani', 'description': 'actor'}, {'name': 'Ashalata Wabgaonkar', 'description': 'actor'}, {'name': 'Marc Irmer', 'description': 'actor'}, {'name': 'Nina Lath Gupta', 'description': 'actor'}, {'name': 'Partho Sen-Gupta', 'description': 'actor'}, {'name': 'Rakesh Mehra', 'description': 'actor'}, {'name': 'Partho Sen-Gupta', 'description': 'author'}]"
Murder in the Mirror,1/19/2000,"Drama, Mystery",Prime Video ,America,Movie,,4.7/10,,"[{'name': 'James Keach', 'description': 'director'}, {'name': 'Jane Seymour', 'description': 'actor'}, {'name': 'James Farentino', 'description': 'actor'}, {'name': 'Robert Desiderio', 'description': 'actor'}, {'name': 'Zeus Mendoza', 'description': 'actor'}, {'name': 'Hayley DuMond', 'description': 'actor'}, {'name': 'Nan Martin', 'description': 'actor'}, {'name': 'Philip Rosenberg', 'description': 'author'}, {'name': 'Rob Gilmer', 'description': 'author'}]"
Sum of Histories,9/30/2015,"Drama, Romance","Free Services, Prime Video",Belgium,Movie,,6.8/10,,"[{'name': 'Lukas Bossuyt', 'description': 'director'}, {'name': 'Charlotte Anne Bongaerts', 'description': 'actor'}, {'name': 'Koen De Graeve', 'description': 'actor'}, {'name': 'Bart Hollanders', 'description': 'actor'}, {'name': 'Emma Kirstin', 'description': 'actor'}, {'name': 'Matteo Simoni', 'description': 'actor'}, {'name': 'Karina Smulders', 'description': 'actor'}, {'name': 'Robrecht Vanden Thoren', 'description': 'actor'}, {'name': 'Leo Achten', 'description': 'actor'}, {'name': 'Xandra Van Welden', 'description': 'actor'}, {'name': 'Frank van Passel', 'description': 'actor'}, {'name': 'Helena Vlogaert', 'description': 'actor'}, {'name': 'Ivy Vanhaecke', 'description': 'actor'}, {'name': 'Karin S. de Boer', 'description': 'actor'}, {'name': 'Lukas Bossuyt', 'description': 'author'}]"
Yesterday's Target,4/22/1996,"Drama, Thriller","Free Services, Prime Video",America,Movie,18+ (R),3.9/10,,"[{'name': 'Barry Samson', 'description': 'director'}, {'name': 'Daniel Baldwin', 'description': 'actor'}, {'name': 'Stacy Haiduk', 'description': 'actor'}, {'name': 'T. K. Carter', 'description': 'actor'}, {'name': 'Richard Herd', 'description': 'actor'}, {'name': 'LeVar Burton', 'description': 'actor'}, {'name': 'Malcolm McDowell', 'description': 'actor'}, {'name': 'Frank Birney', 'description': 'actor'}, {'name': 'Trevor Goddard', 'description': 'actor'}, {'name': 'Albert T. Dickerson III', 'description': 'actor'}, {'name': 'Larry Estes', 'description': 'actor'}, {'name': 'Miles A. Copeland III', 'description': 'actor'}, {'name': 'David Bourla', 'description': 'author'}]"
Reluctant Witness,9/2/2015,"Action & Adventure, Drama",Free Services,Canada,Movie,,4.8/10,,"[{'name': 'Monika Mitchell', 'description': 'director'}, {'name': 'Mia Kirshner', 'description': 'actor'}, {'name': 'Paul McGillion', 'description': 'actor'}, {'name': 'Madeleine Arthur', 'description': 'actor'}, {'name': 'James Kirk', 'description': 'actor'}, {'name': 'Bruce Ramsay', 'description': 'actor'}, {'name': 'John Cassini', 'description': 'actor'}, {'name': 'Venus Terzo', 'description': 'actor'}, {'name': 'Jenn MacLean-Angus', 'description': 'actor'}, {'name': 'B. J. Harrison', 'description': 'actor'}, {'name': 'Raul Inglis', 'description': 'actor'}, {'name': 'Peighton Brown', 'description': 'actor'}, {'name': 'Yvette Dudley-Neuman', 'description': 'actor'}, {'name': 'Kirk Shaw', 'description': 'actor'}, {'name': 'Roslyn Muir', 'description': 'author'}, {'name': 'Paul Michael Thomas', 'description': 'actor'}]"
Elephant Kingdom,9/20/2016,"Action & Adventure, Family","Starz, Prime Video",America,Movie,7+ (PG),3.1/10,,"[{'name': 'Melanie Simka', 'description': 'director'}, {'name': 'Cary Elwes', 'description': 'actor'}, {'name': 'Alexa PenaVega', 'description': 'actor'}, {'name': 'Carlos PenaVega', 'description': 'actor'}, {'name': 'Patrick Warburton', 'description': 'actor'}, {'name': 'Ambyr Childers', 'description': 'actor'}, {'name': 'Garrett Clayton', 'description': 'actor'}, {'name': 'Mikey Bolts', 'description': 'actor'}, {'name': 'Doug Davidson', 'description': 'author'}, {'name': 'Jocelyn Wright', 'description': 'author'}, {'name': 'Mychal Simka', 'description': 'author'}]"
The Dark Sleep,3/2/2012,"Drama, Horror",Prime Video ,America,Movie,,4.3/10,,"[{'name': 'Brett Piper', 'description': 'director'}, {'name': 'Taylor Nicole Adams', 'description': 'actor'}, {'name': 'Steve Diasparra', 'description': 'actor'}, {'name': 'Ashley Galloway', 'description': 'actor'}, {'name': 'Ken VanSant', 'description': 'actor'}, {'name': 'Mark Polonia', 'description': 'actor'}, {'name': 'Brett Piper', 'description': 'author'}, {'name': 'Jon Greathouse', 'description': 'actor'}]"
Children Who Chase Lost Voices,5/7/2011,"Animation, Anime",Prime Video ,Japan,Movie,7+ (PG),7.1/10,,"[{'name': 'Makoto Shinkai', 'description': 'director'}, {'name': 'Hisako Kanemoto', 'description': 'actor'}, {'name': 'Kazuhiko Inoue', 'description': 'actor'}, {'name': 'Miyu Irino', 'description': 'actor'}, {'name': '日高里菜', 'description': 'actor'}, {'name': 'Fumiko Orikasa', 'description': 'actor'}, {'name': 'Sumi Shimamoto', 'description': 'actor'}, {'name': 'Junko Takeuchi', 'description': 'actor'}, {'name': 'Kanae Itō', 'description': 'actor'}, {'name': 'Tamio Ohki', 'description': 'actor'}, {'name': 'Aki Kanada', 'description': 'actor'}, {'name': 'Ai Horanai', 'description': 'actor'}, {'name': 'Saya Horigome', 'description': 'actor'}, {'name': 'Mayumi Tsuchiya', 'description': 'actor'}, {'name': 'Tomomi Saito', 'description': 'actor'}, {'name': 'Takeshi Maeda', 'description': 'actor'}, {'name': 'Risa Mizuno', 'description': 'actor'}, {'name': 'Yuuna Inamura', 'description': 'actor'}, {'name': 'Yuka Terasaki', 'description': 'actor'}, {'name': 'Makoto Shinkai', 'description': 'actor'}, {'name': 'Noritaka Kawaguchi', 'description': 'actor'}, {'name': 'Makoto Shinkai', 'description': 'author'}]"
Elmer Elephant,3/28/1936,"Family, Animation",Disney+,America,Movie,All (G),6.9/10,,"[{'name': 'Wilfred Jackson', 'description': 'director'}, {'name': 'Bernice Hansen', 'description': 'actor'}, {'name': 'Clarence Nash', 'description': 'actor'}, {'name': 'Pinto Colvig', 'description': 'actor'}, {'name': 'Walt Disney', 'description': 'actor'}, {'name': 'Bianca Majolie', 'description': 'author'}, {'name': 'Earl Hurd', 'description': 'author'}, {'name': 'Ted Sears', 'description': 'author'}, {'name': 'Leigh Harline', 'description': 'actor'}]"
Hercules and the Tyrants of Babylon,12/25/1964,"Fantasy, Action & Adventure","Free Services, Prime Video",Italy,Movie,,4.2/10,,"[{'name': 'Domenico Paolella', 'description': 'director'}, {'name': 'Peter Lupus', 'description': 'actor'}, {'name': 'Helga Liné', 'description': 'actor'}, {'name': 'Mario Petri', 'description': 'actor'}, {'name': 'Arturo Dominici', 'description': 'actor'}, {'name': 'Piero Lulli', 'description': 'actor'}, {'name': 'Livio Lorenzon', 'description': 'actor'}, {'name': 'Anna Maria Polani', 'description': 'actor'}, {'name': 'Tullio Altamura', 'description': 'actor'}, {'name': 'Franco Balducci', 'description': 'actor'}, {'name': 'Diego Pozzetto', 'description': 'actor'}, {'name': 'Mirko Valentin', 'description': 'actor'}, {'name': 'Diego Michelotti', 'description': 'actor'}, {'name': 'Rosy De Leo', 'description': 'actor'}, {'name': 'Eugenio Bottari', 'description': 'actor'}, {'name': 'Andrea Scotti', 'description': 'actor'}, {'name': 'Adriano Vitale', 'description': 'actor'}, {'name': 'Salvatore Borgese', 'description': 'actor'}, {'name': 'Jeff Cameron', 'description': 'actor'}, {'name': 'Pietro Ceccarelli', 'description': 'actor'}, {'name': 'Gilberto Galimberti', 'description': 'actor'}, {'name': 'Emilio Messina', 'description': 'actor'}, {'name': 'Fortunato Misiano', 'description': 'actor'}, {'name': 'Domenico Paolella', 'description': 'author'}]"
I'd Give My Life,8/13/1936,Drama,"Prime Video, Prime Video",,Movie,,6.1/10,,"[{'name': 'Edwin L. Marin', 'description': 'director'}, {'name': 'Guy Standing', 'description': 'actor'}, {'name': 'Frances Drake', 'description': 'actor'}, {'name': 'Tom Brown', 'description': 'actor'}, {'name': 'Janet Beecher', 'description': 'actor'}, {'name': 'Robert Gleckler', 'description': 'actor'}, {'name': 'Helen Lowell', 'description': 'actor'}, {'name': 'Paul Hurst', 'description': 'actor'}, {'name': 'Charles C. Wilson', 'description': 'actor'}, {'name': 'Charles Richman', 'description': 'actor'}, {'name': 'Thomas E. Jackson', 'description': 'actor'}]"
Holmes Family Rescue,12/4/2021,"Home & Garden, Reality","Philo, Prime Video",,TV Show,,8.3/10,1,"[{'name': 'Mike Holmes', 'description': 'actor'}, {'name': 'Michael Holmes Jr.', 'description': 'actor'}, {'name': 'Sherry Holmes', 'description': 'actor'}]"
The Stranger,5/7/1991,Drama,HBO MAX,France,Movie,,10-Aug,,"[{'name': 'Satyajit Ray', 'description': 'director'}, {'name': 'Utpal Dutt', 'description': 'actor'}, {'name': 'Dipankar Dey', 'description': 'actor'}, {'name': 'Mamata Shankar', 'description': 'actor'}, {'name': 'Bikram Bhattacharya', 'description': 'actor'}, {'name': 'Dhritiman Chatterjee', 'description': 'actor'}, {'name': 'Subrata Chatterjee', 'description': 'actor'}, {'name': 'Promode Ganguly', 'description': 'actor'}, {'name': 'Ajit Banerjee', 'description': 'actor'}, {'name': 'Rabi Ghosh', 'description': 'actor'}, {'name': 'Sourav Banerjee', 'description': 'actor'}, {'name': 'Daniel Toscan du Plantier', 'description': 'actor'}, {'name': 'Gérard Depardieu', 'description': 'actor'}, {'name': 'Satyajit Ray', 'description': 'actor'}, {'name': 'Daniel Toscan du Plantier', 'description': 'actor'}, {'name': 'Gérard Depardieu', 'description': 'actor'}, {'name': 'Satyajit Ray', 'description': 'author'}, {'name': 'Satyajit Ray', 'description': 'actor'}]"
Elvira's Movie Macabre: Don't Look in the Basement,1/1/2010,,"Prime Video, Prime Video",,Movie,,,,[]
Born to Dance,11/27/1936,"Musical, Comedy",Prime Video ,America,Movie,,6.7/10,,"[{'name': 'Roy Del Ruth', 'description': 'director'}, {'name': 'Eleanor Powell', 'description': 'actor'}, {'name': 'James Stewart', 'description': 'actor'}, {'name': 'Virginia Bruce', 'description': 'actor'}, {'name': 'Una Merkel', 'description': 'actor'}, {'name': 'Sid Silvers', 'description': 'actor'}, {'name': 'Frances Langford', 'description': 'actor'}, {'name': 'Raymond Walburn', 'description': 'actor'}, {'name': 'Alan Dinehart', 'description': 'actor'}, {'name': 'Buddy Ebsen', 'description': 'actor'}, {'name': 'Juanita Quigley', 'description': 'actor'}, {'name': 'Georges', 'description': 'actor'}, {'name': 'Jalna', 'description': 'actor'}, {'name': 'Reginald Gardiner', 'description': 'actor'}, {'name': 'Barnett Parker', 'description': 'actor'}, {'name': 'J. Marshall Smith', 'description': 'actor'}, {'name': 'L. Dwight Snyder', 'description': 'actor'}, {'name': 'Jay Johnson', 'description': 'actor'}, {'name': 'Del Porter', 'description': 'actor'}, {'name': 'Barbara Bedford', 'description': 'actor'}, {'name': 'Jack Cummings', 'description': 'actor'}, {'name': 'Jack McGowan', 'description': 'author'}, {'name': 'Sid Silvers', 'description': 'author'}]"
Life in a Walk,12/1/2015,"Action & Adventure, Documentary",Free Services,,Movie,7+ (PG),6.6/10,,"[{'name': 'Will Roth', 'description': 'actor'}, {'name': 'Yogi Roth', 'description': 'actor'}]"
Buck Run,1/6/2019,Drama,"Free Services, Prime Video",America,Movie,,5.7/10,,"[{'name': 'Nick Frangione', 'description': 'director'}, {'name': 'James Le Gros', 'description': 'actor'}, {'name': 'Nolan Lyons', 'description': 'actor'}, {'name': 'Amy Hargreaves', 'description': 'actor'}, {'name': ""Kevin J. O'Connor"", 'description': 'actor'}, {'name': 'Lecy Goranson', 'description': 'actor'}, {'name': 'Jim Parrack', 'description': 'actor'}, {'name': 'Angus Macfadyen', 'description': 'actor'}, {'name': 'David Hauslein', 'description': 'author'}, {'name': 'Chris Brokaw', 'description': 'actor'}]"
How To Smell A Rose: A Visit with Ricky Leacock at his Farm in Normandy,8/31/2014,"Biography, Documentary",Prime Video ,,Movie,,6.8/10,,"[{'name': 'Gina Leibrecht', 'description': 'director'}, {'name': 'Les Blank', 'description': 'director'}, {'name': 'Richard Leacock', 'description': 'actor'}, {'name': 'Les Blank', 'description': 'actor'}]"
Sacrilège,11/4/2017,"Animation, Drama","Kanopy, Prime Video",France,Movie,,7.6/10,,"[{'name': 'Christophe M. Saber', 'description': 'director'}, {'name': 'Mehdi Djaadi', 'description': 'actor'}, {'name': 'Kamel Kheroufi', 'description': 'actor'}, {'name': 'Nassim Kheroufi', 'description': 'actor'}, {'name': 'Samir Khelfaoui', 'description': 'actor'}, {'name': 'Océane Court', 'description': 'actor'}, {'name': 'Sofiane Ziani', 'description': 'actor'}, {'name': 'Djemel Barek', 'description': 'actor'}, {'name': 'Niddal El Mellouhi', 'description': 'actor'}, {'name': 'Elena Tatti', 'description': 'actor'}, {'name': 'Elodie Brunner', 'description': 'actor'}, {'name': 'François Morisset', 'description': 'actor'}, {'name': 'Christophe M. Saber', 'description': 'author'}]"
Black Beauty,8/29/1946,"Romance, Drama","Free Services, Prime Video",America,Movie,,5.8/10,,"[{'name': 'Max Nosseck', 'description': 'director'}, {'name': 'Mona Freeman', 'description': 'actor'}, {'name': 'Richard Denning', 'description': 'actor'}, {'name': 'Evelyn Ankers', 'description': 'actor'}, {'name': 'Charles Evans', 'description': 'actor'}, {'name': 'J. M. Kerrigan', 'description': 'actor'}, {'name': 'Moyna MacGill', 'description': 'actor'}, {'name': 'Terry Kilburn', 'description': 'actor'}, {'name': 'Tom Dillon', 'description': 'actor'}, {'name': 'Arthur Space', 'description': 'actor'}, {'name': 'John Burton', 'description': 'actor'}, {'name': 'Olaf Hytten', 'description': 'actor'}, {'name': 'Leyland Hodgson', 'description': 'actor'}, {'name': 'Clifford Brooke', 'description': 'actor'}, {'name': 'Highland Dale', 'description': 'actor'}, {'name': 'Edward L. Alperson', 'description': 'actor'}, {'name': 'Agnes Christine Johnston', 'description': 'author'}, {'name': 'Anna Sewell', 'description': 'author'}, {'name': 'Lillie Hayward', 'description': 'author'}, {'name': 'Dimitri Tiomkin', 'description': 'actor'}]"
The Wiggles: Go Santa Go,11/6/2013,Family,Prime Video ,Australia,Movie,All (G),6.2/10,,"[{'name': 'Martin Murphy', 'description': 'director'}, {'name': 'Emma Watkins', 'description': 'actor'}, {'name': 'Anthony Field', 'description': 'actor'}, {'name': 'Lachlan Gillespie', 'description': 'actor'}, {'name': 'Simon Pryce', 'description': 'actor'}, {'name': ""Jay Laga'aia"", 'description': 'actor'}]"
A Fool There Was,1/12/1915,"Action & Adventure, Drama","Free Services, Prime Video",America,Movie,,5.7/10,,"[{'name': 'Frank Powell', 'description': 'director'}, {'name': 'Theda Bara', 'description': 'actor'}, {'name': 'Edward José', 'description': 'actor'}, {'name': 'Mabel Frenyear', 'description': 'actor'}, {'name': 'May Allison', 'description': 'actor'}, {'name': 'Runa Hodges', 'description': 'actor'}, {'name': 'Clifford Bruce', 'description': 'actor'}, {'name': 'Frank Powell', 'description': 'actor'}, {'name': 'Minna Gale', 'description': 'actor'}, {'name': 'Victor Benoit', 'description': 'actor'}, {'name': 'Creighton Hale', 'description': 'actor'}, {'name': 'Frank Powell', 'description': 'actor'}, {'name': 'William Fox', 'description': 'actor'}, {'name': 'Porter Emerson Browne', 'description': 'author'}]"
12 Angry Men,8/17/1997,"Crime, Drama","Free Services, Prime Video",America,Movie,13+ (PG-13),7.8/10,,"[{'name': 'William Friedkin', 'description': 'director'}, {'name': 'Courtney B. Vance', 'description': 'actor'}, {'name': 'Ossie Davis', 'description': 'actor'}, {'name': 'George C. Scott', 'description': 'actor'}, {'name': 'Armin Mueller-Stahl', 'description': 'actor'}, {'name': 'Dorian Harewood', 'description': 'actor'}, {'name': 'James Gandolfini', 'description': 'actor'}, {'name': 'Tony Danza', 'description': 'actor'}, {'name': 'Jack Lemmon', 'description': 'actor'}, {'name': 'Hume Cronyn', 'description': 'actor'}, {'name': 'Mykelti Williamson', 'description': 'actor'}, {'name': 'Edward James Olmos', 'description': 'actor'}, {'name': 'William Petersen', 'description': 'actor'}, {'name': 'Mary McDonnell', 'description': 'actor'}, {'name': 'Tyrees Allen', 'description': 'actor'}, {'name': 'Douglas Spain', 'description': 'actor'}, {'name': 'Terence A. Donnelly', 'description': 'actor'}, {'name': 'Reginald Rose', 'description': 'author'}]"
"Just Sex, Nothing Personal",12/20/2018,"Romance, Comedy","Free Services, Prime Video",Ukraine,Movie,,6.2/10,,"[{'name': 'Olga Ryashina', 'description': 'director'}, {'name': 'Roman Lutskyi', 'description': 'actor'}, {'name': 'Natalya Mazur', 'description': 'actor'}, {'name': 'Serhiy Prytula', 'description': 'actor'}, {'name': 'Angelika Nikolaeva', 'description': 'actor'}, {'name': 'Oksana Hrebeniuk', 'description': 'actor'}, {'name': 'Serhiy Prytula', 'description': 'author'}]"
The Pajama Game,8/29/1957,"Musical, Comedy","Free Services, Prime Video",America,Movie,,6.7/10,,"[{'name': 'George Abbott', 'description': 'director'}, {'name': 'Stanley Donen', 'description': 'director'}, {'name': 'Doris Day', 'description': 'actor'}, {'name': 'John Raitt', 'description': 'actor'}, {'name': 'Carol Haney', 'description': 'actor'}, {'name': 'Eddie Foy Jr.', 'description': 'actor'}, {'name': 'Reta Shaw', 'description': 'actor'}, {'name': 'Barbara Nichols', 'description': 'actor'}, {'name': 'Thelma Pelish', 'description': 'actor'}, {'name': 'Ralph Dunn', 'description': 'actor'}, {'name': 'Jack Straw', 'description': 'actor'}, {'name': 'Larri Thomas', 'description': 'actor'}, {'name': 'George Abbott', 'description': 'author'}, {'name': 'Richard Bissell', 'description': 'author'}]"
Spirits of the Somme,,,Prime Video ,,Movie,,,,[]
The Straits,2/2/2012,"Drama, Crime","Free Services, Prime Video",Australia,TV Show,,7.2/10,1,"[{'name': 'Brian Cox', 'description': 'actor'}, {'name': 'Rena Owen', 'description': 'actor'}, {'name': ""Aaron Fa'aoso"", 'description': 'actor'}, {'name': 'Jimi Bani', 'description': 'actor'}, {'name': 'Firass Dirani', 'description': 'actor'}, {'name': 'Susannah Bayes-Morton', 'description': 'actor'}, {'name': 'Emma Lung', 'description': 'actor'}, {'name': 'Andy Anderson', 'description': 'actor'}, {'name': 'Helen Panckhurst', 'description': 'actor'}, {'name': 'Penny Chapman', 'description': 'actor'}, {'name': 'Carole Sklan', 'description': 'actor'}, {'name': 'David Ogilvy', 'description': 'actor'}, {'name': 'Tony Ayres', 'description': 'actor'}]"
1066: A Year to Conquer England,2/28/2017,"Documentary, Drama","Paramount+, Prime Video",,TV Show,7+ (TV-PG),6.7/10,1,"[{'name': 'Dan Snow', 'description': 'actor'}, {'name': 'Juliet Stevenson', 'description': 'actor'}, {'name': 'Clive Russell', 'description': 'actor'}, {'name': 'Ed Stoppard', 'description': 'actor'}, {'name': 'Andrew Havill', 'description': 'actor'}, {'name': 'Adam James', 'description': 'actor'}, {'name': 'Simon Meacock', 'description': 'actor'}, {'name': 'Tim Preece', 'description': 'actor'}, {'name': 'David Sterne', 'description': 'actor'}, {'name': 'Freya Parker', 'description': 'actor'}, {'name': 'Jotham Annan', 'description': 'actor'}, {'name': 'Alun Raglan', 'description': 'actor'}, {'name': 'Robin Dashwood', 'description': 'actor'}, {'name': 'Dan Snow', 'description': 'actor'}]"
Kizumonogatari II: Passionate Blood,7/1/2016,"Fantasy, Anime",Prime Video ,Japan,Movie,,7.7/10,,"[{'name': 'Akiyuki Simbo', 'description': 'director'}, {'name': 'Tatsuya Oishi', 'description': 'director'}, {'name': 'Hiroshi Kamiya', 'description': 'actor'}, {'name': 'Yui Horie', 'description': 'actor'}, {'name': 'Maaya Sakamoto', 'description': 'actor'}, {'name': 'Takahiro Sakurai', 'description': 'actor'}, {'name': 'Masashi Ebara', 'description': 'actor'}, {'name': 'Miyu Irino', 'description': 'actor'}, {'name': 'Hochu Otsuka', 'description': 'actor'}, {'name': 'Atsuhiro Iwakami', 'description': 'actor'}, {'name': 'Mitsutoshi Kubota', 'description': 'actor'}, {'name': 'Takuya Matsushita', 'description': 'actor'}, {'name': 'Nisio Isin', 'description': 'author'}, {'name': 'Satoru Kōsaki', 'description': 'actor'}, {'name': 'Nisio Isin', 'description': 'actor'}]"
Intensive Care,7/1/2018,"Action & Adventure, Comedy","Free Services, Prime Video",America,Movie,18+ (R),3.9/10,,"[{'name': 'Jared Bentley', 'description': 'director'}, {'name': 'Tara Macken', 'description': 'actor'}, {'name': 'Jai Rodriguez', 'description': 'actor'}, {'name': 'Kevin Sizemore', 'description': 'actor'}, {'name': 'Jose Rosete', 'description': 'actor'}, {'name': 'Leslie Easterbrook', 'description': 'actor'}, {'name': 'Darrin Henson', 'description': 'actor'}, {'name': 'Gunnar Sizemore', 'description': 'actor'}, {'name': 'Austin Pollard', 'description': 'actor'}, {'name': 'Mihaela Gavrila', 'description': 'actor'}, {'name': 'Kevin Sizemore', 'description': 'actor'}, {'name': 'Peter Rimac', 'description': 'actor'}, {'name': 'Randy Bobbitt', 'description': 'actor'}, {'name': 'Rebecca DeLuca', 'description': 'actor'}, {'name': 'Darrin Scane', 'description': 'author'}, {'name': 'Eric Storlie', 'description': 'author'}, {'name': 'Jared Bentley', 'description': 'author'}]"
Praize A Thon,12/4/2021,Comedy,Free Services,,Movie,,9.1/10,,[]
Jurassic Prey,6/23/2015,"Action & Adventure, Horror",Free Services,America,Movie,,1.7/10,,"[{'name': 'Mark Polonia', 'description': 'director'}, {'name': 'Danielle Donahue', 'description': 'actor'}, {'name': 'Jeff Kirkendall', 'description': 'actor'}, {'name': 'Bob Dennis', 'description': 'actor'}, {'name': 'James Carolus', 'description': 'actor'}, {'name': 'Steve Diasparra', 'description': 'actor'}, {'name': 'Ken Van Sant', 'description': 'actor'}, {'name': 'Todd Carpenter', 'description': 'actor'}, {'name': 'Kelsey Kaufmann', 'description': 'actor'}, {'name': 'Houston Baker', 'description': 'actor'}, {'name': 'John Oak Dalton', 'description': 'author'}]"
Alex Strangelove,4/16/2018,"Comedy, LGBTQ",Netflix,America,Movie,18+ (R),6.3/10,,"[{'name': 'Craig Johnson', 'description': 'director'}, {'name': 'Daniel Doheny', 'description': 'actor'}, {'name': 'Madeline Weinstein', 'description': 'actor'}, {'name': 'Antonio Marziale', 'description': 'actor'}, {'name': 'Daniel Zolghadri', 'description': 'actor'}, {'name': 'Nik Dodani', 'description': 'actor'}, {'name': 'Fred Hechinger', 'description': 'actor'}, {'name': 'Dante Costabile', 'description': 'actor'}, {'name': 'Annie Q.', 'description': 'actor'}, {'name': 'Kathryn Erbe', 'description': 'actor'}, {'name': 'Joanna Adler', 'description': 'actor'}, {'name': 'William Ragsdale', 'description': 'actor'}, {'name': 'Ayden Mayeri', 'description': 'actor'}, {'name': 'Isabella Amara', 'description': 'actor'}, {'name': 'Sophie Faulkenberry', 'description': 'actor'}, {'name': 'David Fierro', 'description': 'actor'}, {'name': 'Jesse James Keitel', 'description': 'actor'}, {'name': 'Ben Stiller', 'description': 'actor'}, {'name': 'Jared Goldman', 'description': 'actor'}, {'name': 'Nicholas Weinstock', 'description': 'actor'}, {'name': 'Craig Johnson', 'description': 'author'}]"
Resurrection Corporation,4/30/2021,"Animation, Comedy",Prime Video ,,Movie,,7.5/10,,[]
The Rolling Stones: Stones in Exile,5/14/2010,"Documentary, Musical",Prime Video ,,Movie,,7.1/10,,"[{'name': 'Stephen Kijak', 'description': 'director'}, {'name': 'Mick Jagger', 'description': 'actor'}, {'name': 'Keith Richards', 'description': 'actor'}, {'name': 'Mick Taylor', 'description': 'actor'}, {'name': 'Bill Wyman', 'description': 'actor'}, {'name': 'Charlie Watts', 'description': 'actor'}, {'name': 'Benicio del Toro', 'description': 'actor'}, {'name': 'Sheryl Crow', 'description': 'actor'}, {'name': 'Jack White', 'description': 'actor'}, {'name': 'Martin Scorsese', 'description': 'actor'}, {'name': 'Ashli Haynes', 'description': 'actor'}, {'name': 'Caleb Followill', 'description': 'actor'}, {'name': 'Marshall Chess', 'description': 'actor'}, {'name': 'Anita Pallenberg', 'description': 'actor'}, {'name': 'Liz Phair', 'description': 'actor'}, {'name': 'Andy Johns', 'description': 'actor'}]"
Crimewave,4/12/1985,"Comedy, Crime","Free Services, Prime Video",America,Movie,13+ (PG-13),5.6/10,,"[{'name': 'Sam Raimi', 'description': 'director'}, {'name': 'Louise Lasser', 'description': 'actor'}, {'name': 'Reed Birney', 'description': 'actor'}, {'name': 'Sheree J. Wilson', 'description': 'actor'}, {'name': 'Paul L. Smith', 'description': 'actor'}, {'name': 'Brion James', 'description': 'actor'}, {'name': 'Edward R. Pressman', 'description': 'actor'}, {'name': 'Bruce Campbell', 'description': 'actor'}, {'name': 'Frances McDormand', 'description': 'actor'}, {'name': 'Anne Cooper', 'description': 'actor'}, {'name': 'Bridget Hoffman', 'description': 'actor'}, {'name': 'Richard Bright', 'description': 'actor'}, {'name': 'Antonio Fargas', 'description': 'actor'}, {'name': 'Hamid Dana', 'description': 'actor'}, {'name': 'John Hardy', 'description': 'actor'}, {'name': 'Emil Sitka', 'description': 'actor'}, {'name': 'Hal Youngblood', 'description': 'actor'}, {'name': 'Sean Farley', 'description': 'actor'}, {'name': 'Richard DeManincor', 'description': 'actor'}, {'name': 'Carrie Hall', 'description': 'actor'}, {'name': 'Wiley Harker', 'description': 'actor'}, {'name': 'Julius Harris', 'description': 'actor'}, {'name': 'Robert Tapert', 'description': 'actor'}, {'name': 'Edward R. Pressman', 'description': 'actor'}]"
The Greatest Journeys on Earth: France - Journeys of the Sun King,6/1/2007,,Prime Video ,,Movie,,,,[]
"Van Cliburn in Moscow, Vol. 3",,,Prime Video ,,Movie,,,,"[{'name': 'Van Cliburn', 'description': 'actor'}]"
Dog: Impossible,9/1/2019,"Documentary, Reality","Disney+, Prime Video",,TV Show,,7.6/10,2,"[{'name': 'Matt Beisner', 'description': 'actor'}, {'name': 'Stef DiOrio', 'description': 'actor'}]"
"Hailey Dean Mysteries: Murder, With Love",10/23/2016,"Drama, Mystery","Hallmark Movies Now, Prime Video",America,Movie,All (G),6.5/10,,"[{'name': 'Terry Ingram', 'description': 'director'}, {'name': 'Kellie Martin', 'description': 'actor'}, {'name': 'Nancy Grace', 'description': 'actor'}, {'name': 'Cindy Busby', 'description': 'actor'}, {'name': 'Giacomo Baessato', 'description': 'actor'}, {'name': 'Viv Leacock', 'description': 'actor'}, {'name': 'Jesse Moss', 'description': 'actor'}, {'name': 'Lucia Walters', 'description': 'actor'}, {'name': 'Michael Kopsa', 'description': 'actor'}, {'name': 'Matthew MacCaull', 'description': 'actor'}, {'name': 'Peter Bryant', 'description': 'actor'}, {'name': 'Sarah Boey', 'description': 'actor'}, {'name': 'Kate Crutchlow', 'description': 'actor'}, {'name': 'Ted Cole', 'description': 'actor'}, {'name': 'Susan Hogan', 'description': 'actor'}, {'name': 'Tom Butler', 'description': 'actor'}, {'name': 'Norman Misura', 'description': 'actor'}, {'name': 'Deborah Ramsay', 'description': 'actor'}, {'name': 'Carmel Amit', 'description': 'actor'}, {'name': 'Jason Stevens', 'description': 'actor'}, {'name': 'Matt Ellis', 'description': 'actor'}, {'name': 'Hiro Kanagawa', 'description': 'actor'}, {'name': 'Christian Bruyère', 'description': 'actor'}, {'name': 'Jonathan Greene', 'description': 'author'}]"
God Bless Ozzy Osbourne,4/24/2011,"Musical, Documentary",Prime Video ,America,Movie,7+ (PG),7.4/10,,"[{'name': 'Mike Fleiss', 'description': 'director'}, {'name': 'Mike Piscitelli', 'description': 'director'}, {'name': 'Ozzy Osbourne', 'description': 'actor'}, {'name': 'Sharon Osbourne', 'description': 'actor'}, {'name': 'Geezer Butler', 'description': 'actor'}, {'name': 'Paul McCartney', 'description': 'actor'}, {'name': 'Zakk Wylde', 'description': 'actor'}, {'name': 'Robert Trujillo', 'description': 'actor'}, {'name': 'Kelly Osbourne', 'description': 'actor'}, {'name': 'Bill Ward', 'description': 'actor'}, {'name': 'Henry Rollins', 'description': 'actor'}, {'name': 'Tommy Lee', 'description': 'actor'}, {'name': 'John Frusciante', 'description': 'actor'}, {'name': 'Tony Iommi', 'description': 'actor'}, {'name': 'Jack Osbourne', 'description': 'actor'}, {'name': 'Jack Osbourne', 'description': 'actor'}, {'name': 'Sharon Osbourne', 'description': 'actor'}, {'name': 'Michael Einziger', 'description': 'actor'}]"
Tentacle 8,3/25/2014,"Mystery, Drama","Free Services, Prime Video",America,Movie,,4.1/10,,"[{'name': 'John Chi', 'description': 'director'}, {'name': 'Brett Rickaby', 'description': 'actor'}, {'name': 'Amy Motta', 'description': 'actor'}, {'name': 'John Churchill', 'description': 'actor'}, {'name': 'Bruce Gray', 'description': 'actor'}, {'name': 'John Henry Whitaker', 'description': 'actor'}, {'name': 'Matt Borlenghi', 'description': 'actor'}, {'name': 'Rod Britt', 'description': 'actor'}, {'name': 'Rocky McMurray', 'description': 'actor'}, {'name': 'John Chi', 'description': 'author'}]"
Little Sorcerer,5/6/2022,"Action & Adventure, Animation",Prime Video ,,Movie,,3.9/10,,[]
Fitting,4/1/2012,"Drama, Comedy",Prime Video ,,Movie,,8.3/10,,[]
Reckless,6/29/2014,"Crime, Drama",Prime Video ,America,TV Show,7+ (TV-PG),10-Jul,1,"[{'name': 'Michael Gladis', 'description': 'actor'}, {'name': 'Shawn Hatosy', 'description': 'actor'}, {'name': 'Cam Gigandet', 'description': 'actor'}, {'name': 'Anna Wood', 'description': 'actor'}, {'name': 'Georgina Haig', 'description': 'actor'}, {'name': 'Adam Rodríguez', 'description': 'actor'}, {'name': 'Kim Wayans', 'description': 'actor'}, {'name': 'Gregory Harrison', 'description': 'actor'}, {'name': 'Catherine Hardwicke', 'description': 'actor'}, {'name': 'Corey Miller', 'description': 'actor'}, {'name': 'Dana Stevens', 'description': 'actor'}, {'name': 'Ian Sanders', 'description': 'actor'}, {'name': 'Kim Moses', 'description': 'actor'}, {'name': 'Dana Stevens', 'description': 'actor'}]"
Vendetta,5/17/2022,"Action & Adventure, Thriller",Prime Video ,America,Movie,18+ (R),3.7/10,,"[{'name': 'Jared Cohn', 'description': 'director'}, {'name': 'Clive Standen', 'description': 'actor'}, {'name': 'Theo Rossi', 'description': 'actor'}, {'name': 'Mike Tyson', 'description': 'actor'}, {'name': 'Thomas Jane', 'description': 'actor'}, {'name': 'Bruce Willis', 'description': 'actor'}, {'name': 'Maddie Nichols', 'description': 'actor'}, {'name': 'Cabot Basden', 'description': 'actor'}, {'name': 'Amar Balaggan', 'description': 'actor'}, {'name': 'Benjamin Rappaport', 'description': 'actor'}, {'name': 'Corey Large', 'description': 'actor'}, {'name': 'Ross Mrazek', 'description': 'actor'}, {'name': 'Jared Cohn', 'description': 'author'}]"
Home Run Showdown,7/27/2012,"Family, Sport","Free Services, Prime Video",America,Movie,,4.8/10,,"[{'name': 'Oz Scott', 'description': 'director'}, {'name': 'Dean Cain', 'description': 'actor'}, {'name': 'Matthew Lillard', 'description': 'actor'}, {'name': 'Annabeth Gish', 'description': 'actor'}, {'name': 'Barry Bostwick', 'description': 'actor'}, {'name': 'Wayne Duvall', 'description': 'actor'}, {'name': 'Kaleigh Ryan', 'description': 'actor'}, {'name': 'Cristina Sasso', 'description': 'actor'}, {'name': 'Marcus Shultz', 'description': 'actor'}, {'name': 'Kyle Kirk', 'description': 'actor'}, {'name': 'Derek Brandon', 'description': 'actor'}, {'name': 'Dena Hysell-Cornejo', 'description': 'actor'}, {'name': 'Joe Gressis', 'description': 'actor'}, {'name': 'John Bella', 'description': 'author'}, {'name': 'Tim Cavanaugh', 'description': 'author'}, {'name': 'Austin Wintory', 'description': 'actor'}]"
Footloose in the Italian Lakes: Garda Como Lugano Maggiore,3/9/2016,Documentary,Prime Video ,,Movie,,,,[]
A Question of Origins,,Documentary,Prime Video ,,Movie,,4.3/10,,[]
Secret Window,3/12/2004,"Mystery, Thriller",Prime Video ,America,Movie,13+ (PG-13),6.5/10,,"[{'name': 'David Koepp', 'description': 'director'}, {'name': 'Johnny Depp', 'description': 'actor'}, {'name': 'John Turturro', 'description': 'actor'}, {'name': 'Maria Bello', 'description': 'actor'}, {'name': 'Timothy Hutton', 'description': 'actor'}, {'name': 'Charles S. Dutton', 'description': 'actor'}, {'name': 'Len Cariou', 'description': 'actor'}, {'name': 'Joan Heney', 'description': 'actor'}, {'name': 'John Dunn-Hill', 'description': 'actor'}, {'name': 'Vlasta Vrána', 'description': 'actor'}, {'name': 'Matt Holland', 'description': 'actor'}, {'name': 'Gillian Ferrabee', 'description': 'actor'}, {'name': 'Bronwen Mantel', 'description': 'actor'}, {'name': 'Elizabeth Marleau', 'description': 'actor'}, {'name': 'Kyle Allatt', 'description': 'actor'}, {'name': 'Richard Jutras', 'description': 'actor'}, {'name': 'Gavin Polone', 'description': 'actor'}, {'name': 'Ezra Swerdlow', 'description': 'actor'}, {'name': 'David Koepp', 'description': 'author'}, {'name': 'Stephen King', 'description': 'author'}, {'name': 'Geoff Zanelli', 'description': 'actor'}, {'name': 'Philip Glass', 'description': 'actor'}]"
The Personals: Improvisations on Romance in the Golden Years,4/25/1999,"Animation, Documentary","Kanopy, Prime Video",,Movie,,6.4/10,,"[{'name': 'Keiko Ibi', 'description': 'director'}]"
The Night Clerk,3/1/2011,"Drama, Thriller",Prime Video ,France,Movie,,6.4/10,,"[{'name': 'Raphaël Jacoulot', 'description': 'director'}, {'name': 'Jean-Pierre Bacri', 'description': 'actor'}, {'name': 'Vincent Rottiers', 'description': 'actor'}, {'name': 'Ludmila Mikaël', 'description': 'actor'}, {'name': 'Sylvie Testud', 'description': 'actor'}, {'name': 'Céline Sallette', 'description': 'actor'}, {'name': 'François Perrot', 'description': 'actor'}, {'name': 'Xavier Robic', 'description': 'actor'}, {'name': 'India Hair', 'description': 'actor'}, {'name': 'Melha Bossard', 'description': 'actor'}, {'name': 'Lise Macheboeuf', 'description': 'author'}, {'name': 'Raphaël Jacoulot', 'description': 'author'}]"
Greatest Heroes and Legends of The Bible: Daniel and the Lion's Den,1/1/1998,Animation,"Free Services, Prime Video",Canada,Movie,,,,"[{'name': 'Glenn Patterson', 'description': 'director'}, {'name': 'Charlton Heston', 'description': 'actor'}, {'name': 'Stephen Barlow', 'description': 'actor'}, {'name': 'Paul Dobson', 'description': 'actor'}, {'name': 'Julie Faye', 'description': 'actor'}, {'name': 'Saffron Henderson', 'description': 'actor'}, {'name': 'Brent Murphy', 'description': 'actor'}, {'name': 'Jacques Borassa', 'description': 'actor'}, {'name': 'Chris Gray', 'description': 'actor'}, {'name': 'William R. Kowalchuk', 'description': 'actor'}, {'name': 'Andrew Greenberg', 'description': 'actor'}, {'name': 'Seth Willenson', 'description': 'actor'}, {'name': 'Howard Rumberg', 'description': 'author'}]"
The Price of Power,12/18/1969,,Free Services,Italy,Movie,,6.4/10,,"[{'name': 'Tonino Valerii', 'description': 'director'}, {'name': 'Giuliano Gemma', 'description': 'actor'}, {'name': 'Warren Vanders', 'description': 'actor'}, {'name': 'María Cuadra', 'description': 'actor'}, {'name': 'Ray Saunders', 'description': 'actor'}, {'name': 'Fernando Rey', 'description': 'actor'}, {'name': 'Van Johnson', 'description': 'actor'}, {'name': 'Julio Peña', 'description': 'actor'}, {'name': 'José Suárez', 'description': 'actor'}, {'name': 'Benito Stefanelli', 'description': 'actor'}, {'name': 'Ángel del Pozo', 'description': 'actor'}, {'name': 'Francisco Sanz', 'description': 'actor'}, {'name': 'Ernesto Gastaldi', 'description': 'author'}, {'name': 'Massimo Patrizi', 'description': 'author'}]"
Flyboys,9/22/2006,"Action & Adventure, Drama","Free Services, Prime Video",United Kingdom,Movie,13+ (PG-13),6.5/10,,"[{'name': 'Tony Bill', 'description': 'director'}, {'name': 'James Franco', 'description': 'actor'}, {'name': 'David Ellison', 'description': 'actor'}, {'name': 'Jean Reno', 'description': 'actor'}, {'name': 'Philip Winchester', 'description': 'actor'}, {'name': 'Todd Boyce', 'description': 'actor'}, {'name': 'Mac McDonald', 'description': 'actor'}, {'name': 'Abdul Salis', 'description': 'actor'}, {'name': 'Karen Ford', 'description': 'actor'}, {'name': 'Scott Hazell', 'description': 'actor'}, {'name': 'Ruth Bradley', 'description': 'actor'}, {'name': 'Tim Pigott-Smith', 'description': 'actor'}, {'name': 'Tyler Labine', 'description': 'actor'}, {'name': 'Gail Downey', 'description': 'actor'}, {'name': 'Augustin Legrand', 'description': 'actor'}, {'name': 'Keith McErlean', 'description': 'actor'}, {'name': 'Jennifer Decker', 'description': 'actor'}, {'name': 'Lex Shrapnel', 'description': 'actor'}, {'name': 'Martin Henderson', 'description': 'actor'}, {'name': 'Kate Robbins', 'description': 'actor'}, {'name': 'Dean Devlin', 'description': 'actor'}, {'name': 'Marc Frydman', 'description': 'actor'}, {'name': 'David Brown', 'description': 'actor'}, {'name': 'Duncan Reid', 'description': 'actor'}]"
Attack on Titan,8/1/2015,"Horror, Drama",Prime Video ,Japan,Movie,,5.1/10,,"[{'name': 'Shinji Higuchi', 'description': 'director'}, {'name': 'Haruma Miura', 'description': 'actor'}, {'name': 'Kiko Mizuhara', 'description': 'actor'}, {'name': 'Kanata Hongo', 'description': 'actor'}, {'name': 'Nanami Sakuraba', 'description': 'actor'}, {'name': 'Takahiro Miura', 'description': 'actor'}, {'name': 'Satomi Ishihara', 'description': 'actor'}, {'name': 'Hiroki Hasegawa', 'description': 'actor'}, {'name': 'Ayame Misaki', 'description': 'actor'}, {'name': 'Pierre Taki', 'description': 'actor'}, {'name': 'Jun Kunimura', 'description': 'actor'}, {'name': '渡部秀', 'description': 'actor'}, {'name': 'Rina Takeda', 'description': 'actor'}, {'name': 'Nana Seino', 'description': 'actor'}, {'name': '松尾谕', 'description': 'actor'}, {'name': 'Momoko Kato', 'description': 'actor'}, {'name': 'Chisako Hara', 'description': 'actor'}, {'name': 'Ryo Tanaka', 'description': 'actor'}, {'name': 'Genki Kawamura', 'description': 'actor'}, {'name': 'Yuji Ishida', 'description': 'actor'}, {'name': 'Akihiro Yamauchi', 'description': 'actor'}, {'name': 'Tomohiro Machiyama', 'description': 'author'}, {'name': 'Yusuke Watanabe', 'description': 'author'}, {'name': 'Shiro Sagisu', 'description': 'actor'}]"
A Time to Kill,6/4/2020,"Documentary, Crime","Philo, Prime Video",,TV Show,14+ (TV-14),7.1/10,5,[]
Time of Death,11/1/2013,"Documentary, Reality","fuboTV, Prime Video",,TV Show,18+ (TV-MA),8.6/10,1,[]
Gimme Shelter,10/17/2013,Drama,"Free Services, Prime Video",America,Movie,13+ (PG-13),6.4/10,,"[{'name': 'Ron Krauss', 'description': 'director'}, {'name': 'Vanessa Hudgens', 'description': 'actor'}, {'name': 'Rosario Dawson', 'description': 'actor'}, {'name': 'Brendan Fraser', 'description': 'actor'}, {'name': 'Stephanie Szostak', 'description': 'actor'}, {'name': 'James Earl Jones', 'description': 'actor'}, {'name': 'Dascha Polanco', 'description': 'actor'}, {'name': 'Emily Meade', 'description': 'actor'}, {'name': 'Ann Dowd', 'description': 'actor'}, {'name': 'Candace Smith', 'description': 'actor'}, {'name': 'Tashiana Washington', 'description': 'actor'}, {'name': 'Sheila Tapia', 'description': 'actor'}, {'name': 'Eddie Schweighardt', 'description': 'actor'}, {'name': 'Laneya Wiles', 'description': 'actor'}, {'name': 'Jeff Rice', 'description': 'actor'}, {'name': 'Ron Krauss', 'description': 'actor'}, {'name': 'Ron Krauss', 'description': 'author'}]"
Raging Bull,11/14/1980,"Biography, Drama","Prime Video, Prime Video",America,Movie,18+ (R),8.2/10,,"[{'name': 'Martin Scorsese', 'description': 'director'}, {'name': 'Robert De Niro', 'description': 'actor'}, {'name': 'Joe Pesci', 'description': 'actor'}, {'name': 'Cathy Moriarty', 'description': 'actor'}, {'name': 'Frank Vincent', 'description': 'actor'}, {'name': 'Nicholas Colasanto', 'description': 'actor'}, {'name': 'Theresa Saldana', 'description': 'actor'}, {'name': 'Mario Gallo', 'description': 'actor'}, {'name': 'John Turturro', 'description': 'actor'}, {'name': 'Joseph Bono', 'description': 'actor'}, {'name': 'Frank Adonis', 'description': 'actor'}, {'name': 'Charles Scorsese', 'description': 'actor'}, {'name': 'Rita Bennett', 'description': 'actor'}, {'name': 'Bernie Allen', 'description': 'actor'}, {'name': 'Gene LeBell', 'description': 'actor'}, {'name': 'Victor Magnotta', 'description': 'actor'}, {'name': 'Shay Duffin', 'description': 'actor'}, {'name': 'Jack Lotz', 'description': 'actor'}, {'name': 'Kevin Breslin', 'description': 'actor'}, {'name': 'Coley Wallace', 'description': 'actor'}, {'name': 'Fred Dennis', 'description': 'actor'}, {'name': 'Harvey Parry', 'description': 'actor'}, {'name': 'Irwin Winkler', 'description': 'actor'}, {'name': 'Robert Chartoff', 'description': 'actor'}]"
George for Real,1/1/2015,Documentary,"Free Services, Prime Video",,Movie,,,,[]
Blue-Eyed Butcher,3/3/2012,"Mystery, Thriller",Prime Video ,America,Movie,18+ (R),5.6/10,,"[{'name': 'Stephen T. Kay', 'description': 'director'}, {'name': 'Sara Paxton', 'description': 'actor'}, {'name': 'Justin Bruening', 'description': 'actor'}, {'name': 'Lisa Edelstein', 'description': 'actor'}, {'name': 'Michael Gross', 'description': 'actor'}, {'name': 'Annie Corley', 'description': 'actor'}, {'name': 'Joshua Snyder', 'description': 'actor'}, {'name': 'W. Earl Brown', 'description': 'actor'}, {'name': 'Lucinda Jenney', 'description': 'actor'}, {'name': 'David Marciano', 'description': 'actor'}, {'name': 'Matthew Del Negro', 'description': 'actor'}, {'name': 'Erin Cahill', 'description': 'actor'}, {'name': 'Annie Wersching', 'description': 'actor'}, {'name': 'Jon Curry', 'description': 'actor'}, {'name': 'Sam McMurray', 'description': 'actor'}, {'name': 'Vyto Ruginis', 'description': 'actor'}, {'name': 'Pat Skipper', 'description': 'actor'}, {'name': 'Nancy Grace', 'description': 'actor'}, {'name': 'Jonathan Patrick Moore', 'description': 'actor'}, {'name': 'Cade Owens', 'description': 'actor'}, {'name': 'Aaron Lustig', 'description': 'actor'}, {'name': 'Zuleyka Silver', 'description': 'actor'}, {'name': 'Kyle A. Clark', 'description': 'actor'}, {'name': 'Frank von Zerneck', 'description': 'actor'}]"
Boeing 777: The Heavy Check,12/1/2016,Documentary,Prime Video ,France,Movie,,7.1/10,,"[{'name': 'Josselin Mahot', 'description': 'director'}]"
Blink,3/2/2018,Drama,Prime Video ,America,Movie,18+ (R),4.7/10,,"[{'name': 'Courtney Glaude', 'description': 'director'}, {'name': 'Bianca Siplin', 'description': 'actor'}, {'name': 'Will Scott', 'description': 'actor'}, {'name': 'Courtney Glaude', 'description': 'actor'}, {'name': 'Dorrian Wilson', 'description': 'actor'}, {'name': 'Jada broen', 'description': 'actor'}, {'name': 'Mrs. Ross', 'description': 'actor'}, {'name': 'Howard Calvert', 'description': 'actor'}, {'name': 'Marty Blair', 'description': 'actor'}, {'name': 'Courtney Glaude', 'description': 'actor'}, {'name': 'Courtney Glaude', 'description': 'actor'}, {'name': 'Courtney Glaude', 'description': 'author'}]"
Torture Chamber,10/10/2013,"Thriller, Horror","Free Services, Prime Video",America,Movie,18+ (R),2.9/10,,"[{'name': 'Dante Tomaselli', 'description': 'director'}, {'name': 'Vincent Pastore', 'description': 'actor'}, {'name': 'Christie Sanford', 'description': 'actor'}, {'name': 'Lynn Lowry', 'description': 'actor'}, {'name': 'Ron Millkie', 'description': 'actor'}, {'name': 'Carmen LoPorto', 'description': 'actor'}, {'name': 'Ellie Pettit', 'description': 'actor'}, {'name': 'Richard D. Busser', 'description': 'actor'}, {'name': 'Steven Lobman', 'description': 'actor'}, {'name': 'Raine Brown', 'description': 'actor'}, {'name': 'Danny Lopes', 'description': 'actor'}, {'name': 'Bill Boorman', 'description': 'actor'}, {'name': 'Andrew George Jr.', 'description': 'actor'}, {'name': 'Lily Suda', 'description': 'actor'}, {'name': 'Jennifer Agostini', 'description': 'actor'}, {'name': 'Al Sapienza', 'description': 'actor'}, {'name': 'Allen Rosenberg', 'description': 'actor'}, {'name': 'Lela Frechette', 'description': 'actor'}, {'name': 'Bartolo Raffaele', 'description': 'actor'}, {'name': 'Dante Tomaselli', 'description': 'actor'}, {'name': 'Milka Stanisic', 'description': 'actor'}, {'name': 'Gary Vitello', 'description': 'actor'}, {'name': 'Maria Tassiello', 'description': 'actor'}, {'name': 'Dante Tomaselli', 'description': 'author'}]"
Kelly's Heroes,1/1/1970,"Comedy, Action & Adventure",Prime Video ,America,Movie,7+ (PG),7.6/10,,"[{'name': 'Brian G. Hutton', 'description': 'director'}, {'name': 'Clint Eastwood', 'description': 'actor'}, {'name': 'Telly Savalas', 'description': 'actor'}, {'name': 'Don Rickles', 'description': 'actor'}, {'name': ""Carroll O'Connor"", 'description': 'actor'}, {'name': 'Donald Sutherland', 'description': 'actor'}, {'name': 'Gavin MacLeod', 'description': 'actor'}, {'name': 'Hal Buckley', 'description': 'actor'}, {'name': 'Stuart Margolin', 'description': 'actor'}, {'name': 'Jeff Morris', 'description': 'actor'}, {'name': 'Richard Davalos', 'description': 'actor'}, {'name': 'Perry Lopez', 'description': 'actor'}, {'name': 'Tom Troupe', 'description': 'actor'}, {'name': 'Harry Dean Stanton', 'description': 'actor'}, {'name': 'Dick Balduzzi', 'description': 'actor'}, {'name': 'Gene Collins', 'description': 'actor'}, {'name': 'Len Lesser', 'description': 'actor'}, {'name': 'David Hurst', 'description': 'actor'}, {'name': 'Fred Pearlman', 'description': 'actor'}, {'name': 'Michael Clark', 'description': 'actor'}, {'name': 'George Fargo', 'description': 'actor'}, {'name': 'Dee Pollock', 'description': 'actor'}, {'name': 'Gabriel Katzka', 'description': 'actor'}, {'name': 'Harold Loeb', 'description': 'actor'}]"
Cheese: A Love Story,6/9/2021,Documentary,Hulu,,TV Show,,8.2/10,1,[]
Breakfast with Curtis,12/4/2013,"Comedy, Drama","Fandor, Prime Video",,Movie,,6.6/10,,"[{'name': 'Laura Colella', 'description': 'director'}, {'name': 'Jonah Parker', 'description': 'actor'}, {'name': 'Theo Green', 'description': 'actor'}, {'name': 'David A. Parker', 'description': 'actor'}, {'name': 'Aaron Jungels', 'description': 'actor'}, {'name': 'Yvonne Parker', 'description': 'actor'}, {'name': 'Virginia Laffey', 'description': 'actor'}, {'name': 'Adele Parker', 'description': 'actor'}, {'name': 'Laura Colella', 'description': 'actor'}, {'name': 'Gideon Parker', 'description': 'actor'}, {'name': 'Laura Colella', 'description': 'author'}]"
Design Star: Next Gen,2/24/2021,"Reality, Home & Garden",Philo,,TV Show,,,1,"[{'name': 'Allison Holker', 'description': 'actor'}, {'name': 'Jonathan Adler', 'description': 'actor'}, {'name': 'Lauren Makk', 'description': 'actor'}]"
Vampire Wars,1/1/2017,,Free Services,,Movie,,,,[]
Trust,9/9/1990,"Comedy, Drama",Prime Video ,United Kingdom,Movie,18+ (R),7.4/10,,"[{'name': 'Hal Hartley', 'description': 'director'}, {'name': 'Adrienne Shelly', 'description': 'actor'}, {'name': 'Martin Donovan', 'description': 'actor'}, {'name': 'Rebecca Nelson', 'description': 'actor'}, {'name': 'John MacKay', 'description': 'actor'}, {'name': 'Edie Falco', 'description': 'actor'}, {'name': 'Gary Sauer', 'description': 'actor'}, {'name': 'Matt Malloy', 'description': 'actor'}, {'name': 'Suzanne Costollos', 'description': 'actor'}, {'name': 'Jeff Howard', 'description': 'actor'}, {'name': 'Karen Sillas', 'description': 'actor'}, {'name': 'Tom Thon', 'description': 'actor'}, {'name': 'Hannah Sullivan', 'description': 'actor'}, {'name': 'Marko Hunt', 'description': 'actor'}, {'name': 'Kathryn Mederos', 'description': 'actor'}, {'name': 'Bill Sage', 'description': 'actor'}, {'name': 'Julie Kessler', 'description': 'actor'}, {'name': 'Robby Anderson', 'description': 'actor'}, {'name': 'Christopher Cooke', 'description': 'actor'}, {'name': 'Leo Gosse', 'description': 'actor'}, {'name': 'Bruce Weiss', 'description': 'actor'}, {'name': 'Hal Hartley', 'description': 'actor'}, {'name': 'Jerome Brownstein', 'description': 'actor'}, {'name': 'Hal Hartley', 'description': 'author'}]"
Antonio Lopez 1970: Sex Fashion & Disco,9/13/2018,"Biography, Documentary","Free Services, Prime Video",America,Movie,,6.8/10,,"[{'name': 'James Crump', 'description': 'director'}, {'name': 'Joan Juliet Buck', 'description': 'actor'}, {'name': 'Paul Caranicas', 'description': 'actor'}, {'name': 'Michael Chow', 'description': 'actor'}, {'name': 'Tina Chow', 'description': 'actor'}, {'name': 'Pat Cleveland', 'description': 'actor'}, {'name': 'Grace Coddington', 'description': 'actor'}, {'name': 'Bob Colacello', 'description': 'actor'}, {'name': 'Bill Cunningham', 'description': 'actor'}, {'name': ""Patti D'Arbanville"", 'description': 'actor'}, {'name': 'Jane Forth', 'description': 'actor'}, {'name': 'Jerry Hall', 'description': 'actor'}, {'name': 'Charles James', 'description': 'actor'}, {'name': 'Grace Jones', 'description': 'actor'}, {'name': 'Donna Jordan', 'description': 'actor'}, {'name': 'Karl Lagerfeld', 'description': 'actor'}, {'name': 'Jessica Lange', 'description': 'actor'}, {'name': 'Antonio Lopez', 'description': 'actor'}, {'name': 'Juan Ramos', 'description': 'actor'}, {'name': 'Yves Saint-Laurent', 'description': 'actor'}, {'name': 'Corey Tippin', 'description': 'actor'}]"
Vikings,3/3/2013,"Romance, Action & Adventure","Prime Video, Prime Video",Canada,TV Show,18+ (TV-MA),8.5/10,6,"[{'name': 'Alex Høgh Andersen', 'description': 'actor'}, {'name': 'Jordan Patrick Smith', 'description': 'actor'}, {'name': 'Marco Ilsø', 'description': 'actor'}, {'name': 'Peter Franzén', 'description': 'actor'}, {'name': 'Georgia Hirst', 'description': 'actor'}, {'name': 'Danila Kozlovsky', 'description': 'actor'}, {'name': 'Alexander Ludwig', 'description': 'actor'}, {'name': 'Alyssa Sutherland', 'description': 'actor'}, {'name': 'Ben Robson', 'description': 'actor'}, {'name': 'Clive Standen', 'description': 'actor'}, {'name': 'Donal Logue', 'description': 'actor'}, {'name': 'Ferdia Walsh-Peelo', 'description': 'actor'}, {'name': 'Gabriel Byrne', 'description': 'actor'}, {'name': 'George Blagden', 'description': 'actor'}, {'name': 'Gustaf Skarsgård', 'description': 'actor'}, {'name': 'Jennie Jacques', 'description': 'actor'}, {'name': 'Jessalyn Gilsig', 'description': 'actor'}, {'name': 'Katheryn Winnick', 'description': 'actor'}, {'name': 'Linus Roache', 'description': 'actor'}, {'name': 'Maude Hirst', 'description': 'actor'}, {'name': 'Moe Dunford', 'description': 'actor'}, {'name': ""Nathan O'Toole"", 'description': 'actor'}, {'name': ""Ruby O'Leary"", 'description': 'actor'}, {'name': 'Travis Fimmel', 'description': 'actor'}]"
Tom Petty: Fallin' Free,1/1/2019,,Free Services,,Movie,,,,[]
The Snow Queen,10/22/1957,"Animation, Fantasy",Free Services,Russia,Movie,,7.5/10,,"[{'name': 'Lev Atamanov', 'description': 'director'}, {'name': 'Vladimir Gribkov', 'description': 'actor'}, {'name': 'Mariya Babanova', 'description': 'actor'}, {'name': 'Yanina Zhejmo', 'description': 'actor'}, {'name': 'Sergei Martinson', 'description': 'actor'}, {'name': 'Aleksei Konsovsky', 'description': 'actor'}, {'name': 'Irina Murzayeva', 'description': 'actor'}, {'name': 'Anna Komolova', 'description': 'actor'}, {'name': 'Sandra Dee', 'description': 'actor'}, {'name': 'Vera Popova', 'description': 'actor'}, {'name': 'Elena Ponsova', 'description': 'actor'}, {'name': 'Vera Bendina', 'description': 'actor'}, {'name': 'Tatyana Linnik', 'description': 'actor'}, {'name': 'Galina Kozhakina', 'description': 'actor'}, {'name': 'Yudif Glizer', 'description': 'actor'}, {'name': 'Mariya Sinelnikova', 'description': 'actor'}, {'name': 'Lev Atamanov', 'description': 'actor'}, {'name': 'Robert Faber', 'description': 'actor'}, {'name': 'Georgiy Grebner', 'description': 'author'}, {'name': 'Hans Christian Andersen', 'description': 'author'}, {'name': 'Lev Atamanov', 'description': 'author'}, {'name': 'Nikolay Erdman', 'description': 'author'}]"
Sealed Cargo,7/28/2015,"Action & Adventure, Drama",Free Services,Bolivia,Movie,,5.3/10,,"[{'name': 'Julia Vargas Weise', 'description': 'director'}, {'name': 'Luis Bredow', 'description': 'actor'}, {'name': 'Gustavo Cubero', 'description': 'actor'}, {'name': 'Pakriti Maduro', 'description': 'actor'}, {'name': 'Daniela Lema', 'description': 'actor'}, {'name': 'Fernando Arce', 'description': 'actor'}, {'name': 'Marcelo Quina', 'description': 'actor'}, {'name': 'Gustavo Sánchez Parra', 'description': 'actor'}, {'name': 'Juan Claudio Lechín', 'description': 'author'}, {'name': 'Julia Vargas Weise', 'description': 'author'}]"
Out of Reach,12/31/2016,,Fandor,,Movie,,,,"[{'name': 'Efrat Rasner', 'description': 'director'}]"
Marvin's Christmas,12/25/2021,Comedy,"Free Services, Prime Video",,Movie,,,,[]
Bloodsworth: An Innocent Man,10/1/2015,"Crime, Documentary","Free Services, Prime Video",,Movie,16+,10-Jul,,[]
Roseanne,10/18/1988,"Family, Comedy","Free Services, Prime Video",America,TV Show,7+ (TV-PG),10-Jul,11,"[{'name': 'Roseanne Barr', 'description': 'actor'}, {'name': 'John Goodman', 'description': 'actor'}, {'name': 'Sara Gilbert', 'description': 'actor'}, {'name': 'Lecy Goranson', 'description': 'actor'}, {'name': 'Michael Fishman', 'description': 'actor'}, {'name': 'Laurie Metcalf', 'description': 'actor'}, {'name': 'Ames McNamara', 'description': 'actor'}, {'name': 'Jayden Rey', 'description': 'actor'}, {'name': 'Emma Kenney', 'description': 'actor'}, {'name': 'Sarah Chalke', 'description': 'actor'}, {'name': 'Chuck Lorre', 'description': 'actor'}, {'name': 'James Berg', 'description': 'actor'}, {'name': 'Tom Werner', 'description': 'actor'}, {'name': 'Matt Williams', 'description': 'actor'}]"
David and Goliath,3/13/2015,"Action & Adventure, Drama",Free Services,America,Movie,7+ (PG),3.8/10,,"[{'name': 'Timothy A. Chey', 'description': 'director'}, {'name': 'Miles Sloman', 'description': 'actor'}, {'name': 'Jerry Sokolosky', 'description': 'actor'}, {'name': 'Makenna Guyler', 'description': 'actor'}, {'name': 'Paul Hughes', 'description': 'actor'}, {'name': 'Joseph Emms', 'description': 'actor'}, {'name': 'Richard Summers-Calvert', 'description': 'actor'}, {'name': 'Jared Morgan', 'description': 'actor'}, {'name': 'Tom Bonington', 'description': 'actor'}, {'name': 'Adam Wittek', 'description': 'actor'}, {'name': 'Jujo Ballo', 'description': 'actor'}, {'name': 'Simon Davies', 'description': 'actor'}, {'name': 'Sebastien Taulbee', 'description': 'actor'}, {'name': 'Arthur Richardson', 'description': 'actor'}, {'name': 'Rich Rubin', 'description': 'actor'}, {'name': 'Neder Ghouati', 'description': 'actor'}, {'name': 'David Turrell', 'description': 'actor'}, {'name': 'Susan F. Chey', 'description': 'actor'}, {'name': 'Timothy A. Chey', 'description': 'actor'}, {'name': 'Timothy A. Chey', 'description': 'author'}]"
Witness for the Prosecution,12/17/1957,"Mystery, Thriller","Free Services, Prime Video",America,Movie,,8.4/10,,"[{'name': 'Billy Wilder', 'description': 'director'}, {'name': 'Tyrone Power', 'description': 'actor'}, {'name': 'Marlene Dietrich', 'description': 'actor'}, {'name': 'Charles Laughton', 'description': 'actor'}, {'name': 'Elsa Lanchester', 'description': 'actor'}, {'name': 'John Williams', 'description': 'actor'}, {'name': 'Henry Daniell', 'description': 'actor'}, {'name': 'Ian Wolfe', 'description': 'actor'}, {'name': 'Torin Thatcher', 'description': 'actor'}, {'name': 'Norma Varden', 'description': 'actor'}, {'name': ""Una O'Connor"", 'description': 'actor'}, {'name': 'Francis Compton', 'description': 'actor'}, {'name': 'Philip Tonge', 'description': 'actor'}, {'name': 'Ruta Lee', 'description': 'actor'}, {'name': 'Bess Flowers', 'description': 'actor'}, {'name': 'Leoda Richards', 'description': 'actor'}, {'name': 'Patrick Aherne', 'description': 'actor'}, {'name': 'Eddie Baker', 'description': 'actor'}, {'name': 'Brandon Beach', 'description': 'actor'}, {'name': 'Colin Kenny', 'description': 'actor'}, {'name': 'Fred Rapport', 'description': 'actor'}, {'name': 'Danny Borzage', 'description': 'actor'}, {'name': 'Arthur Hornblow Jr.', 'description': 'actor'}, {'name': 'Edward Small', 'description': 'actor'}]"
Bāhubali 2: The Conclusion,4/27/2017,"Drama, Action & Adventure","Netflix, Prime Video",India,Movie,7+ (PG),8.2/10,,"[{'name': 'S.S. Rajamouli', 'description': 'director'}, {'name': 'Prabhas', 'description': 'actor'}, {'name': 'Rana Daggubati', 'description': 'actor'}, {'name': 'Sathyaraj', 'description': 'actor'}, {'name': 'Anushka Shetty', 'description': 'actor'}, {'name': 'Nassar', 'description': 'actor'}, {'name': 'Ramya Krishnan', 'description': 'actor'}, {'name': 'Subbaraju', 'description': 'actor'}, {'name': 'Tamanna Bhatia', 'description': 'actor'}, {'name': 'Prudhviraj', 'description': 'actor'}, {'name': 'Rohini', 'description': 'actor'}, {'name': 'Ashrita Vemuganti', 'description': 'actor'}, {'name': 'Tanikella Bharani', 'description': 'actor'}, {'name': 'Bharani Shankar', 'description': 'actor'}, {'name': 'Kalpalatha', 'description': 'actor'}, {'name': 'Iliya Sotirov', 'description': 'actor'}, {'name': 'K Raghavendra Rao', 'description': 'actor'}, {'name': 'Prasad Devineni', 'description': 'actor'}, {'name': 'Shobu Yarlagadda', 'description': 'actor'}, {'name': 'S.S. Rajamouli', 'description': 'author'}, {'name': 'M.M. Keeravaani', 'description': 'actor'}]"
Air Eagles,12/20/1931,"Romance, Drama","Prime Video, Prime Video",America,Movie,,10-May,,"[{'name': 'Phil Whitman', 'description': 'director'}, {'name': 'Lloyd Hughes', 'description': 'actor'}, {'name': 'Bill Ramsey', 'description': 'actor'}, {'name': 'Shirley Grey', 'description': 'actor'}, {'name': 'Berton Churchill', 'description': 'actor'}, {'name': 'Matty Kemp', 'description': 'actor'}, {'name': 'Otis Harlan', 'description': 'actor'}, {'name': 'Kathrin Clare Ward', 'description': 'actor'}, {'name': 'Eddie Fetherston', 'description': 'actor'}, {'name': 'Olin Francis', 'description': 'actor'}, {'name': 'John Ince', 'description': 'actor'}, {'name': 'Lew Meehan', 'description': 'actor'}, {'name': 'George Morrell', 'description': 'actor'}, {'name': 'Larry Darmour', 'description': 'actor'}, {'name': 'Hampton Del Ruth', 'description': 'author'}, {'name': 'Walter Q. MacDonald', 'description': 'author'}, {'name': 'Lee Zahler', 'description': 'actor'}]"
Where There's a Will,5/6/2006,"Drama, Comedy",Prime Video ,,Movie,,6.2/10,,"[{'name': 'John Putch', 'description': 'director'}, {'name': 'Marion Ross', 'description': 'actor'}, {'name': 'Frank Whaley', 'description': 'actor'}, {'name': 'Christine Elise', 'description': 'actor'}, {'name': 'Keith Carradine', 'description': 'actor'}]"
Le Storie di via Carnia,5/21/2015,Documentary,Free Services,,Movie,,,,[]
The Crocodiles,3/26/2009,"Family, Action & Adventure",Prime Video ,Germany,Movie,,6.1/10,,"[{'name': 'Christian Ditter', 'description': 'director'}, {'name': 'Nick Romeo Reimann', 'description': 'actor'}, {'name': 'Leonie Tepe', 'description': 'actor'}, {'name': 'Fabian Halbig', 'description': 'actor'}, {'name': 'Manuel Steitz', 'description': 'actor'}, {'name': 'David Hürten', 'description': 'actor'}, {'name': 'Javidan Imani', 'description': 'actor'}, {'name': 'Robin Walter', 'description': 'actor'}, {'name': 'Nicolas Schinseck', 'description': 'actor'}, {'name': 'Nora Tschirner', 'description': 'actor'}, {'name': 'Maria Schrader', 'description': 'actor'}, {'name': 'Smudo', 'description': 'actor'}, {'name': 'Jacob Matschenz', 'description': 'actor'}, {'name': 'Axel Stein', 'description': 'actor'}, {'name': 'Oktay Özdemir', 'description': 'actor'}, {'name': 'Marina Hambuch', 'description': 'actor'}, {'name': 'Heiner Beeker', 'description': 'actor'}, {'name': 'Achim Bauer', 'description': 'actor'}, {'name': 'Klaus Neugebauer', 'description': 'actor'}, {'name': 'Christoph Blum', 'description': 'actor'}, {'name': 'Horst Neugebauer', 'description': 'actor'}, {'name': 'Oliver Zentgraf', 'description': 'actor'}, {'name': 'Anita Schneider', 'description': 'actor'}, {'name': 'Christian Becker', 'description': 'actor'}]"
Have a Good Trip: Adventures in Psychedelics,5/11/2020,"Documentary, Comedy",Netflix,America,Movie,18+ (R),6.8/10,,"[{'name': 'Donick Cary', 'description': 'director'}, {'name': 'Nick Offerman', 'description': 'actor'}, {'name': 'Sarah Silverman', 'description': 'actor'}, {'name': 'Adam Scott', 'description': 'actor'}, {'name': 'Rosie Perez', 'description': 'actor'}, {'name': 'Adam Horovitz', 'description': 'actor'}, {'name': 'A$AP Rocky', 'description': 'actor'}, {'name': '安东尼·波登', 'description': 'actor'}, {'name': 'Ben Stiller', 'description': 'actor'}, {'name': 'Bill Kreutzmann', 'description': 'actor'}, {'name': 'Carrie Fisher', 'description': 'actor'}, {'name': 'Natasha Lyonne', 'description': 'actor'}, {'name': 'Lewis Black', 'description': 'actor'}, {'name': 'Nick Kroll', 'description': 'actor'}, {'name': 'Paul Scheer', 'description': 'actor'}, {'name': 'Reggie Watts', 'description': 'actor'}, {'name': 'Rob Corddry', 'description': 'actor'}, {'name': 'Shepard Fairey', 'description': 'actor'}, {'name': 'Sting', 'description': 'actor'}, {'name': 'Will Forte', 'description': 'actor'}, {'name': 'Fred Willard', 'description': 'actor'}, {'name': 'Haley Joel Osment', 'description': 'actor'}, {'name': 'Mike Rosenstein', 'description': 'actor'}, {'name': 'Donick Cary', 'description': 'author'}]"
Choose Yourself: The James Altucher Story,8/14/2020,Documentary,Prime Video ,,TV Show,,7.1/10,1,[]
Zero Distance,3/22/2019,"Mystery, Thriller",Prime Video ,,Movie,,6.7/10,,"[{'name': 'Abdulaziz Alshlahei', 'description': 'director'}]"
Rainbow Rangers,11/5/2018,"Action & Adventure, Animation","Netflix, Prime Video",,TV Show,All (TV-G),4.4/10,4,"[{'name': 'Aileen Mythen', 'description': 'actor'}, {'name': 'Dan Russell', 'description': 'actor'}, {'name': 'Elizabeth Simmons', 'description': 'actor'}, {'name': 'Juliette Crosbie', 'description': 'actor'}, {'name': 'Penelope Rawlins', 'description': 'actor'}, {'name': 'Phillipa Alexander', 'description': 'actor'}, {'name': 'Zehra Naqvi', 'description': 'actor'}, {'name': 'Elise Allen', 'description': 'actor'}, {'name': 'Rob Minkoff', 'description': 'actor'}, {'name': 'Shane Morris', 'description': 'actor'}, {'name': 'Tim Mansfield', 'description': 'actor'}]"
BNK48: One Take,4/1/2020,Documentary,Netflix,Thailand,Movie,,5.9/10,,"[{'name': 'Manatsanun Panlertwongskul', 'description': 'director'}]"
Lidice,6/2/2011,Drama,"Free Services, Prime Video",Czechia,Movie,,6.8/10,,"[{'name': 'Petr Nikolaev', 'description': 'director'}, {'name': 'Karel Roden', 'description': 'actor'}, {'name': 'Zuzana Fialová', 'description': 'actor'}, {'name': 'Zuzana Bydžovská', 'description': 'actor'}, {'name': 'Roman Luknár', 'description': 'actor'}, {'name': 'Marek Adamczyk', 'description': 'actor'}, {'name': 'Jan Budař', 'description': 'actor'}, {'name': 'Ondřej Novák', 'description': 'actor'}, {'name': 'Adam Kubišta', 'description': 'actor'}, {'name': 'Veronika Khek Kubařová', 'description': 'actor'}, {'name': 'Detlef Bothe', 'description': 'actor'}, {'name': 'Joachim Paul Assböck', 'description': 'actor'}, {'name': 'Bořík Procházka', 'description': 'actor'}, {'name': 'Mariusz Osmelak', 'description': 'actor'}, {'name': 'Sabina Remundová', 'description': 'actor'}, {'name': 'Anna Kratochvílová', 'description': 'actor'}, {'name': 'Ondřej Havel', 'description': 'actor'}, {'name': 'Marika Šoposká', 'description': 'actor'}, {'name': 'Pavlína Štorková', 'description': 'actor'}, {'name': 'Robert Nebřenský', 'description': 'actor'}, {'name': 'Jan Vondráček', 'description': 'actor'}, {'name': 'Miroslav Hanuš', 'description': 'actor'}, {'name': 'Adam Dvořák', 'description': 'actor'}, {'name': 'Zdeněk Mahler', 'description': 'author'}]"
Daniel Tosh: People Pleaser,4/17/2016,"Documentary, Comedy",Prime Video ,America,Movie,,7.9/10,,"[{'name': 'Marcus Raboy', 'description': 'director'}, {'name': 'Daniel Tosh', 'description': 'actor'}, {'name': 'Christie Lynn Smith', 'description': 'actor'}, {'name': 'Daniel Tosh', 'description': 'actor'}, {'name': 'John Irwin', 'description': 'actor'}, {'name': 'Daniel Tosh', 'description': 'author'}]"
Pennhurst,10/8/2012,Horror,Free Services,America,Movie,,2.7/10,,"[{'name': 'Michael Rooker', 'description': 'director'}, {'name': 'Beverley Mitchell', 'description': 'actor'}, {'name': 'Haylie Duff', 'description': 'actor'}, {'name': 'Michael Rooker', 'description': 'actor'}, {'name': 'Jimmy Palumbo', 'description': 'actor'}, {'name': 'J. LaRose', 'description': 'actor'}, {'name': 'Amanda Dunn', 'description': 'actor'}, {'name': 'Michael McKiddy', 'description': 'actor'}, {'name': 'Robb Pruitt', 'description': 'actor'}, {'name': 'Jessica Funtenatto', 'description': 'actor'}, {'name': 'Heather Ichihashi', 'description': 'actor'}, {'name': 'Sarah Van Auken', 'description': 'actor'}, {'name': 'Craig Newman', 'description': 'actor'}, {'name': 'Andrew Tardif', 'description': 'actor'}, {'name': 'Andrew Betz', 'description': 'actor'}, {'name': 'Ryan Windish', 'description': 'actor'}, {'name': 'Catherine LaValle', 'description': 'actor'}, {'name': 'Patrick McDade', 'description': 'actor'}, {'name': 'Tim Smith Jr.', 'description': 'actor'}, {'name': 'Richard Christy', 'description': 'actor'}, {'name': 'Jack Hoffman', 'description': 'actor'}, {'name': 'Marc Bicking', 'description': 'actor'}, {'name': 'Jason Pinardo', 'description': 'actor'}, {'name': 'Tom Rooker', 'description': 'actor'}]"
Lorna,11/9/2014,"Comedy, Drama",Prime Video ,Philippines,Movie,,7.3/10,,"[{'name': 'Sigrid Andrea Bernardo', 'description': 'director'}, {'name': 'Shamaine Buencamino', 'description': 'actor'}, {'name': 'Lav Diaz', 'description': 'actor'}, {'name': 'Felix Roco', 'description': 'actor'}, {'name': 'Maria Isabel Lopez', 'description': 'actor'}, {'name': 'Raquel Villavicencio', 'description': 'actor'}, {'name': 'Jim Paredes', 'description': 'actor'}, {'name': 'Juan Rodrigo', 'description': 'actor'}, {'name': 'Angel Aquino', 'description': 'actor'}, {'name': 'Miguel Faustmann', 'description': 'actor'}, {'name': 'Karl Medina', 'description': 'actor'}, {'name': 'Ronald Arguelles', 'description': 'actor'}, {'name': 'Sigrid Andrea Bernardo', 'description': 'author'}]"
PBS KIDS Love Math and Science!,12/16/2013,Children,Prime Video ,,TV Show,,,1,[]
Seven Worlds Collide: Neil Finn & Friends Live at the St. James,11/26/2001,Documentary,Prime Video ,,Movie,,8.8/10,,"[{'name': 'Paul Casserly', 'description': 'director'}, {'name': 'Neil Finn', 'description': 'actor'}, {'name': 'Eddie Vedder', 'description': 'actor'}, {'name': 'Johnny Marr', 'description': 'actor'}]"
Black Water,6/1/2007,"Action & Adventure, Drama",Free Services,Australia,Movie,18+ (R),5.8/10,,"[{'name': 'Andrew Traucki', 'description': 'director'}, {'name': 'David Nerlich', 'description': 'director'}, {'name': 'Diana Glenn', 'description': 'actor'}, {'name': 'Maeve Dermody', 'description': 'actor'}, {'name': 'Andy Rodoreda', 'description': 'actor'}, {'name': 'Ben Oxenbould', 'description': 'actor'}, {'name': 'Fiona Press', 'description': 'actor'}, {'name': 'Paulina Němcová', 'description': 'actor'}, {'name': 'Andrew Traucki', 'description': 'actor'}, {'name': 'David Nerlich', 'description': 'actor'}, {'name': 'Michael Robertson', 'description': 'actor'}, {'name': 'Gary Rogers', 'description': 'actor'}, {'name': 'Germaine McCormack-Kos', 'description': 'actor'}, {'name': 'Michelle Harrison', 'description': 'actor'}, {'name': 'David Nerlich', 'description': 'author'}]"
Groundhog Dave,2/5/2019,Animation,"Free Services, Prime Video",,Movie,,6.7/10,,"[{'name': 'James Snider', 'description': 'director'}, {'name': 'Todd Quills', 'description': 'actor'}, {'name': 'Jeremy Rottinger', 'description': 'actor'}, {'name': 'Thomas Carr', 'description': 'actor'}, {'name': 'Chen Tsung', 'description': 'actor'}, {'name': 'Tony Roberts', 'description': 'actor'}, {'name': 'Dave Soltura', 'description': 'actor'}, {'name': 'Jonathan Carley', 'description': 'actor'}, {'name': 'Larry G. Jones', 'description': 'actor'}, {'name': 'Simon Hill', 'description': 'actor'}, {'name': 'B.C. Furtney', 'description': 'author'}]"
Naked Ambition: An R Rated Look at an X Rated Industry,4/30/2009,"Thriller, Documentary",Free Services,,Movie,18+ (R),4.8/10,,"[{'name': 'Michael Grecco', 'description': 'director'}, {'name': 'Mary Carey', 'description': 'actor'}, {'name': 'Joanna Angel', 'description': 'actor'}, {'name': 'Janine Lindemulder', 'description': 'actor'}, {'name': 'Sunny Lane', 'description': 'actor'}, {'name': 'Peter North', 'description': 'actor'}, {'name': 'Evan Stone', 'description': 'actor'}, {'name': 'Jesse Jane', 'description': 'actor'}, {'name': 'Grand Maitre de Valmont', 'description': 'actor'}, {'name': 'Randy West', 'description': 'actor'}, {'name': 'Julia Ann', 'description': 'actor'}, {'name': 'Tera Patrick', 'description': 'actor'}, {'name': 'Larry Flynt', 'description': 'actor'}, {'name': 'Ron Jeremy', 'description': 'actor'}, {'name': 'Jenna Jameson', 'description': 'actor'}, {'name': 'Charles Holland', 'description': 'actor'}, {'name': 'Jeremy Troy', 'description': 'actor'}, {'name': 'Charles Holland', 'description': 'author'}, {'name': 'Jens Funke', 'description': 'actor'}, {'name': 'Josef Peters', 'description': 'actor'}]"
Sin Island,2/14/2018,Thriller,Prime Video ,Philippines,Movie,,5.6/10,,"[{'name': 'Gino M. Santos', 'description': 'director'}, {'name': 'Coleen Garcia', 'description': 'actor'}, {'name': 'Xian Lim', 'description': 'actor'}, {'name': 'Nathalie Hart', 'description': 'actor'}, {'name': 'TJ Trinidad', 'description': 'actor'}, {'name': 'Bernard Palanca', 'description': 'actor'}, {'name': 'Dominic Ochoa', 'description': 'actor'}, {'name': 'Thou Reyes', 'description': 'actor'}, {'name': 'Desiree del Valle', 'description': 'actor'}, {'name': 'Nikki Valdez', 'description': 'actor'}, {'name': 'Lito Pimentel', 'description': 'actor'}, {'name': 'Ricardo Cepeda', 'description': 'actor'}, {'name': 'McCoy De Leon', 'description': 'actor'}, {'name': 'Marina Benipayo', 'description': 'actor'}, {'name': 'Joyce Ann Burton', 'description': 'actor'}, {'name': 'Charlie Dizon', 'description': 'actor'}, {'name': 'Jerome Tan', 'description': 'actor'}, {'name': 'Marjorie B. Lachica', 'description': 'actor'}, {'name': 'Jancy E. Nicolas', 'description': 'author'}, {'name': 'Keiko Aquino', 'description': 'author'}]"
Outlaws of the Desert,11/1/1941,Action & Adventure,"Prime Video, Prime Video",America,Movie,,5.9/10,,"[{'name': 'Howard Bretherton', 'description': 'director'}, {'name': 'William Boyd', 'description': 'actor'}, {'name': 'Andy Clyde', 'description': 'actor'}, {'name': 'Brad King', 'description': 'actor'}, {'name': 'Duncan Renaldo', 'description': 'actor'}, {'name': 'Jean Phillips', 'description': 'actor'}, {'name': 'Forrest Stanley', 'description': 'actor'}, {'name': 'Nina Guilbert', 'description': 'actor'}, {'name': 'Luli Deste', 'description': 'actor'}, {'name': 'Alberto Morin', 'description': 'actor'}, {'name': 'George J. Lewis', 'description': 'actor'}, {'name': 'Jean Del Val', 'description': 'actor'}, {'name': 'Jamiel Hasson', 'description': 'actor'}, {'name': 'Mickey Eissa', 'description': 'actor'}, {'name': 'Charles Murphy', 'description': 'actor'}, {'name': 'Bill Nestell', 'description': 'actor'}, {'name': 'George Woolsley', 'description': 'actor'}, {'name': 'Bernard McConville', 'description': 'author'}, {'name': 'J. Benton Cheney', 'description': 'author'}]"
Oddball,9/17/2015,"Action & Adventure, Family","Free Services, Prime Video",Australia,Movie,7+ (PG),6.4/10,,"[{'name': 'Stuart McDonald', 'description': 'director'}, {'name': 'Shane Jacobson', 'description': 'actor'}, {'name': 'Sarah Snook', 'description': 'actor'}, {'name': 'Alan Tudyk', 'description': 'actor'}, {'name': 'Coco Jack Gillies', 'description': 'actor'}, {'name': 'Richard Davies', 'description': 'actor'}, {'name': 'Deborah Mailman', 'description': 'actor'}, {'name': 'Tegan Higginbotham', 'description': 'actor'}, {'name': 'Dave Lawson', 'description': 'actor'}, {'name': 'Frank Woodley', 'description': 'actor'}, {'name': 'Terry Camilleri', 'description': 'actor'}, {'name': 'John Leary', 'description': 'actor'}, {'name': 'Stephen Kearney', 'description': 'actor'}, {'name': 'Eloise Oxer', 'description': 'actor'}, {'name': 'Jarrod Leitch', 'description': 'actor'}, {'name': 'Lauren Dodge', 'description': 'actor'}, {'name': 'Beau Hurren', 'description': 'actor'}, {'name': 'Chris Weir', 'description': 'actor'}, {'name': 'Ben Morieson', 'description': 'actor'}, {'name': 'Clay Dunn', 'description': 'actor'}, {'name': 'Shoko Asano', 'description': 'actor'}, {'name': 'Peter Ivan', 'description': 'author'}]"
Wall Street Cowboy,8/6/1939,Action & Adventure,"Free Services, Prime Video",America,Movie,,6.1/10,,"[{'name': 'Joseph Kane', 'description': 'director'}, {'name': 'Roy Rogers', 'description': 'actor'}, {'name': ""George 'Gabby' Hayes"", 'description': 'actor'}, {'name': 'Raymond Hatton', 'description': 'actor'}, {'name': 'Ann Baldwin', 'description': 'actor'}, {'name': 'Pierre Watkin', 'description': 'actor'}, {'name': 'Craig Reynolds', 'description': 'actor'}, {'name': 'Ivan Miller', 'description': 'actor'}, {'name': 'Reginald Barlow', 'description': 'actor'}, {'name': 'Adrian Morris', 'description': 'actor'}, {'name': 'Jack Roper', 'description': 'actor'}, {'name': 'Jack Ingram', 'description': 'actor'}, {'name': 'Lynton Brent', 'description': 'actor'}, {'name': 'Fred Burns', 'description': 'actor'}, {'name': 'Thomas Carr', 'description': 'actor'}, {'name': 'George Chesebro', 'description': 'actor'}, {'name': 'Jennifer Gray', 'description': 'actor'}, {'name': 'Ted Mapes', 'description': 'actor'}, {'name': 'George Montgomery', 'description': 'actor'}, {'name': 'Nick Stewart', 'description': 'actor'}, {'name': 'Al Taylor', 'description': 'actor'}, {'name': 'Louisiana Lou', 'description': 'actor'}, {'name': 'Gerald Geraghty', 'description': 'author'}, {'name': 'Norman S. Hall', 'description': 'author'}]"
Lunatics: A Love Story,1/1/1991,"Drama, Romance",Free Services,America,Movie,13+ (PG-13),5.9/10,,"[{'name': 'Josh Becker', 'description': 'director'}, {'name': 'Ted Raimi', 'description': 'actor'}, {'name': 'Deborah Foreman', 'description': 'actor'}, {'name': 'Bruce Campbell', 'description': 'actor'}, {'name': 'Henrietta Hermelin', 'description': 'actor'}, {'name': 'George Aguilar', 'description': 'actor'}, {'name': 'Brian McCree', 'description': 'actor'}, {'name': 'Eddy Roumaya', 'description': 'actor'}, {'name': 'Michelle Stacey', 'description': 'actor'}, {'name': 'John Hardy', 'description': 'actor'}, {'name': 'Anna Aycox', 'description': 'actor'}, {'name': 'Carol Vernon', 'description': 'actor'}, {'name': 'Josefa Rigial', 'description': 'actor'}, {'name': 'Philip A. Gillis', 'description': 'actor'}, {'name': 'Keegan-Michael Key', 'description': 'actor'}, {'name': 'Bruce Campbell', 'description': 'actor'}, {'name': 'James A. Courtney', 'description': 'actor'}, {'name': 'Josh Becker', 'description': 'author'}]"
The Migrants,9/23/2019,Documentary,Prime Video ,,Movie,,,,[]
Lola Montès,12/23/1955,"Romance, Drama",HBO MAX,France,Movie,,7.3/10,,"[{'name': 'Max Ophüls', 'description': 'director'}, {'name': 'Martine Carol', 'description': 'actor'}, {'name': 'Peter Ustinov', 'description': 'actor'}, {'name': 'Adolf Wohlbrück', 'description': 'actor'}, {'name': 'Henri Guisol', 'description': 'actor'}, {'name': 'Lise Delamare', 'description': 'actor'}, {'name': 'Paulette Dubost', 'description': 'actor'}, {'name': 'Oskar Werner', 'description': 'actor'}, {'name': 'Jean Galland', 'description': 'actor'}, {'name': 'Will Quadflieg', 'description': 'actor'}, {'name': 'Héléna Manson', 'description': 'actor'}, {'name': 'Germaine Delbat', 'description': 'actor'}, {'name': 'Carl Esmond', 'description': 'actor'}, {'name': 'Jacques Fayet', 'description': 'actor'}, {'name': 'Friedrich Domin', 'description': 'actor'}, {'name': 'Werner Finck', 'description': 'actor'}, {'name': 'Ivan Desny', 'description': 'actor'}, {'name': 'Ady Berber', 'description': 'actor'}, {'name': 'Margarete Haagen', 'description': 'actor'}, {'name': 'Walter Kiaulehn', 'description': 'actor'}, {'name': 'Willy Rösner', 'description': 'actor'}, {'name': 'Elinor von Wallerstein', 'description': 'actor'}, {'name': 'Albert Caraco', 'description': 'actor'}, {'name': 'André Haguet', 'description': 'actor'}]"
Yabba-Dabba Dinosaurs,2/3/2020,"Comedy, Animation","HBO MAX, Prime Video",,TV Show,7+ (TV-PG),4.5/10,1,"[{'name': 'Jessica DiCicco', 'description': 'actor'}, {'name': 'Ely Henry', 'description': 'actor'}, {'name': 'Eric Bauza', 'description': 'actor'}, {'name': 'Jeff Bergman', 'description': 'actor'}, {'name': 'Kevin Michael Richardson', 'description': 'actor'}, {'name': 'Tress MacNeille', 'description': 'actor'}, {'name': 'Grey DeLisle', 'description': 'actor'}, {'name': 'Mark Marek', 'description': 'actor'}, {'name': 'Marly Halpern-Graser', 'description': 'actor'}, {'name': 'Sam Register', 'description': 'actor'}, {'name': 'Alessandro Tabora', 'description': 'actor'}]"
M*A*S*H,9/17/1972,"Drama, Comedy","Hulu, Prime Video",America,TV Show,7+ (TV-PG),8.4/10,11,"[{'name': 'Alan Alda', 'description': 'actor'}, {'name': 'Mike Farrell', 'description': 'actor'}, {'name': 'Loretta Swit', 'description': 'actor'}, {'name': 'Jamie Farr', 'description': 'actor'}, {'name': 'Harry Morgan', 'description': 'actor'}, {'name': 'David Ogden Stiers', 'description': 'actor'}, {'name': 'William Christopher', 'description': 'actor'}, {'name': 'Gary Burghoff', 'description': 'actor'}, {'name': 'Larry Linville', 'description': 'actor'}, {'name': 'McLean Stevenson', 'description': 'actor'}, {'name': 'Wayne Rogers', 'description': 'actor'}, {'name': 'Allan Katz', 'description': 'actor'}, {'name': 'Dan Wilcox', 'description': 'actor'}, {'name': 'Dennis Koenig', 'description': 'actor'}, {'name': 'Don Reo', 'description': 'actor'}, {'name': 'Jim Mulligan', 'description': 'actor'}, {'name': 'John Rappaport', 'description': 'actor'}, {'name': 'Larry Gelbart', 'description': 'actor'}, {'name': 'Thad Mumford', 'description': 'actor'}, {'name': 'Burt Metcalfe', 'description': 'actor'}, {'name': 'Gene Reynolds', 'description': 'actor'}, {'name': 'Allan Katz', 'description': 'author'}, {'name': 'Bill Idelson', 'description': 'author'}, {'name': 'David Isaacs', 'description': 'author'}]"
2019 BFGoodrich Tires Mint 400 powered by Monster Energy,6/29/2019,Sport,Prime Video ,,Movie,,,,[]
Unleashed,10/22/2020,"Comedy, Reality","TVision, Prime Video",,TV Show,,3.2/10,1,[]
Probable Cause,11/20/1994,"Drama, Action & Adventure","Free Services, Prime Video",,Movie,18+ (R),5.2/10,,"[{'name': 'Paul Ziller', 'description': 'director'}, {'name': 'Kate Vernon', 'description': 'actor'}, {'name': 'James Downing', 'description': 'actor'}, {'name': 'David Neale', 'description': 'actor'}, {'name': 'David McNally', 'description': 'actor'}, {'name': 'Kirk Baltz', 'description': 'actor'}, {'name': 'Michael Ironside', 'description': 'actor'}]"
The Graduates/Los Graduados,10/28/2013,Documentary,Prime Video ,,TV Show,,7.2/10,1,[]
Angela,3/16/2018,Drama,Prime Video ,,Movie,,,,[]
The Nine Lives of Tomas Katz,3/1/2000,"Fantasy, Comedy","Free Services, Prime Video",Germany,Movie,,6.8/10,,"[{'name': 'Ben Hopkins', 'description': 'director'}, {'name': 'Tom Fisher', 'description': 'actor'}, {'name': 'Ian McNeice', 'description': 'actor'}, {'name': 'Tony Maudsley', 'description': 'actor'}, {'name': 'William Keen', 'description': 'actor'}, {'name': 'Andrew Melville', 'description': 'actor'}, {'name': 'Toby Jones', 'description': 'actor'}, {'name': 'Asif Kapadia', 'description': 'actor'}, {'name': 'Jamille Jinnah', 'description': 'actor'}, {'name': 'Kris Krishnamma', 'description': 'actor'}, {'name': 'Sophie Bevan', 'description': 'actor'}, {'name': 'Kiki Kendrick', 'description': 'actor'}, {'name': 'Trevor Thomas', 'description': 'actor'}, {'name': 'Amelia Curtis', 'description': 'actor'}, {'name': 'Tilly Blackwood', 'description': 'actor'}, {'name': 'David de Keyser', 'description': 'actor'}, {'name': 'John Ramm', 'description': 'actor'}, {'name': 'Janet Henfrey', 'description': 'actor'}, {'name': 'Boyd Clack', 'description': 'actor'}, {'name': 'Tara Savage', 'description': 'actor'}, {'name': 'Callum Savage', 'description': 'actor'}, {'name': 'Oliver Parkes', 'description': 'actor'}, {'name': 'Caroline Hewitt', 'description': 'actor'}, {'name': 'Hans W. Geißendörfer', 'description': 'actor'}]"
Frankln and the Super Sleepover/Frankln and the Snoring Situation,2/3/2012,"Animation, Family",Kanopy,,Movie,,,,[]
The Steamroller and the Violin,12/30/1961,"Family, Drama",The Criterion Channel,Russia,Movie,7+ (PG),7.4/10,,"[{'name': 'Andrei Tarkovsky', 'description': 'director'}, {'name': 'Igor Fomchenko', 'description': 'actor'}, {'name': 'Vladimir Zamanskiy', 'description': 'actor'}, {'name': 'Marina Adzhubei', 'description': 'actor'}, {'name': 'Yuri Brusser', 'description': 'actor'}, {'name': 'Vyacheslav Borisov', 'description': 'actor'}, {'name': 'Lyudmila Semyonova', 'description': 'actor'}, {'name': 'Tanya Prokhorova', 'description': 'actor'}, {'name': 'Natalya Arkhangelskaya', 'description': 'actor'}, {'name': 'Marina Figner', 'description': 'actor'}, {'name': 'Antonina Maksimova', 'description': 'actor'}, {'name': 'Aleksandr Ilin', 'description': 'actor'}, {'name': 'Andrei Konchalovsky', 'description': 'author'}, {'name': 'Andrei Tarkovsky', 'description': 'author'}]"
Wish Upon,7/7/2017,"Fantasy, Horror","Free Services, Prime Video",Canada,Movie,13+ (PG-13),10-May,,"[{'name': 'John R. Leonetti', 'description': 'director'}, {'name': 'Joey King', 'description': 'actor'}, {'name': 'Ryan Phillippe', 'description': 'actor'}, {'name': 'Ki Hong Lee', 'description': 'actor'}, {'name': 'Mitchell Slaggert', 'description': 'actor'}, {'name': 'Shannon Purser', 'description': 'actor'}, {'name': 'Sydney Park', 'description': 'actor'}, {'name': 'Elisabeth Röhm', 'description': 'actor'}, {'name': 'Josephine Langford', 'description': 'actor'}, {'name': 'Alexander Nunez', 'description': 'actor'}, {'name': 'Daniela Barbosa', 'description': 'actor'}, {'name': 'Kevin Hanchard', 'description': 'actor'}, {'name': 'Sherilyn Fenn', 'description': 'actor'}, {'name': 'Raegan Revord', 'description': 'actor'}, {'name': 'Alice Lee', 'description': 'actor'}, {'name': 'Victor Sutton', 'description': 'actor'}, {'name': 'Albert Chung', 'description': 'actor'}, {'name': 'Michelle Alexander', 'description': 'actor'}, {'name': 'Sean Jones', 'description': 'actor'}, {'name': 'Natalie Prinzen-Klages', 'description': 'actor'}, {'name': ""Jerry O'Connell"", 'description': 'actor'}, {'name': 'Sherryl Clark', 'description': 'actor'}, {'name': 'Barbara Marshall', 'description': 'author'}]"
Army of Shadows,9/10/1969,"Thriller, Drama",Prime Video ,France,Movie,,8.1/10,,"[{'name': 'Jean-Pierre Melville', 'description': 'director'}, {'name': 'Lino Ventura', 'description': 'actor'}, {'name': 'Paul Meurisse', 'description': 'actor'}, {'name': 'Jean-Pierre Cassel', 'description': 'actor'}, {'name': 'Simone Signoret', 'description': 'actor'}, {'name': 'Claude Mann', 'description': 'actor'}, {'name': 'Paul Crauchet', 'description': 'actor'}, {'name': 'Christian Barbier', 'description': 'actor'}, {'name': 'Serge Reggiani', 'description': 'actor'}, {'name': 'Alain Dekok', 'description': 'actor'}, {'name': 'Alain Mottet', 'description': 'actor'}, {'name': 'Alain Libolt', 'description': 'actor'}, {'name': 'Jean-Marie Robain', 'description': 'actor'}, {'name': 'Albert Michel', 'description': 'actor'}, {'name': 'Denis Sadier', 'description': 'actor'}, {'name': 'Georges Sellier', 'description': 'actor'}, {'name': 'Marco Perrin', 'description': 'actor'}, {'name': 'Hubert de Lapparent', 'description': 'actor'}, {'name': 'Colin Mann', 'description': 'actor'}, {'name': 'Anthony Stuart', 'description': 'actor'}, {'name': 'Gérard-Antoine Huart', 'description': 'actor'}, {'name': 'Percival Russel', 'description': 'actor'}, {'name': 'Jacques Dorfmann', 'description': 'actor'}, {'name': 'Jean-Pierre Melville', 'description': 'author'}]"
Er relajo der Loro,6/15/2012,Comedy,Free Services,Venezuela,Movie,,6.3/10,,"[{'name': 'John Petrizzelli', 'description': 'director'}, {'name': 'Emilio Lovera', 'description': 'actor'}, {'name': 'Gonzalo Cubero', 'description': 'actor'}, {'name': 'Luis Gerónimo Abreu', 'description': 'actor'}, {'name': 'Alejo Felipe', 'description': 'actor'}]"
Gair Kanooni,3/17/1989,"Drama, Comedy",Free Services,India,Movie,,4.3/10,,"[{'name': 'Prayag Raj', 'description': 'director'}, {'name': 'Govinda', 'description': 'actor'}, {'name': 'Rajinikanth', 'description': 'actor'}, {'name': 'Kader Khan', 'description': 'actor'}, {'name': 'Sridevi', 'description': 'actor'}, {'name': 'Shashi Kapoor', 'description': 'actor'}, {'name': 'Kimi Katkar', 'description': 'actor'}, {'name': 'Aruna Irani', 'description': 'actor'}, {'name': 'Rohini Hattangadi', 'description': 'actor'}, {'name': 'Ranjeet', 'description': 'actor'}, {'name': 'Tej Sapru', 'description': 'actor'}, {'name': 'Satyendra Kapoor', 'description': 'actor'}, {'name': 'Viju Khote', 'description': 'actor'}, {'name': 'Shiva Rindani', 'description': 'actor'}, {'name': 'Ashalata Wabgaonkar', 'description': 'actor'}, {'name': 'Bhagwan Dada', 'description': 'actor'}, {'name': 'Pinchoo Kapoor', 'description': 'actor'}, {'name': 'Mukri', 'description': 'actor'}, {'name': 'Chetna M. Modi', 'description': 'actor'}, {'name': 'Kader Khan', 'description': 'author'}, {'name': 'K.K. Shukla', 'description': 'author'}, {'name': 'Prayag Raj', 'description': 'author'}, {'name': 'Pushpa Raj', 'description': 'author'}]"
Shrek the Musical,9/17/2013,"Comedy, Fantasy","Netflix, Prime Video",America,Movie,13+ (PG-13),6.9/10,,"[{'name': 'Michael John Warren', 'description': 'director'}, {'name': ""Brian d'Arcy James"", 'description': 'actor'}, {'name': 'Sutton Foster', 'description': 'actor'}, {'name': 'Daniel Breaker', 'description': 'actor'}, {'name': 'Christopher Sieber', 'description': 'actor'}, {'name': 'John Tartaglia', 'description': 'actor'}, {'name': 'Haven Burton', 'description': 'actor'}, {'name': 'Jennifer Cody', 'description': 'actor'}, {'name': 'Bobby Daye', 'description': 'actor'}, {'name': 'Leah Greenhaus', 'description': 'actor'}, {'name': 'Jacob Ming-Trent', 'description': 'actor'}, {'name': ""Marissa O'Donnell"", 'description': 'actor'}, {'name': 'Jennifer Simard', 'description': 'actor'}, {'name': 'Rachel Stern', 'description': 'actor'}, {'name': 'Ryan Duncan', 'description': 'actor'}, {'name': 'Caro Newling', 'description': 'actor'}, {'name': 'Chris Rouchard', 'description': 'actor'}, {'name': 'Jon Kamen', 'description': 'actor'}, {'name': 'Justin Wilkes', 'description': 'actor'}, {'name': 'Pippa Harris', 'description': 'actor'}, {'name': 'Sam Mendes', 'description': 'actor'}, {'name': 'David Lindsay-Abaire', 'description': 'author'}]"
Billy Bathgate,11/1/1991,"Crime, Drama",Prime Video ,America,Movie,18+ (R),5.9/10,,"[{'name': 'Robert Benton', 'description': 'director'}, {'name': 'Loren Dean', 'description': 'actor'}, {'name': 'Dustin Hoffman', 'description': 'actor'}, {'name': 'Nicole Kidman', 'description': 'actor'}, {'name': 'Bruce Willis', 'description': 'actor'}, {'name': 'Steve Buscemi', 'description': 'actor'}, {'name': 'Stanley Tucci', 'description': 'actor'}, {'name': 'Steven Hill', 'description': 'actor'}, {'name': 'Billy Jaye', 'description': 'actor'}, {'name': 'John Costelloe', 'description': 'actor'}, {'name': 'Timothy Jerome', 'description': 'actor'}, {'name': 'Mike Starr', 'description': 'actor'}, {'name': 'Robert F. Colesberry', 'description': 'actor'}, {'name': 'Stephen Joyce', 'description': 'actor'}, {'name': 'Frances Conroy', 'description': 'actor'}, {'name': 'Moira Kelly', 'description': 'actor'}, {'name': 'Kevin Corrigan', 'description': 'actor'}, {'name': 'Rob Kramer', 'description': 'actor'}, {'name': 'Xander Berkeley', 'description': 'actor'}, {'name': 'Katharine Houghton', 'description': 'actor'}, {'name': 'Jack Mulcahy', 'description': 'actor'}, {'name': 'Arlene Donovan', 'description': 'actor'}, {'name': 'Robert F. Colesberry', 'description': 'actor'}, {'name': 'E. L. Doctorow', 'description': 'author'}]"
Shine,10/25/2017,Drama,"Free Services, Prime Video",United Kingdom,Movie,18+ (R),4.7/10,,"[{'name': 'Anthony Nardolillo', 'description': 'director'}, {'name': 'Jadi Collado', 'description': 'actor'}, {'name': 'Musetta Vander', 'description': 'actor'}, {'name': 'Alysia Reiner', 'description': 'actor'}, {'name': 'David Zayas', 'description': 'actor'}, {'name': 'Artem Chigvintsev', 'description': 'actor'}, {'name': 'Gilbert Saldivar', 'description': 'actor'}, {'name': 'Kimberli Flores', 'description': 'actor'}, {'name': 'Natalie Peri', 'description': 'actor'}, {'name': 'Jorge Burgos', 'description': 'actor'}, {'name': 'Anthony Nardolillo', 'description': 'author'}, {'name': 'Corey Deshon', 'description': 'author'}]"
Slumber Party Massacre II,10/30/1987,"Comedy, Horror","Free Services, Prime Video",America,Movie,18+ (R),4.6/10,,"[{'name': 'Deborah Brock', 'description': 'director'}, {'name': 'Crystal Bernard', 'description': 'actor'}, {'name': 'Jennifer Rhodes', 'description': 'actor'}, {'name': 'Kimberly McArthur', 'description': 'actor'}, {'name': 'Patrick Lowe', 'description': 'actor'}, {'name': 'Juliette Cummins', 'description': 'actor'}, {'name': 'Heidi Kozak', 'description': 'actor'}, {'name': 'Cindy Eilbacher', 'description': 'actor'}, {'name': 'Atanas Ilitch', 'description': 'actor'}, {'name': 'Joel Hoffman', 'description': 'actor'}, {'name': 'Scott Westmoreland', 'description': 'actor'}, {'name': 'Michael Delano', 'description': 'actor'}, {'name': 'Hamilton Mitchell', 'description': 'actor'}, {'name': 'Don Daniel', 'description': 'actor'}, {'name': 'Deborah Brock', 'description': 'actor'}, {'name': 'Don Daniel', 'description': 'actor'}, {'name': 'Roger Corman', 'description': 'actor'}, {'name': 'Deborah Brock', 'description': 'author'}, {'name': 'Richard Cox', 'description': 'actor'}]"
The Billionaire,10/20/2011,"Romance, Comedy",Prime Video ,Thailand,Movie,,7.7/10,,"[{'name': 'Songyos Sugmakanan', 'description': 'director'}, {'name': 'Pachara Chirathivat', 'description': 'actor'}, {'name': 'Walanlak Kumsuwan', 'description': 'actor'}, {'name': 'Piak Poster', 'description': 'actor'}, {'name': 'Somboonsuk Niyomsiri', 'description': 'actor'}, {'name': 'Nawapol Thamrongrattanarit', 'description': 'author'}]"
Homemade Astronauts,5/13/2021,"Documentary, Reality",Philo,,TV Show,14+ (TV-14),6.8/10,1,[]
Rebuilding Hope: The Children of 9/11,9/7/2021,"Drama, Documentary",Discovery+,,Movie,,8.3/10,,"[{'name': 'Ellen Goosenberg Kent', 'description': 'director'}]"
All I Can Say,4/8/2022,Documentary,Kanopy,,Movie,,7.7/10,,"[{'name': 'Colleen Hennessy', 'description': 'director'}, {'name': 'Danny Clinch', 'description': 'director'}, {'name': 'Shannon Hoon', 'description': 'director'}, {'name': 'Taryn Gould', 'description': 'director'}, {'name': 'Shannon Hoon', 'description': 'actor'}, {'name': 'Glen Graham', 'description': 'actor'}, {'name': 'Christopher Thorn', 'description': 'actor'}, {'name': 'Brad Smith', 'description': 'actor'}, {'name': 'Rogers Stevens', 'description': 'actor'}]"
The Assassin's Code,5/11/2018,"Drama, Thriller","Free Services, Prime Video",America,Movie,18+ (R),10-May,,"[{'name': 'David A. Armstrong', 'description': 'director'}, {'name': 'Justin Chatwin', 'description': 'actor'}, {'name': 'Peter Stormare', 'description': 'actor'}, {'name': 'Mark Thompson', 'description': 'actor'}, {'name': 'Robin Thomas', 'description': 'actor'}, {'name': 'Yancy Butler', 'description': 'actor'}, {'name': 'Elizabeth Anweis', 'description': 'actor'}, {'name': 'Edward Lee Cornett', 'description': 'author'}, {'name': 'Valerie Grant', 'description': 'author'}]"
Shoeshine,4/27/1946,"Romance, Drama","Free Services, Prime Video",Italy,Movie,,10-Aug,,"[{'name': 'Vittorio De Sica', 'description': 'director'}, {'name': 'Franco Interlenghi', 'description': 'actor'}, {'name': 'Rinaldo Smordoni', 'description': 'actor'}, {'name': 'Annielo Mele', 'description': 'actor'}, {'name': 'Bruno Ortenzi', 'description': 'actor'}, {'name': 'Emilio Cigoli', 'description': 'actor'}, {'name': 'Paolo William Tamburella', 'description': 'actor'}, {'name': 'Adolfo Franci', 'description': 'author'}, {'name': 'Cesare Giulio Viola', 'description': 'author'}, {'name': 'Cesare Zavattini', 'description': 'author'}, {'name': 'Sergio Amidei', 'description': 'author'}, {'name': 'Alessandro Cicognini', 'description': 'actor'}]"
Tickle Me,6/30/1965,"Romance, Comedy",Prime Video ,America,Movie,,5.8/10,,"[{'name': 'Norman Taurog', 'description': 'director'}, {'name': 'Elvis Presley', 'description': 'actor'}, {'name': 'Julie Adams', 'description': 'actor'}, {'name': 'Jocelyn Lane', 'description': 'actor'}, {'name': 'Jack Mullaney', 'description': 'actor'}, {'name': 'Merry Anders', 'description': 'actor'}, {'name': 'Bill Williams', 'description': 'actor'}, {'name': 'Edward Faulkner', 'description': 'actor'}, {'name': 'Connie Gilchrist', 'description': 'actor'}, {'name': 'Barbara Werle', 'description': 'actor'}, {'name': 'John Dennis', 'description': 'actor'}, {'name': 'Grady Sutton', 'description': 'actor'}, {'name': 'Allison Hayes', 'description': 'actor'}, {'name': 'Ines Pedroza', 'description': 'actor'}, {'name': 'Lilyan Chauvin', 'description': 'actor'}, {'name': 'Angela Greene', 'description': 'actor'}, {'name': 'Richard Reeves', 'description': 'actor'}, {'name': 'Ben Schwalb', 'description': 'actor'}, {'name': 'Emanuel L. Wolf', 'description': 'actor'}, {'name': 'Edward Bernds', 'description': 'author'}, {'name': 'Elwood Ullman', 'description': 'author'}, {'name': 'Walter Scharf', 'description': 'actor'}]"
Built by Hand,7/23/2019,Documentary,"Philo, Prime Video",,TV Show,,,1,[]
Women is Losers,3/16/2021,"History, Drama",HBO MAX,America,Movie,,5.5/10,,"[{'name': 'Lissette Feliciano', 'description': 'director'}, {'name': 'Lorenza Izzo', 'description': 'actor'}, {'name': 'Bryan Craig', 'description': 'actor'}, {'name': 'Simu Liu', 'description': 'actor'}, {'name': 'Chrissie Fit', 'description': 'actor'}, {'name': 'Liza Weil', 'description': 'actor'}, {'name': 'Steven Bauer', 'description': 'actor'}, {'name': 'Alejandra Miranda', 'description': 'actor'}, {'name': 'Cranston Johnson', 'description': 'actor'}, {'name': 'Alessandra Torresani', 'description': 'actor'}, {'name': 'Lincoln Bonilla', 'description': 'actor'}, {'name': 'Shalim Ortiz', 'description': 'actor'}, {'name': 'Liisa Cohen', 'description': 'actor'}, {'name': 'Ivana De Maria', 'description': 'actor'}, {'name': 'Ben Geurens', 'description': 'actor'}, {'name': 'Malcolm Madera', 'description': 'actor'}, {'name': 'Angelo Alvarez', 'description': 'actor'}, {'name': 'Liam G. Walters', 'description': 'actor'}, {'name': 'Kathy Goodin', 'description': 'actor'}, {'name': 'Krystal Ellsworth', 'description': 'actor'}, {'name': 'David M Sandoval Jr.', 'description': 'actor'}, {'name': 'Sam Li', 'description': 'actor'}, {'name': 'Andrea Chung', 'description': 'actor'}, {'name': 'Alan Pao', 'description': 'actor'}]"
Walk on the Wild Side,,Documentary,"Free Services, Prime Video",,Movie,,,,[]
Pussy Kills,8/15/2017,"Drama, Thriller","Free Services, Prime Video",America,Movie,,3.6/10,,"[{'name': 'Gabriel Black', 'description': 'director'}, {'name': 'Lina Maya', 'description': 'actor'}, {'name': 'Izzy Martinez', 'description': 'actor'}, {'name': 'Mitch Lemos', 'description': 'actor'}, {'name': 'Kraig Million', 'description': 'actor'}, {'name': 'Dave Jia', 'description': 'actor'}, {'name': 'Ana Margarita Jones', 'description': 'actor'}, {'name': 'Anthony Correa', 'description': 'actor'}, {'name': 'Chiko Mendez', 'description': 'actor'}, {'name': 'Joel Rod', 'description': 'actor'}, {'name': 'Gabriel Black', 'description': 'author'}]"
The Texas Chainsaw Massacre 2,8/22/1986,"Comedy, Horror","Free Services, Prime Video",America,Movie,18+ (R),5.5/10,,"[{'name': 'Tobe Hooper', 'description': 'director'}, {'name': 'Caroline Williams', 'description': 'actor'}, {'name': 'Dennis Hopper', 'description': 'actor'}, {'name': 'Bill Johnson', 'description': 'actor'}, {'name': 'Jim Siedow', 'description': 'actor'}, {'name': 'Bill Moseley', 'description': 'actor'}, {'name': 'Lou Perryman', 'description': 'actor'}, {'name': 'Tobe Hooper', 'description': 'actor'}, {'name': 'Ken Evert ', 'description': 'actor'}, {'name': 'Harlan Jordan', 'description': 'actor'}, {'name': 'Kirk Sisco', 'description': 'actor'}, {'name': 'James N. Harrell', 'description': 'actor'}, {'name': 'Kinky Friedman', 'description': 'actor'}, {'name': 'Barry Kinyon', 'description': 'actor'}, {'name': 'Chris Douridas', 'description': 'actor'}, {'name': 'Judy Kelly', 'description': 'actor'}, {'name': 'John Martin Ivey', 'description': 'actor'}, {'name': 'Wirt Cain', 'description': 'actor'}, {'name': 'Dan Jenkins', 'description': 'actor'}, {'name': 'Menahem Golan', 'description': 'actor'}, {'name': 'Yoram Globus', 'description': 'actor'}, {'name': 'Henry W. Holmes Jr.', 'description': 'actor'}, {'name': 'James Jorgensen', 'description': 'actor'}, {'name': 'L.M. Kit Carson', 'description': 'author'}]"
Anbessa,2/11/2019,"Drama, Documentary",Prime Video ,Ethiopia,Movie,,6.5/10,,"[{'name': 'Mo Scarpelli', 'description': 'director'}, {'name': 'Asalif Tewold', 'description': 'actor'}, {'name': 'Caitlin Mae Burke', 'description': 'actor'}, {'name': 'Mo Scarpelli', 'description': 'actor'}, {'name': 'Danielle Perissi', 'description': 'actor'}, {'name': 'Gelila Bekele', 'description': 'actor'}, {'name': 'Mo Scarpelli', 'description': 'author'}]"
Hospitality,12/7/2018,"Mystery, Thriller","Free Services, Prime Video",America,Movie,,4.9/10,,"[{'name': 'David Guglielmo', 'description': 'director'}, {'name': 'Nick Chakwin', 'description': 'director'}, {'name': 'Emmanuelle Chriqui', 'description': 'actor'}, {'name': 'Sam Trammell', 'description': 'actor'}, {'name': 'JR Bourne', 'description': 'actor'}, {'name': 'Jim Beaver', 'description': 'actor'}, {'name': 'Conner McVicker', 'description': 'actor'}, {'name': 'Howard Barish', 'description': 'actor'}, {'name': 'David Guglielmo', 'description': 'author'}, {'name': 'Nick Chakwin', 'description': 'author'}]"
The State of Eugenics,,Documentary,Kanopy,,Movie,,10-Aug,,"[{'name': 'Dawn Sinclair Shapiro', 'description': 'director'}, {'name': 'Kevin Begos', 'description': 'actor'}, {'name': 'Irene Clark', 'description': 'actor'}, {'name': 'Brenda Feigen', 'description': 'actor'}]"
Foundations of Western Civilization II: A History of the Modern Western World,1/1/2006,"Documentary, History",Prime Video ,,TV Show,,,1,[]
Rent Control,10/22/2003,"Romance, Comedy","Free Services, Prime Video",America,Movie,7+ (PG),3.8/10,,"[{'name': 'David Eric Brenner', 'description': 'director'}, {'name': 'Melissa Joan Hart', 'description': 'actor'}, {'name': 'Ryan Browning', 'description': 'actor'}, {'name': 'Carmen Electra', 'description': 'actor'}, {'name': 'Lynne Marie Stewart', 'description': 'actor'}, {'name': 'Don Novello', 'description': 'actor'}, {'name': 'Joseph D. Reitman', 'description': 'actor'}, {'name': 'Joel Michaely', 'description': 'actor'}, {'name': 'Beege Barkette', 'description': 'actor'}, {'name': 'Andrew Kavovit', 'description': 'actor'}, {'name': 'Alan Dale', 'description': 'actor'}, {'name': 'Tony Devon', 'description': 'actor'}, {'name': 'Nicole Marie Lenz', 'description': 'actor'}, {'name': 'Richard Livingston', 'description': 'actor'}, {'name': 'Ron Perkins', 'description': 'actor'}, {'name': 'Shirley Prestia', 'description': 'actor'}, {'name': 'Earl Schuman', 'description': 'actor'}, {'name': 'Zuhair Haddad', 'description': 'actor'}, {'name': 'Jamielyn Lippman', 'description': 'actor'}, {'name': 'Allison Graham', 'description': 'actor'}, {'name': 'Holly Wiersma', 'description': 'actor'}, {'name': 'Joseph P. Genier', 'description': 'actor'}, {'name': 'Mike Elliott', 'description': 'actor'}, {'name': 'Ali Forman', 'description': 'actor'}]"
Dear Lemon Lima,10/23/2009,"Comedy, Drama",Prime Video ,,Movie,13+ (PG-13),6.3/10,,"[{'name': 'Suzi Yoonessi', 'description': 'director'}, {'name': 'Savanah Wiltfong', 'description': 'actor'}, {'name': 'Shayne Topp', 'description': 'actor'}, {'name': 'Eleanor Hutchins', 'description': 'actor'}, {'name': 'Kari Nissena', 'description': 'actor'}, {'name': 'Beth Grant', 'description': 'actor'}, {'name': 'Elaine Hendrix', 'description': 'actor'}, {'name': 'Meaghan Jette Martin', 'description': 'actor'}, {'name': 'Vanessa Marano', 'description': 'actor'}, {'name': 'Melissa Leo', 'description': 'actor'}, {'name': 'Emma Dumont', 'description': 'actor'}, {'name': 'Zane Huett', 'description': 'actor'}, {'name': 'Maia Lee', 'description': 'actor'}, {'name': 'Jada Morrison', 'description': 'actor'}, {'name': 'Taylor Finlon', 'description': 'actor'}, {'name': 'Chase Wright Vanek', 'description': 'actor'}, {'name': 'Dusty Sager', 'description': 'actor'}, {'name': 'Suzi Yoonessi', 'description': 'author'}]"
Harland Williams: A Force of Nature,4/1/2011,"Stand-up & Talk, Comedy","Free Services, Prime Video",America,Movie,,5.5/10,,"[{'name': 'Harland Williams', 'description': 'actor'}, {'name': 'Jay Chapman', 'description': 'actor'}, {'name': 'Tom Stern', 'description': 'actor'}]"
Questlove's Potluck,5/28/2020,,Discovery+,,Movie,,,,[]
All My Girls,4/24/1980,Drama,Kanopy,Germany,Movie,,6.8/10,,"[{'name': 'Iris Gusner', 'description': 'director'}, {'name': 'Andrzej Pieczyński', 'description': 'actor'}, {'name': 'Lissy Tempelhof', 'description': 'actor'}, {'name': 'Monica Bielenstein', 'description': 'actor'}, {'name': 'Madeleine Lierck', 'description': 'actor'}, {'name': 'Barbara Schnitzler', 'description': 'actor'}, {'name': 'Viola Schweizer', 'description': 'actor'}, {'name': 'Eveline Splitt', 'description': 'actor'}, {'name': 'Jaecki Schwarz', 'description': 'actor'}, {'name': 'Carmen-Maja Antoni', 'description': 'actor'}, {'name': 'Fritz Marquardt', 'description': 'actor'}, {'name': 'Heide Kipp', 'description': 'actor'}, {'name': 'Klaus Piontek', 'description': 'actor'}, {'name': 'Wolfgang Dehler', 'description': 'actor'}, {'name': 'Gertraud Kreissig', 'description': 'actor'}, {'name': 'Roland Kuchenbuch', 'description': 'actor'}, {'name': 'Dirk Jungnickel', 'description': 'actor'}, {'name': 'Gabriele Kotte', 'description': 'author'}, {'name': 'Günter Haubold', 'description': 'author'}, {'name': 'Iris Gusner', 'description': 'author'}]"
Raven,1/18/2022,"Drama, Romance","Free Services, Prime Video",America,Movie,,2.7/10,,"[{'name': ""Natasha 'Breezy' Malone"", 'description': 'director'}, {'name': 'Tamieka Chavis', 'description': 'actor'}, {'name': 'Jarod Lindsey', 'description': 'actor'}, {'name': 'Edmond Cofie', 'description': 'actor'}, {'name': 'Kristin Lauria', 'description': 'actor'}, {'name': 'Sierra Wright', 'description': 'actor'}, {'name': 'Alesha Moore', 'description': 'actor'}, {'name': 'Mike Provenzano', 'description': 'actor'}]"
McMafia,1/1/2018,"Drama, Crime","AMC Premiere, Prime Video",United Kingdom,TV Show,14+ (TV-14),7.6/10,1,"[{'name': 'James Norton', 'description': 'actor'}, {'name': 'Merab Ninidze', 'description': 'actor'}, {'name': 'Juliet Rylance', 'description': 'actor'}, {'name': 'Faye Marsay', 'description': 'actor'}, {'name': 'Oshri Cohen', 'description': 'actor'}, {'name': 'Hoji Fortuna', 'description': 'actor'}, {'name': 'Misha Glenny', 'description': 'author'}, {'name': 'Hossein Amini', 'description': 'actor'}, {'name': 'James Watkins', 'description': 'actor'}]"
Dirty Beautiful,2/28/2015,"Drama, Romance","Free Services, Prime Video",,Movie,,5.4/10,,"[{'name': 'Tim Bartell', 'description': 'director'}, {'name': 'Ricky Mabe', 'description': 'actor'}, {'name': 'Jordan Monaghan', 'description': 'actor'}, {'name': 'Conor Leslie', 'description': 'actor'}, {'name': 'Darin Heames', 'description': 'actor'}, {'name': 'Zoe Chao', 'description': 'actor'}, {'name': 'Stu James', 'description': 'actor'}, {'name': 'Tim Bartell', 'description': 'author'}]"
Tiger Cage II,8/11/1990,"Action & Adventure, Comedy",Prime Video ,Hong Kong,Movie,16+,6.9/10,,"[{'name': 'Yuen Woo-ping', 'description': 'director'}, {'name': 'Donnie Yen', 'description': 'actor'}, {'name': 'David Wu Dai-Wai', 'description': 'actor'}, {'name': 'Robin Shou', 'description': 'actor'}, {'name': 'Rosamund Kwan', 'description': 'actor'}, {'name': 'Carol Cheng', 'description': 'actor'}, {'name': 'Cynthia Yang Li Ching', 'description': 'actor'}, {'name': 'Leung Lam Ling', 'description': 'actor'}, {'name': 'Lo Lieh', 'description': 'actor'}, {'name': 'Michael F. Woods', 'description': 'actor'}, {'name': 'John Paul Salvitti', 'description': 'actor'}, {'name': 'Dickson Lee', 'description': 'actor'}, {'name': 'Garry Chow Ging-Yeung', 'description': 'actor'}, {'name': 'Anita Lee', 'description': 'actor'}, {'name': 'Cha Chuen-Yee', 'description': 'actor'}, {'name': 'Mandy Chan Chi-Man', 'description': 'actor'}, {'name': 'Lee Yiu-Ging', 'description': 'actor'}, {'name': 'Fong Chi-Ho', 'description': 'author'}, {'name': 'Kim Yip Kwong-Kim', 'description': 'author'}, {'name': 'Patrick Yuen Yeuk-Gwong', 'description': 'author'}]"
Shaolin Deadly Kicks,10/22/1982,"Action & Adventure, Drama","Free Services, Prime Video",Hong Kong,Movie,,5.3/10,,"[{'name': 'Wu Ma', 'description': 'director'}, {'name': 'Dorian Tan Tao-Liang', 'description': 'actor'}, {'name': 'Lo Lieh', 'description': 'actor'}, {'name': 'Wang Hsieh', 'description': 'actor'}, {'name': 'Doris Lung Chun-Erh', 'description': 'actor'}, {'name': 'Lo Dik', 'description': 'actor'}, {'name': 'Ou-Yang Sha-Fei', 'description': 'actor'}, {'name': 'Kim Sa-Ok', 'description': 'actor'}, {'name': 'Chin Kang', 'description': 'actor'}]"
The Men Haters Club,8/26/1910,Comedy,Prime Video ,America,Movie,,5.9/10,,"[{'name': 'Florence Turner', 'description': 'actor'}, {'name': 'Edith Storey', 'description': 'actor'}, {'name': 'Rose Tapley', 'description': 'actor'}, {'name': 'Leo Delaney', 'description': 'actor'}]"
Legado del mar,6/15/2017,Documentary,Free Services,,Movie,,,,[]
Dear Rodeo - The Cody Johnson Story,8/10/2021,Documentary,"Free Services, Prime Video",America,Movie,,8.2/10,,"[{'name': 'Cody Johnson', 'description': 'actor'}, {'name': 'Reba McEntire', 'description': 'actor'}, {'name': 'Taya Kyle', 'description': 'actor'}]"
The Big Meeting,9/6/2019,Documentary,Prime Video ,United Kingdom,Movie,,7.6/10,,"[{'name': 'Daniel Draper', 'description': 'director'}, {'name': 'Jeremy Corbyn', 'description': 'actor'}, {'name': 'Dennis Skinner', 'description': 'actor'}, {'name': 'D.B.C. Pierre', 'description': 'actor'}, {'name': 'Paul Mason', 'description': 'actor'}, {'name': 'Ian Lavery', 'description': 'actor'}, {'name': 'Richard Burgon', 'description': 'actor'}, {'name': 'Angela Rayner', 'description': 'actor'}, {'name': 'Billy Bragg', 'description': 'actor'}, {'name': 'John Irvin', 'description': 'actor'}, {'name': 'Charlotte Austin', 'description': 'actor'}, {'name': 'Heather Wood', 'description': 'actor'}, {'name': 'Laura Daly', 'description': 'actor'}, {'name': 'Lynn Gibson', 'description': 'actor'}, {'name': 'Stephen Guy', 'description': 'actor'}, {'name': 'Heather Ward', 'description': 'actor'}, {'name': 'Robert Colls', 'description': 'actor'}, {'name': 'Selina Todd', 'description': 'actor'}, {'name': 'Ross Forbes', 'description': 'actor'}, {'name': 'George Robson', 'description': 'actor'}, {'name': 'Robert McManners', 'description': 'actor'}, {'name': 'Emma Shankland', 'description': 'actor'}, {'name': 'Christie Allanson', 'description': 'actor'}, {'name': 'Daniel Draper', 'description': 'actor'}]"
West Michigan,4/13/2021,"Comedy, Drama","Free Services, Prime Video",America,Movie,,4.8/10,,"[{'name': 'Riley Warmoth', 'description': 'director'}, {'name': 'Chloe Ray Warmoth', 'description': 'actor'}, {'name': 'Riley Warmoth', 'description': 'actor'}, {'name': 'Seth Lee', 'description': 'actor'}, {'name': 'Berkley Bragg', 'description': 'actor'}, {'name': 'Sydney Agudong', 'description': 'actor'}, {'name': 'Riley Warmoth', 'description': 'author'}]"
Boi,3/29/2019,"Mystery, Thriller",Netflix,China,Movie,18+ (R),10-May,,"[{'name': 'Jorge M. Fontana', 'description': 'director'}, {'name': 'Bernat Quintana', 'description': 'actor'}, {'name': 'Adrian Pang', 'description': 'actor'}, {'name': 'Andrew Lua', 'description': 'actor'}, {'name': 'Miranda Gas', 'description': 'actor'}, {'name': 'Anatoly Chugunov', 'description': 'actor'}, {'name': 'Fina Rius', 'description': 'actor'}, {'name': 'Man Mourentan', 'description': 'actor'}, {'name': 'José Sacristán', 'description': 'actor'}, {'name': 'Pol López', 'description': 'actor'}, {'name': 'Berta Pipó', 'description': 'actor'}, {'name': 'Mar del Hoyo', 'description': 'actor'}, {'name': 'Pau Vinyals', 'description': 'actor'}, {'name': 'Anna Alarcón', 'description': 'actor'}, {'name': 'Macarena Gómez', 'description': 'actor'}, {'name': 'David Sust', 'description': 'actor'}, {'name': 'Rachel Lascar', 'description': 'actor'}, {'name': 'Alvaro Portanet Hernández', 'description': 'actor'}, {'name': 'Amadeo Hernández Bueno', 'description': 'actor'}, {'name': 'Pedro Hernández Santos', 'description': 'actor'}, {'name': 'Jorge M. Fontana', 'description': 'author'}]"
Fear X,1/13/2003,"Mystery, Thriller","Free Services, Prime Video",Brazil,Movie,13+ (PG-13),10-Jun,,"[{'name': 'Nicolas Winding Refn', 'description': 'director'}, {'name': 'John Turturro', 'description': 'actor'}, {'name': 'Deborah Kara Unger', 'description': 'actor'}, {'name': 'Stephen Eric McIntyre', 'description': 'actor'}, {'name': 'William Allen Young', 'description': 'actor'}, {'name': 'Gene Davis', 'description': 'actor'}, {'name': 'Mark Houghton', 'description': 'actor'}, {'name': 'Jacqueline Ramel', 'description': 'actor'}, {'name': 'James Remar', 'description': 'actor'}, {'name': 'Nadia Litz', 'description': 'actor'}, {'name': 'Amanda Ooms', 'description': 'actor'}, {'name': 'Liv Corfixen', 'description': 'actor'}, {'name': 'Frank Adamson', 'description': 'actor'}, {'name': 'Susan Kelso', 'description': 'actor'}, {'name': 'Sharon Bajer', 'description': 'actor'}, {'name': 'Nicholas Turturro', 'description': 'actor'}, {'name': 'Henrik Danstrup', 'description': 'actor'}, {'name': 'Hubert Selby Jr.', 'description': 'author'}, {'name': 'Nicolas Winding Refn', 'description': 'author'}, {'name': 'Brian Eno', 'description': 'actor'}, {'name': 'Dean Landon', 'description': 'actor'}, {'name': 'J. Peter Schwalm', 'description': 'actor'}]"
Son of Cain,5/31/2013,Thriller,Prime Video ,Spain,Movie,,6.1/10,,"[{'name': 'Jesús Monllaó Plana', 'description': 'director'}, {'name': 'Jack Taylor', 'description': 'actor'}, {'name': 'José Coronado', 'description': 'actor'}, {'name': 'María Molins', 'description': 'actor'}, {'name': 'Julio Manrique', 'description': 'actor'}, {'name': 'David Solans', 'description': 'actor'}, {'name': 'Helena De la Torre', 'description': 'actor'}, {'name': 'David Victori', 'description': 'author'}, {'name': 'Sergio Barrejón', 'description': 'author'}]"
Horsehead,9/7/2014,"Fantasy, Horror","Free Services, Prime Video",France,Movie,,4.8/10,,"[{'name': 'Romain Basset', 'description': 'director'}, {'name': 'Lilly-Fleur Pointeaux', 'description': 'actor'}, {'name': 'Catriona MacColl', 'description': 'actor'}, {'name': ""Fu'ad Aït Aattou"", 'description': 'actor'}, {'name': 'Shane Woodward', 'description': 'actor'}, {'name': 'Gala Besson', 'description': 'actor'}, {'name': 'Murray Head', 'description': 'actor'}, {'name': 'Vernon Dobtcheff', 'description': 'actor'}, {'name': 'Philippe Nahon', 'description': 'actor'}, {'name': 'Joe Sheridan', 'description': 'actor'}, {'name': 'Emmanuel Bonami', 'description': 'actor'}, {'name': 'Karim Chériguène', 'description': 'author'}, {'name': 'Romain Basset', 'description': 'author'}]"
Sorceress,9/23/1987,"History, Drama","Kanopy, Prime Video",France,Movie,,6.4/10,,"[{'name': 'Pamela Berger', 'description': 'director'}, {'name': 'Suzanne Schiffman', 'description': 'director'}, {'name': 'Christine Boisson', 'description': 'actor'}, {'name': 'Tchéky Karyo', 'description': 'actor'}, {'name': 'Féodor Atkine', 'description': 'actor'}, {'name': 'Raoul Billerey', 'description': 'actor'}, {'name': 'Jean Carmet', 'description': 'actor'}, {'name': 'Catherine Frot', 'description': 'actor'}, {'name': 'Maria de Medeiros', 'description': 'actor'}, {'name': 'Gilette Barbier', 'description': 'actor'}, {'name': 'Nicole Félix', 'description': 'actor'}, {'name': 'Jean Dasté', 'description': 'actor'}, {'name': 'Mathieu Schiffman', 'description': 'actor'}, {'name': 'Michel Karyo', 'description': 'actor'}, {'name': 'Joëlle Bernier', 'description': 'actor'}]"
Moonshiners: American Spirit,4/13/2022,"Reality, Documentary","Philo, Prime Video",,TV Show,,8.2/10,1,[]
Two Conjectures About Marriage,2/21/2022,"Romance, Drama",Prime Video ,,TV Show,,,1,[]
Deliver Us from Evil,6/24/2006,"Crime, Documentary","Free Services, Prime Video",America,Movie,18+ (R),7.9/10,,"[{'name': 'Amy J. Berg', 'description': 'director'}, {'name': ""Oliver O'Grady"", 'description': 'actor'}, {'name': 'Thomas P. Doyle', 'description': 'actor'}, {'name': 'Pope Benedict XVI', 'description': 'actor'}, {'name': 'Adam', 'description': 'actor'}, {'name': 'Monsignor Cain', 'description': 'actor'}, {'name': 'Jane Degroot', 'description': 'actor'}, {'name': 'Ann Marie Jyono', 'description': 'actor'}, {'name': 'Amy J. Berg', 'description': 'actor'}, {'name': 'Frank Donner', 'description': 'actor'}, {'name': 'Amy J. Berg', 'description': 'author'}]"
A Mirthworm Masquerade,9/2/1986,"Animation, Family",Free Services,,Movie,,8.6/10,,[]
"Wenn du wüsstest, wie schön es hier ist",3/19/2015,"Drama, Crime","Free Services, Prime Video",Austria,Movie,,7.1/10,,"[{'name': 'Andreas Prochaska', 'description': 'director'}, {'name': 'Gerhard Liebmann', 'description': 'actor'}, {'name': 'Simon Hatzl', 'description': 'actor'}, {'name': 'Ines Honsel', 'description': 'actor'}, {'name': 'Manuel Sefciuc', 'description': 'actor'}, {'name': 'Fritz Egger', 'description': 'actor'}, {'name': 'Susanne Kubelka', 'description': 'actor'}, {'name': 'Arthur Klemt', 'description': 'actor'}, {'name': 'Robert Putzinger', 'description': 'actor'}, {'name': 'Branko Samarovski', 'description': 'actor'}, {'name': 'Magdalena Kropiunig', 'description': 'actor'}, {'name': 'Michael Glantschnig', 'description': 'actor'}, {'name': 'Dominik Warta', 'description': 'actor'}, {'name': 'Heinrich Baumgartner', 'description': 'actor'}, {'name': 'Julia Herzog', 'description': 'actor'}, {'name': 'Philine Schmölzer', 'description': 'actor'}, {'name': 'Jana Thomaschütz', 'description': 'actor'}, {'name': 'Klaus Graf', 'description': 'actor'}, {'name': 'Stefan Hafner', 'description': 'author'}, {'name': 'Thomas Weingartner', 'description': 'author'}]"
Snow White's New Adventure,9/29/2016,"Animation, Family",Prime Video ,,Movie,7+ (PG),5.5/10,,"[{'name': 'Ben Zhao', 'description': 'director'}, {'name': 'Felicia Zoberman', 'description': 'actor'}, {'name': 'Riley Jackson', 'description': 'actor'}]"
Diggerz: Black Lung Rises,1/10/2019,"Drama, Fantasy","Free Services, Prime Video",,Movie,,3.8/10,,"[{'name': 'David B. Craig', 'description': 'director'}, {'name': 'Kirk Loudon', 'description': 'director'}, {'name': 'Lauren Leal', 'description': 'actor'}, {'name': 'Steven Roth', 'description': 'actor'}, {'name': 'Damon Pampolina', 'description': 'actor'}, {'name': 'Alex Niva', 'description': 'actor'}, {'name': 'Johanna Winkel', 'description': 'actor'}, {'name': 'Erin Presley-Froemke', 'description': 'actor'}, {'name': 'David B. Craig', 'description': 'author'}, {'name': 'Kirk Loudon', 'description': 'author'}]"
The Whisper of Ziggurat: Untold Secrets of Elamite Civilization,10/26/2020,"Documentary, Animation","Free Services, Prime Video",,Movie,13+ (PG-13),,,"[{'name': 'Ryan Rad', 'description': 'director'}, {'name': 'Ghazal Majidi', 'description': 'actor'}, {'name': 'Ghazal Majidi', 'description': 'author'}, {'name': 'Ryan Rad', 'description': 'author'}]"
Murdered by Morning,1/19/2020,"Drama, Mystery","Free Services, Prime Video",,TV Show,,6.9/10,2,[]
Parts of the Same Circle,10/20/2012,"Drama, Family","Free Services, Prime Video",,Movie,,4.7/10,,[]
The Honeymooners,11/28/1977,Comedy,"Free Services, Prime Video",,Movie,,8.1/10,,[]
Insidious,5/1/2008,"Drama, Mystery",Prime Video ,,Movie,,10-Jun,,"[{'name': 'Jerry Schram', 'description': 'director'}, {'name': 'Peter Claymore', 'description': 'actor'}, {'name': 'Brenda Cooney', 'description': 'actor'}, {'name': 'Megan Corry', 'description': 'actor'}]"
Blunt News,9/9/2021,Comedy,Prime Video ,,Movie,,,,[]
Andrea,,Drama,Prime Video ,,Movie,,,,[]
Murder on Flight 502,11/21/1975,"Drama, Mystery",Prime Video ,America,Movie,7+ (PG),5.3/10,,"[{'name': 'George McCowan', 'description': 'director'}, {'name': 'Ralph Bellamy', 'description': 'actor'}, {'name': 'Polly Bergen', 'description': 'actor'}, {'name': 'Theodore Bikel', 'description': 'actor'}, {'name': 'Sonny Bono', 'description': 'actor'}, {'name': 'Dane Clark', 'description': 'actor'}, {'name': 'Laraine Day', 'description': 'actor'}, {'name': 'Fernando Lamas', 'description': 'actor'}, {'name': 'George Maharis', 'description': 'actor'}, {'name': 'Farrah Fawcett', 'description': 'actor'}, {'name': ""Hugh O'Brian"", 'description': 'actor'}, {'name': 'Molly Picon', 'description': 'actor'}, {'name': 'Walter Pidgeon', 'description': 'actor'}, {'name': 'Robert Stack', 'description': 'actor'}, {'name': 'Brooke Adams', 'description': 'actor'}, {'name': 'Danny Bonaduce', 'description': 'actor'}, {'name': 'Vincent Baggetta', 'description': 'actor'}, {'name': 'Rosemarie Stack', 'description': 'actor'}, {'name': 'Elizabeth Stack', 'description': 'actor'}, {'name': 'Steve Franken', 'description': 'actor'}, {'name': 'Philip Sterling', 'description': 'actor'}, {'name': 'Pepper Martin', 'description': 'actor'}, {'name': 'David Chasman', 'description': 'actor'}, {'name': 'J. Bret Garwood', 'description': 'actor'}]"
Ghost in the Shell: Stand Alone Complex - The Laughing Man,9/23/2005,"Crime, Science-Fiction","Free Services, Prime Video",Japan,Movie,7+ (PG),8.2/10,,"[{'name': 'Kenji Kamiyama', 'description': 'director'}, {'name': 'Atsuko Tanaka', 'description': 'actor'}, {'name': 'Osamu Saka', 'description': 'actor'}, {'name': 'Yutaka Nakano', 'description': 'actor'}, {'name': 'Kouichi Yamadera', 'description': 'actor'}, {'name': 'Toru Okawa', 'description': 'actor'}, {'name': 'Taro Yamaguchi', 'description': 'actor'}, {'name': 'Sakiko Tamagawa', 'description': 'actor'}, {'name': 'Ross Douglas', 'description': 'actor'}, {'name': 'Takashi Onozuka', 'description': 'actor'}, {'name': 'Akio Otsuka', 'description': 'actor'}, {'name': 'Ai Orikasa', 'description': 'actor'}, {'name': 'Jouji Nakata', 'description': 'actor'}, {'name': 'Ken Narita', 'description': 'actor'}, {'name': 'Maaya Sakamoto', 'description': 'actor'}, {'name': 'Minami Takayama', 'description': 'actor'}, {'name': 'Miyu Irino', 'description': 'actor'}, {'name': 'Dai Sato', 'description': 'author'}, {'name': 'Junichi Fujisaku', 'description': 'author'}, {'name': 'Yoshiki Sakurai', 'description': 'author'}, {'name': 'Yoko Kanno', 'description': 'actor'}]"
Township ER,,,Prime Video ,,Movie,,,,[]
The Secret World of Arrietty,7/16/2010,"Animation, Fantasy","HBO MAX, Prime Video",Japan,Movie,All (G),7.6/10,,"[{'name': 'Hiromasa Yonebayashi', 'description': 'director'}, {'name': 'Mirai Shida', 'description': 'actor'}, {'name': 'Ryunosuke Kamiki', 'description': 'actor'}, {'name': 'Tomokazu Miura', 'description': 'actor'}, {'name': 'Keiko Takeshita', 'description': 'actor'}, {'name': 'Kirin Kiki', 'description': 'actor'}, {'name': 'Shinobu Ōtake', 'description': 'actor'}, {'name': 'Tatsuya Fujiwara', 'description': 'actor'}, {'name': 'Toshio Suzuki', 'description': 'actor'}, {'name': 'Hayao Miyazaki', 'description': 'actor'}, {'name': 'Hayao Miyazaki', 'description': 'author'}, {'name': 'Keiko Niwa', 'description': 'author'}, {'name': 'Mary Norton', 'description': 'author'}]"
While The Rest Of Us Die,11/17/2020,Documentary,"Free Services, Prime Video",,TV Show,,7.7/10,2,[]
From Justin to Kelly,6/20/2003,"Romance, Musical",Prime Video ,America,Movie,7+ (PG),1.9/10,,"[{'name': 'Robert Iscove', 'description': 'director'}, {'name': 'Kelly Clarkson', 'description': 'actor'}, {'name': 'Justin Guarini', 'description': 'actor'}, {'name': 'Brandon Henschel', 'description': 'actor'}, {'name': 'Greg Siff', 'description': 'actor'}, {'name': 'Brian Dietzen', 'description': 'actor'}, {'name': 'Jason Yribar', 'description': 'actor'}, {'name': 'Justin Gorence', 'description': 'actor'}, {'name': 'Christopher Bryan', 'description': 'actor'}, {'name': 'Yamil Piedra', 'description': 'actor'}, {'name': 'Katherine Bailess', 'description': 'actor'}, {'name': 'Anika Noni Rose', 'description': 'actor'}, {'name': 'Theresa San-Nicholas', 'description': 'actor'}, {'name': 'Kaitlin Riley', 'description': 'actor'}, {'name': 'Renee Robertson', 'description': 'actor'}, {'name': 'Marc Macaulay', 'description': 'actor'}, {'name': 'Toi Svane Stepp', 'description': 'actor'}, {'name': ""Louis Smith 'Tre Luv'"", 'description': 'actor'}, {'name': 'Michael Yo', 'description': 'actor'}, {'name': 'Sherman Roberts', 'description': 'actor'}, {'name': 'Jessica Sutta', 'description': 'actor'}, {'name': 'Camila Quaresma', 'description': 'actor'}, {'name': 'John Steven Agoglia', 'description': 'actor'}, {'name': 'Robert Engelman', 'description': 'actor'}]"
The Help,8/9/2011,"Action & Adventure, Drama","HBO MAX, Prime Video",America,Movie,13+ (PG-13),8.1/10,,"[{'name': 'Tate Taylor', 'description': 'director'}, {'name': 'Emma Stone', 'description': 'actor'}, {'name': 'Viola Davis', 'description': 'actor'}, {'name': 'Octavia Spencer', 'description': 'actor'}, {'name': 'Bryce Dallas Howard', 'description': 'actor'}, {'name': 'Jessica Chastain', 'description': 'actor'}, {'name': 'Anna Camp', 'description': 'actor'}, {'name': ""Ahna O'Reilly"", 'description': 'actor'}, {'name': 'Allison Janney', 'description': 'actor'}, {'name': 'Mary Steenburgen', 'description': 'actor'}, {'name': 'Mike Vogel', 'description': 'actor'}, {'name': 'Sissy Spacek', 'description': 'actor'}, {'name': 'Chris Lowell', 'description': 'actor'}, {'name': 'Cicely Tyson', 'description': 'actor'}, {'name': 'Aunjanue Ellis', 'description': 'actor'}, {'name': 'David Oyelowo', 'description': 'actor'}, {'name': 'Dana Ivey', 'description': 'actor'}, {'name': 'LaChanze', 'description': 'actor'}, {'name': 'Brian Kerwin', 'description': 'actor'}, {'name': 'Wes Chatham', 'description': 'actor'}, {'name': 'Ted Welch', 'description': 'actor'}, {'name': 'Shane McRae', 'description': 'actor'}, {'name': 'Brunson Green', 'description': 'actor'}, {'name': 'Chris Columbus', 'description': 'actor'}]"
Ground Control to Psychoelectric Girl,4/15/2011,"Animation, Anime","Free Services, Prime Video",,TV Show,All (TV-G),6.6/10,1,"[{'name': 'Ai Nonaka', 'description': 'actor'}, {'name': 'Oogame Asuka', 'description': 'actor'}, {'name': 'Yuka Iguchi', 'description': 'actor'}, {'name': 'Emiri Kato', 'description': 'actor'}, {'name': 'Miyu Irino', 'description': 'actor'}, {'name': 'Mai Fuchigami', 'description': 'actor'}, {'name': ""Jun'ichirou Tanaka"", 'description': 'actor'}, {'name': 'Yuniko Ayana', 'description': 'author'}, {'name': 'Akiyuki Simbo', 'description': 'actor'}]"
Arvin Mitchell: Circus Purpose,,,"Free Services, Prime Video",,Movie,,,,[]
Pornstar Pandemic,7/28/2020,Documentary,Free Services,America,Movie,,3.5/10,,"[{'name': 'Edward James', 'description': 'director'}, {'name': 'DeAngelo Jackson', 'description': 'actor'}, {'name': 'Pierce Paris', 'description': 'actor'}, {'name': 'Dante Colle', 'description': 'actor'}, {'name': 'Jack Loft', 'description': 'actor'}, {'name': 'Elijah Wilde', 'description': 'actor'}, {'name': 'Alex Lecomte', 'description': 'actor'}, {'name': 'Edward James', 'description': 'actor'}, {'name': 'Edward James', 'description': 'actor'}]"
One Breath: The Story of William Trubridge,6/14/2012,,Prime Video ,America,Movie,,7.8/10,,"[{'name': 'Nicolas Rossier', 'description': 'director'}, {'name': 'Nicolas Rossier', 'description': 'actor'}]"
Dinosaur,5/19/2000,"Animation, Action & Adventure","Disney+, Prime Video",America,Movie,7+ (PG),6.4/10,,"[{'name': 'Eric Leighton', 'description': 'director'}, {'name': 'Ralph Zondag', 'description': 'director'}, {'name': 'D. B. Sweeney', 'description': 'actor'}, {'name': 'Alfre Woodard', 'description': 'actor'}, {'name': 'Ossie Davis', 'description': 'actor'}, {'name': 'Max Casella', 'description': 'actor'}, {'name': 'Hayden Panettiere', 'description': 'actor'}, {'name': 'Samuel E. Wright', 'description': 'actor'}, {'name': 'Julianna Margulies', 'description': 'actor'}, {'name': 'Peter Siragusa', 'description': 'actor'}, {'name': 'Joan Plowright', 'description': 'actor'}, {'name': 'Della Reese', 'description': 'actor'}, {'name': 'Baker Bloodworth', 'description': 'actor'}, {'name': 'Pam Marsden', 'description': 'actor'}, {'name': 'John Harrison', 'description': 'author'}, {'name': 'James Newton Howard', 'description': 'actor'}]"
Meeting Michael,12/1/2020,Documentary,"Free Services, Prime Video",,Movie,,5.9/10,,[]
Ludovic: Magic in the Air,9/24/2003,"Animation, Family",Prime Video ,,Movie,,6.8/10,,"[{'name': 'Co Hoedeman', 'description': 'director'}]"
Izzy Gets the F*ck Across Town,6/22/2018,"Musical, Comedy","Free Services, Prime Video",America,Movie,,5.5/10,,"[{'name': 'Christian Papierniak', 'description': 'director'}, {'name': 'Mackenzie Davis', 'description': 'actor'}, {'name': 'Carrie Coon', 'description': 'actor'}, {'name': 'Alex Russell', 'description': 'actor'}, {'name': 'Alia Shawkat', 'description': 'actor'}, {'name': 'Haley Joel Osment', 'description': 'actor'}, {'name': 'Annie Potts', 'description': 'actor'}, {'name': 'Brandon T. Jackson', 'description': 'actor'}, {'name': 'Lakeith Stanfield', 'description': 'actor'}, {'name': 'Rob Huebel', 'description': 'actor'}, {'name': 'Sarah Goldberg', 'description': 'actor'}, {'name': 'Kyle Kinane', 'description': 'actor'}, {'name': 'Luka Jones', 'description': 'actor'}, {'name': 'Meghan Lennox', 'description': 'actor'}, {'name': 'Sheldon Bailey', 'description': 'actor'}, {'name': 'Lauren Miller', 'description': 'actor'}, {'name': 'Melinda McGraw', 'description': 'actor'}, {'name': 'Ryan Simpkins', 'description': 'actor'}, {'name': 'Dolly Wells', 'description': 'actor'}, {'name': 'Salme Geransar', 'description': 'actor'}, {'name': 'Michelle Haro', 'description': 'actor'}, {'name': 'Suzanne LaChasse', 'description': 'actor'}, {'name': 'Christian Papierniak', 'description': 'actor'}, {'name': 'Mackenzie Davis', 'description': 'actor'}]"
The Princess Castle,1/1/1996,"Family, Animation","Free Services, Prime Video",America,Movie,,7.3/10,,"[{'name': 'Diane Eskenazi', 'description': 'director'}, {'name': 'Becky Mancuso-Winding', 'description': 'actor'}, {'name': 'Loris Kramer Lunsford', 'description': 'actor'}, {'name': 'Libby Hinson', 'description': 'author'}]"
Awkward.,7/19/2011,"Drama, Comedy","Free Services, Prime Video",America,TV Show,14+ (TV-14),7.5/10,5,"[{'name': 'Ashley Rickards', 'description': 'actor'}, {'name': 'Beau Mirchoff', 'description': 'actor'}, {'name': 'Nikki DeLoach', 'description': 'actor'}, {'name': 'Jillian Rose Reed', 'description': 'actor'}, {'name': 'Brett Davern', 'description': 'actor'}, {'name': 'Molly Tarlov', 'description': 'actor'}, {'name': 'Desi Lydic', 'description': 'actor'}, {'name': 'Greer Grammer', 'description': 'actor'}, {'name': 'Jessica Lu', 'description': 'actor'}, {'name': 'Lauren Iungerich', 'description': 'actor'}]"
Traffik,4/20/2018,"Drama, Thriller","Free Services, Prime Video",America,Movie,18+ (R),5.9/10,,"[{'name': 'Deon Taylor', 'description': 'director'}, {'name': 'Paula Patton', 'description': 'actor'}, {'name': 'Omar Epps', 'description': 'actor'}, {'name': 'Missi Pyle', 'description': 'actor'}, {'name': 'Laz Alonso', 'description': 'actor'}, {'name': 'Luke Goss', 'description': 'actor'}, {'name': 'William Fichtner', 'description': 'actor'}, {'name': 'Dawn Olivieri', 'description': 'actor'}, {'name': 'Priscilla Quintana', 'description': 'actor'}, {'name': 'Lorin McCraley', 'description': 'actor'}, {'name': 'Roselyn Sánchez', 'description': 'actor'}, {'name': 'Lisa Hitchcock Kallstrom', 'description': 'actor'}, {'name': 'Stacey Arwen Raab', 'description': 'actor'}, {'name': 'Scott Anthony Leet', 'description': 'actor'}, {'name': 'William W. Barbour', 'description': 'actor'}, {'name': 'Claude Duhamel', 'description': 'actor'}, {'name': 'Adrian Bustamante', 'description': 'actor'}, {'name': 'Ramsey Hanchette', 'description': 'actor'}, {'name': 'Dick Ziker', 'description': 'actor'}, {'name': 'John Lobato', 'description': 'actor'}, {'name': 'Deon Taylor', 'description': 'author'}]"
Unlucky,8/8/2014,Mystery,Prime Video ,,Movie,,,,[]
The Line,5/22/2013,"Drama, Thriller","Hoopla, Prime Video",South Korea,Movie,,,,"[{'name': 'Soo-Jin Kim', 'description': 'director'}, {'name': 'Kyu-young Choi', 'description': 'actor'}, {'name': 'Myung-ha Lee', 'description': 'actor'}, {'name': 'Soo-Jin Kim', 'description': 'author'}]"
Ali Baba and the 7 Dwarfs,11/12/2015,"Action & Adventure, Comedy","Netflix, Prime Video",Turkey,Movie,13+ (PG-13),5.6/10,,"[{'name': 'Cem Yılmaz', 'description': 'director'}, {'name': 'Cem Yılmaz', 'description': 'actor'}, {'name': 'Çetin Altay', 'description': 'actor'}, {'name': 'Irina Ivkina', 'description': 'actor'}, {'name': 'Zafer Algöz', 'description': 'actor'}, {'name': 'Can Yılmaz', 'description': 'actor'}, {'name': 'Yosi Mizrahi', 'description': 'actor'}, {'name': 'Bahtiyar Engin', 'description': 'actor'}, {'name': 'Yavor Baharov', 'description': 'actor'}, {'name': 'Duygu Bal', 'description': 'actor'}, {'name': 'Cem Yılmaz', 'description': 'actor'}, {'name': 'Muzaffer Yıldırım', 'description': 'actor'}, {'name': 'Öner Işık', 'description': 'actor'}, {'name': 'Cem Yılmaz', 'description': 'author'}]"
I Survived a Serial Killer,8/18/2021,"Documentary, Crime","Philo, Prime Video",,TV Show,,,1,[]
Tuck Everlasting,10/11/2002,"Fantasy, Drama","Disney+, Prime Video",America,Movie,7+ (PG),6.6/10,,"[{'name': 'Jay Russell', 'description': 'director'}, {'name': 'Alexis Bledel', 'description': 'actor'}, {'name': 'William Hurt', 'description': 'actor'}, {'name': 'Sissy Spacek', 'description': 'actor'}, {'name': 'Jonathan Jackson', 'description': 'actor'}, {'name': 'Scott Bairstow', 'description': 'actor'}, {'name': 'Ben Kingsley', 'description': 'actor'}, {'name': 'Amy Irving', 'description': 'actor'}, {'name': 'Victor Garber', 'description': 'actor'}, {'name': 'Kosha Engler', 'description': 'actor'}, {'name': 'Richard Pilcher', 'description': 'actor'}, {'name': 'Bradley Coryell', 'description': 'actor'}, {'name': 'John Badila', 'description': 'actor'}, {'name': 'Julia Hart', 'description': 'actor'}, {'name': 'Naomi Kline', 'description': 'actor'}, {'name': 'Kathryn Kelley', 'description': 'actor'}, {'name': 'Brigid Cleary', 'description': 'actor'}, {'name': 'Sean Pratt', 'description': 'actor'}, {'name': 'Jean Schertler', 'description': 'actor'}, {'name': 'Dominic Angelella', 'description': 'actor'}, {'name': 'Theresa Flynn', 'description': 'actor'}, {'name': 'Jane Startz', 'description': 'actor'}, {'name': 'Marc Abraham', 'description': 'actor'}, {'name': 'Armyan Bernstein', 'description': 'actor'}]"
Come on Eileen,10/6/2010,"Comedy, Drama",Prime Video ,United Kingdom,Movie,,6.5/10,,"[{'name': 'Finola Geraghty', 'description': 'director'}, {'name': 'Jackie Howe', 'description': 'actor'}, {'name': 'Felix Malcolm Still', 'description': 'actor'}, {'name': 'Mercedes Grower', 'description': 'actor'}, {'name': 'Noel Fielding', 'description': 'actor'}, {'name': 'Julia Davis', 'description': 'actor'}, {'name': 'Freddie Jones', 'description': 'actor'}, {'name': 'Keith Allen', 'description': 'actor'}, {'name': 'Stephen Taylor', 'description': 'actor'}, {'name': 'Matt Cross', 'description': 'actor'}, {'name': 'Peter Barrett', 'description': 'actor'}, {'name': 'Melanie Hudson', 'description': 'actor'}, {'name': 'Pat Tookey-Dickson', 'description': 'actor'}, {'name': 'Jacob Read', 'description': 'actor'}, {'name': 'Jane Kemlo', 'description': 'actor'}, {'name': 'John Milroy', 'description': 'actor'}, {'name': 'Christian Dunne', 'description': 'actor'}, {'name': 'Amber Geraghty', 'description': 'actor'}, {'name': 'Louis Crump', 'description': 'actor'}, {'name': 'Leon Davis', 'description': 'actor'}, {'name': 'Shannon Murray', 'description': 'actor'}, {'name': 'Finola Geraghty', 'description': 'author'}]"
Surviving Skokie,11/8/2015,Documentary,Free Services,America,Movie,,7.9/10,,"[{'name': 'Blair Gershkow', 'description': 'director'}, {'name': 'Eli Adler\x1d\x1d\x1d\x1d\x1d\x1d\x1d\x1d', 'description': 'director'}, {'name': 'Eli Adler\x1d\x1d\x1d\x1d\x1d\x1d\x1d\x1d', 'description': 'actor'}, {'name': 'Jack Adler', 'description': 'actor'}, {'name': 'Blair Gershkow', 'description': 'actor'}, {'name': 'Eli Adler\x1d\x1d\x1d\x1d\x1d\x1d\x1d\x1d', 'description': 'actor'}, {'name': 'Blair Gershkow', 'description': 'author'}]"
LenaLove,9/22/2016,"Romance, Thriller","Free Services, Prime Video",Germany,Movie,,5.7/10,,"[{'name': 'Florian Gaag', 'description': 'director'}, {'name': 'Emilia Schüle', 'description': 'actor'}, {'name': 'Jannik Schümann', 'description': 'actor'}, {'name': 'Sina Tkotsch', 'description': 'actor'}, {'name': 'Kyra Sophia Kahre', 'description': 'actor'}, {'name': 'Anna Bederke', 'description': 'actor'}, {'name': 'Felix Knopp', 'description': 'actor'}, {'name': 'Sandra Borgmann', 'description': 'actor'}, {'name': 'Georg Böhm', 'description': 'actor'}, {'name': 'Andrea Wenzl', 'description': 'actor'}, {'name': 'Dagmar Leesch', 'description': 'actor'}, {'name': 'Thomas Niehaus', 'description': 'actor'}, {'name': 'Veit Stübner', 'description': 'actor'}, {'name': 'Jean-Luc Bubert', 'description': 'actor'}, {'name': 'Moritz Leu', 'description': 'actor'}, {'name': 'Chatri Brüning', 'description': 'actor'}, {'name': 'Jacob Matschenz', 'description': 'actor'}, {'name': 'Florian Gaag', 'description': 'author'}, {'name': 'Richard Ruzicka', 'description': 'actor'}]"
Blitzkrieg,6/1/2002,"Drama, Documentary","Free Services, Prime Video",,Movie,,7.6/10,,[]
Rogue Trip,7/24/2020,"Action & Adventure, Documentary",Disney+,,TV Show,7+ (TV-PG),10-Jul,1,"[{'name': 'Bob Woodruff', 'description': 'actor'}, {'name': 'Mack Woodruff', 'description': 'actor'}]"
Out on Stage,7/24/2018,Comedy,"Prime Video, Prime Video",,Movie,,7.1/10,,"[{'name': 'Samuel Brownfield', 'description': 'director'}, {'name': 'Gloria Bigelow', 'description': 'actor'}, {'name': 'Janine Brito', 'description': 'actor'}, {'name': 'Christopher Smith Bryant', 'description': 'actor'}, {'name': 'A.B. Cassidy', 'description': 'actor'}, {'name': 'Anthony Desamito', 'description': 'actor'}, {'name': 'Joe Dosch', 'description': 'actor'}, {'name': 'Jared Goldstein', 'description': 'actor'}, {'name': 'Eric Hahn', 'description': 'actor'}, {'name': 'Casey Ley', 'description': 'actor'}, {'name': 'Rudy Valentino', 'description': 'actor'}, {'name': 'Jordan Pease', 'description': 'actor'}, {'name': 'Raneir Pollard', 'description': 'actor'}, {'name': 'Jonathan Rowell', 'description': 'actor'}, {'name': 'Brendan Scannell', 'description': 'actor'}, {'name': 'Kyle Shire', 'description': 'actor'}, {'name': 'Zach Noe Towers', 'description': 'actor'}, {'name': 'Irene Tu', 'description': 'actor'}, {'name': 'Daniel Webb', 'description': 'actor'}]"
The Danger Element,8/1/2017,"Action & Adventure, Science-Fiction",Free Services,,Movie,16+,4.7/10,,"[{'name': 'John Soares', 'description': 'director'}, {'name': 'Doug Jones', 'description': 'actor'}, {'name': 'Cassie Meder', 'description': 'actor'}, {'name': 'John Soares', 'description': 'actor'}]"
Romance on the Range,5/18/1942,Comedy,"Free Services, Prime Video",America,Movie,,6.2/10,,"[{'name': 'Joseph Kane', 'description': 'director'}, {'name': 'Roy Rogers', 'description': 'actor'}, {'name': ""George 'Gabby' Hayes"", 'description': 'actor'}, {'name': 'Sally Payne', 'description': 'actor'}, {'name': 'Linda Hayes', 'description': 'actor'}, {'name': 'Edward Pawley', 'description': 'actor'}, {'name': 'Harry Woods', 'description': 'actor'}, {'name': 'Hal Taliaferro', 'description': 'actor'}, {'name': 'Glenn Strange', 'description': 'actor'}, {'name': 'Roy Barcroft', 'description': 'actor'}, {'name': 'Richard Alexander', 'description': 'actor'}, {'name': 'Pat Brady', 'description': 'actor'}, {'name': 'Frank Brownlee', 'description': 'actor'}, {'name': 'Chester Conklin', 'description': 'actor'}, {'name': 'Spade Cooley', 'description': 'actor'}, {'name': 'Jim Corey', 'description': 'actor'}, {'name': 'Hugh Farr', 'description': 'actor'}, {'name': 'Karl Farr', 'description': 'actor'}, {'name': 'Chick Hannan', 'description': 'actor'}, {'name': 'Selmer Jackson', 'description': 'actor'}, {'name': 'Jack Kirk', 'description': 'actor'}, {'name': 'Art Mix', 'description': 'actor'}, {'name': 'J. Benton Cheney', 'description': 'author'}]"
Roads of Ithriyah,1/10/2022,"Drama, Action & Adventure","Free Services, Prime Video",,Movie,,8.6/10,,[]
The Last Fiction,11/27/2019,"Action & Adventure, Drama","Free Services, Prime Video",Iran,Movie,,6.9/10,,"[{'name': 'Ashkan Rahgozar', 'description': 'director'}, {'name': 'Leila Hatami', 'description': 'actor'}, {'name': 'Parviz Parastouei', 'description': 'actor'}, {'name': 'Hamed Behdad', 'description': 'actor'}, {'name': 'Ashkan Khatibi', 'description': 'actor'}, {'name': 'Akbar Zanjanpour', 'description': 'actor'}, {'name': 'Baran Kosari', 'description': 'actor'}, {'name': 'Banipal Shoomoon', 'description': 'actor'}, {'name': 'Farrokh Nemati', 'description': 'actor'}, {'name': 'Hassan Pourshirazi', 'description': 'actor'}, {'name': 'Shaghayegh Farahani', 'description': 'actor'}, {'name': 'Melika Sharifinia', 'description': 'actor'}, {'name': 'Zoheir Yari', 'description': 'actor'}, {'name': 'Majid Mozaffari', 'description': 'actor'}, {'name': 'Bita Farrahi', 'description': 'actor'}, {'name': 'Ehsan Rasoulof', 'description': 'actor'}, {'name': 'Alireza-Ehsan Rahgozar', 'description': 'actor'}, {'name': 'Arman Rahgozar', 'description': 'actor'}, {'name': 'Ashkan Rahgozar', 'description': 'author'}, {'name': 'Christophe Rezai', 'description': 'actor'}]"
Lewis Hamilton: The Winning Formula,8/24/2021,"Documentary, Sport","Free Services, Prime Video",United Kingdom,Movie,,3.3/10,,"[{'name': 'Piers Garland', 'description': 'director'}, {'name': 'Lewis Hamilton', 'description': 'actor'}, {'name': 'Jenson Button', 'description': 'actor'}, {'name': 'Piers Garland', 'description': 'actor'}]"
Lock Up: The Prisoners of Rikers Island,1/1/1994,"Crime, Documentary",HBO MAX,America,Movie,18+ (R),7.7/10,,"[{'name': 'Jon Alpert', 'description': 'director'}, {'name': 'Nina Rosenblum', 'description': 'director'}, {'name': 'Jon Alpert', 'description': 'actor'}, {'name': 'Nina Rosenblum', 'description': 'actor'}, {'name': 'Sheila Nevins', 'description': 'actor'}]"
My Big Fat Greek Wedding,2/22/2002,"Romance, Comedy","HBO MAX, Prime Video",Canada,Movie,7+ (PG),6.6/10,,"[{'name': 'Joel Zwick', 'description': 'director'}, {'name': 'Nia Vardalos', 'description': 'actor'}, {'name': 'John Corbett', 'description': 'actor'}, {'name': 'Lainie Kazan', 'description': 'actor'}, {'name': 'Michael Constantine', 'description': 'actor'}, {'name': 'Andrea Martin', 'description': 'actor'}, {'name': 'Joey Fatone', 'description': 'actor'}, {'name': 'Louis Mandylor', 'description': 'actor'}, {'name': 'Gia Carides', 'description': 'actor'}, {'name': 'Christina Eleusiniotis', 'description': 'actor'}, {'name': 'Marita Zouravlioff', 'description': 'actor'}, {'name': 'Gerry Mendicino', 'description': 'actor'}, {'name': 'Bess Meisler', 'description': 'actor'}, {'name': 'Jayne Eastwood', 'description': 'actor'}, {'name': 'Fiona Reid', 'description': 'actor'}, {'name': 'Bruce Gray', 'description': 'actor'}, {'name': 'Frank Falcone', 'description': 'actor'}, {'name': 'Stavroula Logothettis', 'description': 'actor'}, {'name': 'Ian Gomez', 'description': 'actor'}, {'name': 'Gary Goetzman', 'description': 'actor'}, {'name': 'Rita Wilson', 'description': 'actor'}, {'name': 'Tom Hanks', 'description': 'actor'}, {'name': 'Norm Waitt', 'description': 'actor'}, {'name': 'Paul Brooks', 'description': 'actor'}]"
Marlina the Murderer in Four Acts,5/15/2017,"Mystery, Thriller","The Criterion Channel, Prime Video",Indonesia,Movie,,6.9/10,,"[{'name': 'Mouly Surya', 'description': 'director'}, {'name': 'Egy Fedly', 'description': 'actor'}, {'name': 'Marsha Timothy', 'description': 'actor'}, {'name': 'Tumpal Tampubolon', 'description': 'actor'}, {'name': 'Yoga Pratama', 'description': 'actor'}, {'name': 'Haydar Salishz', 'description': 'actor'}, {'name': 'Yayu A.W. Unru', 'description': 'actor'}, {'name': 'Norman R Akyuwen', 'description': 'actor'}, {'name': 'Ruly Lubis', 'description': 'actor'}, {'name': 'Satrya Ghozali', 'description': 'actor'}, {'name': 'Dea Panendra', 'description': 'actor'}, {'name': 'Ayez Kassar', 'description': 'actor'}, {'name': 'Dicky Dewasanto', 'description': 'actor'}, {'name': 'Leriardi Dami', 'description': 'actor'}, {'name': 'Rizky Rahardianto', 'description': 'actor'}, {'name': 'Benedikus Bara', 'description': 'actor'}, {'name': 'Nelson', 'description': 'actor'}, {'name': 'Nandito', 'description': 'actor'}, {'name': 'Rita Matumona', 'description': 'actor'}, {'name': 'Anggun Priambodo', 'description': 'actor'}, {'name': 'Safira Ahmad', 'description': 'actor'}, {'name': 'Aryanto Bitu', 'description': 'actor'}, {'name': 'Fauzan Zidni', 'description': 'actor'}, {'name': 'Rama Adi', 'description': 'actor'}]"
There's Something in The Pilliga,1/10/2015,"Fantasy, Comedy","Free Services, Prime Video",Australia,Movie,,3.5/10,,"[{'name': 'Dane Millerd', 'description': 'director'}, {'name': 'Brendan Byrne', 'description': 'actor'}, {'name': 'Rebecca Callander', 'description': 'actor'}, {'name': 'Leoni Leaver', 'description': 'actor'}, {'name': 'Craig Hawley', 'description': 'actor'}, {'name': 'Fay Beck', 'description': 'actor'}, {'name': 'Dane Millerd', 'description': 'author'}]"
Archon Defender,10/7/2009,"Animation, Fantasy","Free Services, Prime Video",,Movie,,6.9/10,,"[{'name': 'David T. Krupicz', 'description': 'director'}, {'name': 'Astrida Auza', 'description': 'actor'}, {'name': 'Robert Nolan', 'description': 'actor'}, {'name': 'Katie Uhlmann', 'description': 'actor'}, {'name': 'Amanda Jane Smith', 'description': 'actor'}, {'name': 'Dan Wooster', 'description': 'actor'}, {'name': 'Morgan Muscat', 'description': 'actor'}, {'name': 'Michael Mercy', 'description': 'actor'}, {'name': 'Daniel Wyse', 'description': 'actor'}, {'name': 'Chris Kerba', 'description': 'actor'}, {'name': 'David T. Krupicz', 'description': 'actor'}, {'name': 'Geoff Mays', 'description': 'actor'}, {'name': 'Peter Church', 'description': 'actor'}, {'name': 'Morgan Muscat', 'description': 'actor'}, {'name': 'David T. Krupicz', 'description': 'author'}]"
TxT,1/1/2006,"Drama, Horror",Prime Video ,Philippines,Movie,,10-May,,"[{'name': 'Michael Tuviera', 'description': 'director'}, {'name': 'Angel Locsin', 'description': 'actor'}, {'name': 'Dennis Trillo', 'description': 'actor'}, {'name': 'Oyo Boy Sotto', 'description': 'actor'}, {'name': 'Julia Clarete', 'description': 'actor'}, {'name': 'Dante Rivero', 'description': 'actor'}, {'name': 'Eugene Domingo', 'description': 'actor'}, {'name': 'Bing Loyzaga', 'description': 'actor'}, {'name': 'Perla Bautista', 'description': 'actor'}, {'name': 'Allan K.', 'description': 'actor'}, {'name': 'Malou Crisologo', 'description': 'actor'}, {'name': 'Paul Daza', 'description': 'author'}]"
Dead Silent,1/1/1999,"Mystery, Thriller",Prime Video ,,Movie,,4.7/10,,"[{'name': 'Roger Cardinal', 'description': 'director'}, {'name': 'Rob Lowe', 'description': 'actor'}, {'name': 'Catherine Mary Stewart', 'description': 'actor'}, {'name': 'Arlen Aguayo-Stewart', 'description': 'actor'}, {'name': 'Larry Day', 'description': 'actor'}, {'name': 'Sean Devine', 'description': 'actor'}, {'name': 'Allen Altman', 'description': 'actor'}, {'name': 'Mark Camacho', 'description': 'actor'}, {'name': 'Ed Fitzgerald', 'description': 'author'}, {'name': 'Paul Koval', 'description': 'author'}]"
A Deadly Obsession,10/18/2012,"Sport, Action & Adventure","Free Services, Prime Video",America,Movie,,4.3/10,,"[{'name': 'John Stimpson', 'description': 'director'}, {'name': 'Katee Sackhoff', 'description': 'actor'}, {'name': 'Bart Johnson', 'description': 'actor'}, {'name': 'Robyn Lively', 'description': 'actor'}, {'name': 'Grant Harvey', 'description': 'actor'}, {'name': 'Rachel Delante', 'description': 'actor'}, {'name': 'Bates Wilder', 'description': 'actor'}, {'name': 'John Shea', 'description': 'actor'}, {'name': 'Michael Cognata', 'description': 'actor'}, {'name': 'Andria Blackman', 'description': 'actor'}, {'name': 'Erin Cole', 'description': 'actor'}, {'name': 'Lynne Adams', 'description': 'actor'}, {'name': 'Mark DeAngelis', 'description': 'actor'}, {'name': 'Mark Donadio', 'description': 'actor'}, {'name': 'Miriam Marcus', 'description': 'actor'}, {'name': 'Fernando Szew', 'description': 'actor'}, {'name': 'Mark DeAngelis', 'description': 'actor'}, {'name': 'Adam Scott Weissman', 'description': 'author'}, {'name': 'Ed Grenga', 'description': 'actor'}]"
The Final Prophecies,4/1/2010,"History, Documentary",Prime Video ,Israel,Movie,,7.1/10,,"[{'name': 'Brent Miller Jr.', 'description': 'director'}, {'name': 'Kd Bowe', 'description': 'actor'}, {'name': 'Ronnie Cohen', 'description': 'actor'}, {'name': 'Allen Farmer', 'description': 'actor'}, {'name': 'Mike Flanders', 'description': 'actor'}, {'name': 'Arnold Fruchtenbaum', 'description': 'actor'}, {'name': 'Jay McCarl', 'description': 'actor'}, {'name': 'Brian McDaniel', 'description': 'actor'}, {'name': 'Nick Traveri', 'description': 'actor'}, {'name': 'Brent Miller Jr.', 'description': 'author'}]"
Antrum,10/14/2018,Horror,"Free Services, Prime Video",Canada,Movie,,4.9/10,,"[{'name': 'David Amito', 'description': 'director'}, {'name': 'Michael Laicini', 'description': 'director'}, {'name': 'Nicole Tompkins', 'description': 'actor'}, {'name': 'Rowan Smyth', 'description': 'actor'}, {'name': 'Dan Istrate', 'description': 'actor'}, {'name': 'Circus-Szalewski', 'description': 'actor'}, {'name': 'Kristen Elling', 'description': 'actor'}, {'name': 'Shu Sakimoto', 'description': 'actor'}, {'name': 'David Bond', 'description': 'actor'}, {'name': 'Eric Thirteen', 'description': 'actor'}, {'name': 'David Amito', 'description': 'author'}]"
For Life or Death,1/23/1996,Action & Adventure,Free Services,,Movie,,10-May,,"[{'name': 'Michael Lee Baron', 'description': 'director'}, {'name': 'Steven Kaman', 'description': 'director'}, {'name': 'James Lew', 'description': 'actor'}, {'name': 'Richard Norton', 'description': 'actor'}, {'name': 'Mark Pellegrino', 'description': 'actor'}, {'name': 'Kato Kaelin', 'description': 'actor'}, {'name': 'Karen Sheperd', 'description': 'actor'}, {'name': 'Nancy Kwan', 'description': 'actor'}]"
Ernest's Greatest Hits Volume 2,1/1/1992,"Comedy, Family",Free Services,,Movie,,6.3/10,,"[{'name': 'Jim Varney', 'description': 'actor'}]"
Drums Along the Mohawk,11/10/1939,,Prime Video ,America,Movie,,10-Jul,,"[{'name': 'John Ford', 'description': 'director'}, {'name': 'Claudette Colbert', 'description': 'actor'}, {'name': 'Henry Fonda', 'description': 'actor'}, {'name': 'Edna May Oliver', 'description': 'actor'}, {'name': 'Eddie Collins', 'description': 'actor'}, {'name': 'John Carradine', 'description': 'actor'}, {'name': 'Dorris Bowdon', 'description': 'actor'}, {'name': 'Jessie Ralph', 'description': 'actor'}, {'name': 'Arthur Shields', 'description': 'actor'}, {'name': 'Robert Lowery', 'description': 'actor'}, {'name': 'Roger Imhof', 'description': 'actor'}, {'name': 'Francis Ford', 'description': 'actor'}, {'name': 'Ward Bond', 'description': 'actor'}, {'name': 'Kay Linaker', 'description': 'actor'}, {'name': 'Russell Simpson', 'description': 'actor'}, {'name': 'Spencer Charters', 'description': 'actor'}, {'name': 'Si Jenks', 'description': 'actor'}, {'name': 'Jack Pennick', 'description': 'actor'}, {'name': 'Arthur Aylesworth', 'description': 'actor'}, {'name': 'Chief John Big Tree', 'description': 'actor'}, {'name': 'Charles Tannen', 'description': 'actor'}, {'name': 'Paul McVey', 'description': 'actor'}, {'name': 'Darryl F. Zanuck', 'description': 'actor'}, {'name': 'Lamar Trotti', 'description': 'author'}]"
The Program,9/24/1993,"Action & Adventure, Drama","Hulu, Prime Video",America,Movie,18+ (R),6.4/10,,"[{'name': 'David S. Ward', 'description': 'director'}, {'name': 'James Caan', 'description': 'actor'}, {'name': 'Halle Berry', 'description': 'actor'}, {'name': 'Omar Epps', 'description': 'actor'}, {'name': 'Craig Sheffer', 'description': 'actor'}, {'name': 'Kristy Swanson', 'description': 'actor'}, {'name': 'Abraham Benrubi', 'description': 'actor'}, {'name': 'Duane Davis', 'description': 'actor'}, {'name': 'Jon Pennell', 'description': 'actor'}, {'name': 'Andrew Bryniarski', 'description': 'actor'}, {'name': 'Michael Flippo', 'description': 'actor'}, {'name': 'Ernest Dixon', 'description': 'actor'}, {'name': 'Joey Lauren Adams', 'description': 'actor'}, {'name': 'Leon Pridgen', 'description': 'actor'}, {'name': 'Samuel Goldwyn Jr.', 'description': 'actor'}, {'name': 'Duncan Henderson', 'description': 'actor'}, {'name': 'Tom Rothman', 'description': 'actor'}, {'name': 'Aaron Latham', 'description': 'author'}, {'name': 'David S. Ward', 'description': 'author'}, {'name': 'Michel Colombier', 'description': 'actor'}]"
The Orbs,5/31/2013,"Fantasy, Horror",Free Services,,Movie,18+ (R),5.2/10,,"[{'name': 'Jesse H. Knight', 'description': 'director'}, {'name': 'Christy Johnson', 'description': 'actor'}, {'name': 'Patrick G. Keenan', 'description': 'actor'}, {'name': 'David Joy', 'description': 'actor'}, {'name': 'Jesse H. Knight', 'description': 'author'}]"
I Need You Dead!,3/13/2020,"Comedy, Horror","Free Services, Prime Video",,Movie,,7.3/10,,"[{'name': 'Rocko Zevenbergen', 'description': 'director'}, {'name': 'Lloyd Kaufman', 'description': 'actor'}, {'name': 'Mindy Dougherty', 'description': 'actor'}, {'name': ""Hunter O'Harrow"", 'description': 'actor'}, {'name': 'Jason Reynolds', 'description': 'actor'}, {'name': 'Lance Caver', 'description': 'actor'}, {'name': 'Montetré', 'description': 'actor'}, {'name': 'Danielle Neblock', 'description': 'actor'}, {'name': 'Derek Slade Tucker', 'description': 'actor'}, {'name': 'Dan Fitz', 'description': 'actor'}, {'name': 'Estevan Muñoz', 'description': 'actor'}, {'name': 'Evelyn Gail', 'description': 'actor'}, {'name': 'Kevin Thomas Klearman', 'description': 'actor'}, {'name': 'Ada Hurtado', 'description': 'actor'}, {'name': 'Ben Johnson', 'description': 'actor'}, {'name': 'Michael Morrison', 'description': 'actor'}, {'name': 'Carson Brom', 'description': 'actor'}, {'name': 'Sean Abplanalp', 'description': 'actor'}, {'name': 'Daniel Mortemore', 'description': 'actor'}, {'name': 'Mayou Roffe', 'description': 'actor'}, {'name': 'Rodney Mullet', 'description': 'actor'}, {'name': 'Neil McCalmont', 'description': 'actor'}, {'name': 'Rocko Zevenbergen', 'description': 'actor'}, {'name': 'Brian Zevenbergen', 'description': 'actor'}]"
Frank Lloyd Wright,1/23/1998,"Biography, Documentary",Kanopy,,Movie,All (G),7.8/10,,[]
"Poe: In His Own Words, An Evening with Edgar Allan Poe",10/25/2016,Drama,"Free Services, Prime Video",,Movie,7+ (PG),,,"[{'name': 'Mark W. Curran', 'description': 'director'}, {'name': 'Travis Rhett Wilson', 'description': 'actor'}, {'name': 'Mark W. Curran', 'description': 'author'}, {'name': 'Travis Rhett Wilson', 'description': 'author'}]"
Mrs. Winterbourne,4/19/1996,"Romance, Comedy","HBO MAX, Prime Video",America,Movie,13+ (PG-13),6.2/10,,"[{'name': 'Richard Benjamin', 'description': 'director'}, {'name': 'Shirley MacLaine', 'description': 'actor'}, {'name': 'Ricki Lake', 'description': 'actor'}, {'name': 'Brendan Fraser', 'description': 'actor'}, {'name': 'Jane Krakowski', 'description': 'actor'}, {'name': 'Loren Dean', 'description': 'actor'}, {'name': 'Miguel Sandoval', 'description': 'actor'}, {'name': 'Susan Haskell', 'description': 'actor'}, {'name': 'Debra Monk', 'description': 'actor'}, {'name': 'Cathryn de Prume', 'description': 'actor'}, {'name': 'Peter Gerety', 'description': 'actor'}, {'name': 'Kate Hennig', 'description': 'actor'}, {'name': 'Victor A. Young', 'description': 'actor'}, {'name': 'Paula Prentiss', 'description': 'actor'}, {'name': 'Dale Pollock', 'description': 'actor'}, {'name': 'Oren Koules', 'description': 'actor'}, {'name': 'Ross Canter', 'description': 'actor'}, {'name': 'Cornell Woolrich', 'description': 'author'}, {'name': 'Lisa-Maria Radano', 'description': 'author'}, {'name': 'Phoef Sutton', 'description': 'author'}, {'name': 'Patrick Doyle', 'description': 'actor'}]"
The Great Outdoors,6/17/1988,"Drama, Comedy","AMC, Prime Video",America,Movie,7+ (PG),6.6/10,,"[{'name': 'Howard Deutch', 'description': 'director'}, {'name': 'Dan Aykroyd', 'description': 'actor'}, {'name': 'John Candy', 'description': 'actor'}, {'name': 'Stephanie Faracy', 'description': 'actor'}, {'name': 'Annette Bening', 'description': 'actor'}, {'name': 'Chris Young', 'description': 'actor'}, {'name': 'Lucy Deakins', 'description': 'actor'}, {'name': 'Robert Prosky', 'description': 'actor'}, {'name': 'Ian Giatti', 'description': 'actor'}, {'name': 'Hilary Gordon', 'description': 'actor'}, {'name': 'Rebecca Gordon', 'description': 'actor'}, {'name': 'Zoaunne LeRoy', 'description': 'actor'}, {'name': 'Nancy Lenehan', 'description': 'actor'}, {'name': 'John Bloom', 'description': 'actor'}, {'name': 'Lewis Arquette', 'description': 'actor'}, {'name': 'Britt Leach', 'description': 'actor'}, {'name': 'Cliff Bemis', 'description': 'actor'}, {'name': 'Paul Hansen', 'description': 'actor'}, {'name': 'Debra Lee Ortega', 'description': 'actor'}, {'name': 'Sierra Somerville', 'description': 'actor'}, {'name': 'Christine Spiotta', 'description': 'actor'}, {'name': 'Chris Bass', 'description': 'actor'}, {'name': 'Arne Schmidt', 'description': 'actor'}, {'name': 'John Hughes', 'description': 'actor'}]"
Leprechaun,1/8/1993,"Horror, Comedy","Free Services, Prime Video",America,Movie,18+ (R),4.7/10,,"[{'name': 'Mark Jones', 'description': 'director'}, {'name': 'Warwick Davis', 'description': 'actor'}, {'name': 'Jennifer Aniston', 'description': 'actor'}, {'name': 'Ken Olandt', 'description': 'actor'}, {'name': 'Mark Holton', 'description': 'actor'}, {'name': 'Robert Hy Gorman', 'description': 'actor'}, {'name': 'Shay Duffin', 'description': 'actor'}, {'name': 'John Sanderford', 'description': 'actor'}, {'name': 'John Voldstad', 'description': 'actor'}, {'name': 'Pamela Mant', 'description': 'actor'}, {'name': 'William Newman', 'description': 'actor'}, {'name': 'David Permenter', 'description': 'actor'}, {'name': 'Raymond C. Turner', 'description': 'actor'}, {'name': 'Heather Kennedy', 'description': 'actor'}, {'name': 'Tim Garrick', 'description': 'actor'}, {'name': 'Alexandra Sachs', 'description': 'actor'}, {'name': 'Brandon Sachs', 'description': 'actor'}, {'name': 'Klexius Kolby', 'description': 'actor'}, {'name': 'David Tripet', 'description': 'actor'}, {'name': 'Jeffrey B. Mallian', 'description': 'actor'}, {'name': 'Mark Amin', 'description': 'actor'}, {'name': 'Mark Jones', 'description': 'author'}, {'name': 'Kevin Kiner', 'description': 'actor'}, {'name': 'Robert J. Walsh', 'description': 'actor'}]"
Lobster Cop,6/21/2018,"Mystery, Comedy","Free Services, Prime Video",China,Movie,,5.1/10,,"[{'name': 'Li Xinyun', 'description': 'director'}, {'name': 'Wang Qian-Yuan', 'description': 'actor'}, {'name': 'Yuan Shanshan', 'description': 'actor'}, {'name': 'Liu Hua', 'description': 'actor'}, {'name': 'You Kai Zhou', 'description': 'actor'}, {'name': 'Shen Teng', 'description': 'actor'}, {'name': 'Yuan Mao', 'description': 'actor'}, {'name': 'Li Xinyun', 'description': 'author'}]"
The Perfect Catch,4/22/2017,"Family, Drama",Prime Video ,America,Movie,All (G),6.5/10,,"[{'name': 'Steven R. Monroe', 'description': 'director'}, {'name': 'Nikki DeLoach', 'description': 'actor'}, {'name': 'Andrew W. Walker', 'description': 'actor'}, {'name': 'Lisa Durupt', 'description': 'actor'}, {'name': 'Chance Hurstfield', 'description': 'actor'}, {'name': 'Vincent Dangerfield', 'description': 'actor'}, {'name': 'P. Lynn Johnson', 'description': 'actor'}, {'name': 'Eric Keenleyside', 'description': 'actor'}, {'name': 'Brent Fidler', 'description': 'actor'}, {'name': 'Sean Campbell', 'description': 'actor'}, {'name': 'Jason Schombing', 'description': 'actor'}, {'name': 'Annabel Kershaw', 'description': 'actor'}, {'name': 'Ben Wilkinson', 'description': 'actor'}, {'name': 'Trevor Lerner', 'description': 'actor'}, {'name': 'Doron Bell', 'description': 'actor'}, {'name': 'Siobhán McCarthy', 'description': 'actor'}, {'name': 'Taylor St. Pierre', 'description': 'actor'}, {'name': 'Mike Gazzola', 'description': 'actor'}, {'name': 'Jaden Allen Wilson', 'description': 'actor'}, {'name': 'Maggie Sullivun', 'description': 'actor'}, {'name': 'Hannah Pederson', 'description': 'actor'}, {'name': 'Andy Nez', 'description': 'actor'}, {'name': 'Harvey Kahn', 'description': 'actor'}]"
Law & Order: Criminal Intent,9/30/2001,"Drama, Crime","Free Services, Prime Video",America,TV Show,14+ (TV-14),7.5/10,10,"[{'name': ""Vincent D'Onofrio"", 'description': 'actor'}, {'name': 'Kathryn Erbe', 'description': 'actor'}, {'name': 'Julia Ormond', 'description': 'actor'}, {'name': 'Jay O. Sanders', 'description': 'actor'}, {'name': 'Alicia Witt', 'description': 'actor'}, {'name': 'Annabella Sciorra', 'description': 'actor'}, {'name': 'Chris Noth', 'description': 'actor'}, {'name': 'Courtney B. Vance', 'description': 'actor'}, {'name': 'Eric Bogosian', 'description': 'actor'}, {'name': 'Jamey Sheridan', 'description': 'actor'}, {'name': 'Jeff Goldblum', 'description': 'actor'}, {'name': 'Julianne Nicholson', 'description': 'actor'}, {'name': 'Chris Brancato', 'description': 'actor'}, {'name': 'Dick Wolf', 'description': 'actor'}, {'name': 'Peter Jankowski', 'description': 'actor'}, {'name': 'Walon Green', 'description': 'actor'}, {'name': 'Warren Leight', 'description': 'actor'}, {'name': 'Dick Wolf', 'description': 'actor'}]"
Destiny in Space,1/17/1994,"Animation, Documentary",Hulu,America,Movie,,10-Jul,,"[{'name': 'Ben Burtt', 'description': 'director'}, {'name': 'Gail Singer', 'description': 'director'}, {'name': 'James Neihouse', 'description': 'director'}, {'name': 'Phyllis Ferguson', 'description': 'director'}, {'name': 'Leonard Nimoy', 'description': 'actor'}, {'name': 'Graeme Ferguson', 'description': 'actor'}, {'name': 'Toni Myers', 'description': 'author'}, {'name': 'Maribeth Solomon', 'description': 'actor'}, {'name': 'Micky Erbe', 'description': 'actor'}]"
Love in Store,2/22/2020,"Drama, Romance","Hallmark Movies Now, Prime Video",America,Movie,All (G),6.4/10,,"[{'name': 'Paul Ziller', 'description': 'director'}, {'name': 'Alexandra Breckenridge', 'description': 'actor'}, {'name': 'Robert Buckley', 'description': 'actor'}, {'name': 'Lisa Chandler', 'description': 'actor'}, {'name': 'Jackée Harry', 'description': 'actor'}, {'name': 'Carlo Marks', 'description': 'actor'}, {'name': 'Naika Toussaint', 'description': 'actor'}, {'name': 'Holly Dignard', 'description': 'actor'}, {'name': 'Fiona Vroom', 'description': 'actor'}, {'name': 'Eric Gustafsson', 'description': 'actor'}, {'name': 'Anita Brown', 'description': 'actor'}, {'name': 'Jenny Mitchell', 'description': 'actor'}, {'name': 'Terence Kelly', 'description': 'actor'}, {'name': 'Cole Jackson', 'description': 'actor'}, {'name': 'Jake Ennis', 'description': 'actor'}, {'name': 'Dion Riley', 'description': 'actor'}, {'name': 'Jake Foy', 'description': 'actor'}, {'name': 'Trevor Hinton', 'description': 'actor'}, {'name': 'Kate Boutilier', 'description': 'actor'}, {'name': 'Chelsea de Puyjalon', 'description': 'actor'}, {'name': 'Emma Rendell', 'description': 'actor'}, {'name': 'Chris Wood', 'description': 'actor'}, {'name': 'Joie Botkin', 'description': 'author'}]"
Chasing,4/14/2021,"Action & Adventure, Crime","Prime Video, Prime Video",India,Movie,,,,"[{'name': 'K. Veerakumar', 'description': 'director'}, {'name': 'Varalaxmi Sarathkumar', 'description': 'actor'}, {'name': 'Balasaravanan', 'description': 'actor'}, {'name': 'Imman Annachi', 'description': 'actor'}, {'name': 'Super Subbarayan', 'description': 'actor'}, {'name': 'Mathialagan Muniandy', 'description': 'actor'}, {'name': 'Sona Heiden', 'description': 'actor'}, {'name': 'Mathialagan Muniandy', 'description': 'actor'}, {'name': 'K. Veerakumar', 'description': 'author'}]"
Zaytoun,10/14/2012,"Drama, Action & Adventure","Free Services, Prime Video",Israel,Movie,,6.6/10,,"[{'name': 'Eran Riklis', 'description': 'director'}, {'name': 'Stephen Dorff', 'description': 'actor'}, {'name': 'Ashraf Barhom', 'description': 'actor'}, {'name': 'Alice Taglioni', 'description': 'actor'}, {'name': 'Abdallah El Akal', 'description': 'actor'}, {'name': 'Loai Nofi', 'description': 'actor'}, {'name': 'Tarik Copti', 'description': 'actor'}, {'name': 'Jony Arbid', 'description': 'actor'}, {'name': 'Mira Awad', 'description': 'actor'}, {'name': 'Eitan Londner', 'description': 'actor'}, {'name': 'Morad Hasan', 'description': 'actor'}, {'name': 'Ashraf Farah', 'description': 'actor'}, {'name': 'Nidal Badarny', 'description': 'actor'}, {'name': 'Adham Abu Aqel', 'description': 'actor'}, {'name': 'Osamah Khoury', 'description': 'actor'}, {'name': 'Michil Khoury', 'description': 'actor'}, {'name': 'Ali Suliman', 'description': 'actor'}, {'name': 'Doraid Liddawi', 'description': 'actor'}, {'name': 'Hezi Gangina', 'description': 'actor'}, {'name': 'Nader Rizq', 'description': 'author'}]"
Jojo Rabbit,10/18/2019,"Comedy, Drama",Prime Video ,Czechia,Movie,13+ (PG-13),7.9/10,,"[{'name': 'Taika Waititi', 'description': 'director'}, {'name': 'Roman Griffin Davis', 'description': 'actor'}, {'name': 'Thomasin McKenzie', 'description': 'actor'}, {'name': 'Scarlett Johansson', 'description': 'actor'}, {'name': 'Taika Waititi', 'description': 'actor'}, {'name': 'Sam Rockwell', 'description': 'actor'}, {'name': 'Rebel Wilson', 'description': 'actor'}, {'name': 'Alfie Allen', 'description': 'actor'}, {'name': 'Stephen Merchant', 'description': 'actor'}, {'name': 'Archie Yates', 'description': 'actor'}, {'name': 'Luke Brandon Field', 'description': 'actor'}, {'name': 'Joe Weintraub', 'description': 'actor'}, {'name': 'Brian Caspe', 'description': 'actor'}, {'name': 'James McVan', 'description': 'actor'}, {'name': 'Judith Georgi', 'description': 'actor'}, {'name': 'Victoria Hogan', 'description': 'actor'}, {'name': 'Bethany Adams', 'description': 'actor'}, {'name': 'Iva Šindelková', 'description': 'actor'}, {'name': 'Matej Seifert', 'description': 'actor'}, {'name': 'Trish Osmond', 'description': 'actor'}, {'name': 'Odeta Cali', 'description': 'actor'}, {'name': 'Samuel Bogner', 'description': 'actor'}, {'name': 'Carthew Neal', 'description': 'actor'}, {'name': 'Chelsea Winstanley', 'description': 'actor'}]"
A Tale to Tell,12/25/2020,Musical,Prime Video ,,Movie,,8.5/10,,[]
End of Days,11/24/1999,"Action & Adventure, Mystery","Starz, Prime Video",America,Movie,18+ (R),5.8/10,,"[{'name': 'Peter Hyams', 'description': 'director'}, {'name': 'Arnold Schwarzenegger', 'description': 'actor'}, {'name': 'Gabriel Byrne', 'description': 'actor'}, {'name': 'Robin Tunney', 'description': 'actor'}, {'name': 'Kevin Pollak', 'description': 'actor'}, {'name': 'CCH Pounder', 'description': 'actor'}, {'name': ""Derrick O'Connor"", 'description': 'actor'}, {'name': 'David Weisenberg', 'description': 'actor'}, {'name': 'Rainer Judd', 'description': 'actor'}, {'name': 'Miriam Margolyes', 'description': 'actor'}, {'name': 'Udo Kier', 'description': 'actor'}, {'name': 'Luciano Miele', 'description': 'actor'}, {'name': ""Michael O'Hagan"", 'description': 'actor'}, {'name': 'Mark Margolis', 'description': 'actor'}, {'name': 'Jack Shearer', 'description': 'actor'}, {'name': 'Rod Steiger', 'description': 'actor'}, {'name': 'Eve Sigall', 'description': 'actor'}, {'name': 'Victor Varnado', 'description': 'actor'}, {'name': 'Robert Lesser', 'description': 'actor'}, {'name': 'Lloyd Garroway', 'description': 'actor'}, {'name': 'Gary Anthony Williams', 'description': 'actor'}, {'name': 'John Nielsen', 'description': 'actor'}, {'name': 'Armyan Bernstein', 'description': 'actor'}, {'name': 'Bill Borden', 'description': 'actor'}]"
Fetching,1/1/2013,Comedy,Free Services,,Movie,,6.3/10,,[]
Muthukku Muthaaga,3/18/2011,"Drama, Family",Prime Video ,India,Movie,,8.1/10,,"[{'name': 'Rasu Mathuravan', 'description': 'director'}, {'name': 'Harish Kumar', 'description': 'actor'}, {'name': 'Saranya Ponvannan', 'description': 'actor'}, {'name': 'Vikranth', 'description': 'actor'}, {'name': 'Natarajan Subramaniam', 'description': 'actor'}, {'name': 'Ilavarasu', 'description': 'actor'}, {'name': 'Oviya Helen', 'description': 'actor'}, {'name': 'Monica', 'description': 'actor'}, {'name': 'Singampuli', 'description': 'actor'}, {'name': 'Sujibala', 'description': 'actor'}, {'name': 'Varshini', 'description': 'actor'}, {'name': 'Prakash Chandra', 'description': 'actor'}, {'name': 'Veera Samar', 'description': 'actor'}, {'name': 'Rasu Mathuravan', 'description': 'actor'}, {'name': 'Rasu Mathuravan', 'description': 'author'}]"
Backlash,1/1/2006,"Action & Adventure, Thriller",Free Services,America,Movie,18+ (R),3.2/10,,"[{'name': 'David Chameides', 'description': 'director'}, {'name': 'Suzanne Karseras', 'description': 'actor'}, {'name': 'Kevin Levrone', 'description': 'actor'}, {'name': 'Danielle Burgio', 'description': 'actor'}, {'name': 'Lauren Mary Kim', 'description': 'actor'}, {'name': 'Bas Rutten', 'description': 'actor'}, {'name': 'G. Anthony Joseph', 'description': 'actor'}, {'name': 'Caitlin McKenna-Wilkinson', 'description': 'author'}]"
Just a Boys' Game,11/8/1979,"Drama, Comedy",BritBox,United Kingdom,Movie,,10-Aug,,"[{'name': 'John Mackenzie', 'description': 'director'}, {'name': 'Frankie Miller', 'description': 'actor'}, {'name': 'Ken Hutchison', 'description': 'actor'}, {'name': 'Gregor Fisher', 'description': 'actor'}, {'name': 'Jean Taylor Smith', 'description': 'actor'}, {'name': 'Hector Nicol', 'description': 'actor'}, {'name': 'Katherine Stark', 'description': 'actor'}, {'name': 'Jan Wilson', 'description': 'actor'}, {'name': 'Jim Byars', 'description': 'actor'}, {'name': 'Billy Greenlees', 'description': 'actor'}, {'name': 'John Murtagh', 'description': 'actor'}, {'name': 'Gaylie Runciman', 'description': 'actor'}, {'name': 'Billy Riddoch', 'description': 'actor'}, {'name': 'Sandy West', 'description': 'actor'}, {'name': 'Irene Sunters', 'description': 'actor'}, {'name': 'Martin Cochrane', 'description': 'actor'}, {'name': 'Elaine Collins', 'description': 'actor'}, {'name': 'Freddie Boardley', 'description': 'actor'}, {'name': 'Michael Malone', 'description': 'actor'}, {'name': 'James Morrison', 'description': 'actor'}, {'name': 'Hamish Taylor', 'description': 'actor'}, {'name': 'Eddie Kane', 'description': 'actor'}, {'name': 'Richard Eyre', 'description': 'actor'}, {'name': 'Peter McDougall', 'description': 'author'}]"
My Favorite Shapes by Julio Torres,8/10/2019,"Stand-up & Talk, Comedy","HBO MAX, Prime Video",America,Movie,16+,6.6/10,,"[{'name': 'Dave McCary', 'description': 'director'}, {'name': 'Julio Torres', 'description': 'actor'}, {'name': 'Emma Stone', 'description': 'actor'}, {'name': 'Ryan Gosling', 'description': 'actor'}, {'name': 'Lin-Manuel Miranda', 'description': 'actor'}, {'name': 'Julio Torres', 'description': 'author'}]"
27: Gone Too Soon,3/26/2018,Documentary,"Free Services, Prime Video",United Kingdom,Movie,7+ (PG),4.9/10,,"[{'name': 'Simon Napier-Bell', 'description': 'director'}, {'name': 'Steve Blame', 'description': 'actor'}, {'name': 'Barney Hoskyns', 'description': 'actor'}, {'name': 'Chris Salewicz', 'description': 'actor'}, {'name': 'Dan Gillespie Sells', 'description': 'actor'}, {'name': 'Dylan Jones', 'description': 'actor'}, {'name': 'Keith Cameron', 'description': 'actor'}, {'name': ""Mick O'Shea"", 'description': 'actor'}, {'name': 'Olly Alexander', 'description': 'actor'}, {'name': 'Paul Gambaccini', 'description': 'actor'}, {'name': 'Peter Jenner', 'description': 'actor'}, {'name': 'Tom Robinson', 'description': 'actor'}, {'name': 'Tris Penna', 'description': 'actor'}, {'name': 'Ann Robinson', 'description': 'actor'}, {'name': 'Brian Jones', 'description': 'actor'}, {'name': 'Jimi Hendrix', 'description': 'actor'}, {'name': 'Janis Joplin', 'description': 'actor'}, {'name': 'Jim Morrison', 'description': 'actor'}, {'name': 'Kurt Cobain', 'description': 'actor'}, {'name': 'Amy Winehouse', 'description': 'actor'}, {'name': 'Gary Numan', 'description': 'actor'}, {'name': 'Simon Napier-Bell', 'description': 'author'}]"
The Woman Who Dared,2/3/1944,Drama,The Criterion Channel,France,Movie,,7.2/10,,"[{'name': 'Jean Grémillon', 'description': 'director'}, {'name': 'Madeleine Renaud', 'description': 'actor'}, {'name': 'Charles Vanel', 'description': 'actor'}, {'name': 'Anne Vandène', 'description': 'actor'}, {'name': 'Jean Debucourt', 'description': 'actor'}, {'name': 'Raymonde Vernay', 'description': 'actor'}, {'name': 'Anne-Marie Labaye', 'description': 'actor'}, {'name': 'Albert Rémy', 'description': 'actor'}, {'name': 'Léonce Corne', 'description': 'actor'}, {'name': 'Robert Le Fort', 'description': 'actor'}, {'name': 'Jacques Beauvais', 'description': 'actor'}, {'name': 'Michel François', 'description': 'actor'}, {'name': 'Raoul Marco', 'description': 'actor'}, {'name': 'Gaston Mauger', 'description': 'actor'}, {'name': 'Paul Demange', 'description': 'actor'}, {'name': 'Henry Houry', 'description': 'actor'}, {'name': 'Fernand Blot', 'description': 'actor'}, {'name': 'Marius David', 'description': 'actor'}, {'name': 'Bernard La Jarrige', 'description': 'actor'}, {'name': 'Marcel Laporte', 'description': 'actor'}, {'name': 'Pierre Leproux', 'description': 'actor'}, {'name': 'Georges Sellier', 'description': 'actor'}, {'name': 'Raoul Ploquin', 'description': 'actor'}, {'name': 'Albert Valentin', 'description': 'author'}]"
The White House: Inside the Gates,3/9/2004,Documentary,Free Services,,Movie,,,,[]
Lost River: Lincoln's Secret Weapon,1/10/2010,History,"Free Services, Prime Video",America,Movie,,10-Jun,,"[{'name': 'Jason Urban', 'description': 'director'}, {'name': 'Tami Sutton', 'description': 'actor'}, {'name': 'Fritz Klein', 'description': 'actor'}, {'name': 'James Reeves', 'description': 'actor'}, {'name': 'Joe Jones', 'description': 'actor'}, {'name': 'Jason Urban', 'description': 'actor'}, {'name': 'Joe Dunlap', 'description': 'actor'}, {'name': 'Bruce Bridegroom', 'description': 'actor'}, {'name': 'Bruce Bridegroom', 'description': 'author'}]"
Miss Meadows,9/12/2014,"Comedy, Drama","Free Services, Prime Video",America,Movie,,5.7/10,,"[{'name': 'Karen Leigh Hopkins', 'description': 'director'}, {'name': 'Katie Holmes', 'description': 'actor'}, {'name': 'James Badge Dale', 'description': 'actor'}, {'name': 'Callan Mulvey', 'description': 'actor'}, {'name': 'Mary Kay Place', 'description': 'actor'}, {'name': 'Saidah Arrika Ekulona', 'description': 'actor'}, {'name': 'James Landry Hébert', 'description': 'actor'}, {'name': 'Kate Linder', 'description': 'actor'}, {'name': 'Stephen Bishop', 'description': 'actor'}, {'name': 'Jean Smart', 'description': 'actor'}, {'name': 'Harry Zinn', 'description': 'actor'}, {'name': 'Joe Fishel', 'description': 'actor'}, {'name': 'Ava Kolker', 'description': 'actor'}, {'name': 'James Keane', 'description': 'actor'}, {'name': 'Graham Beckel', 'description': 'actor'}, {'name': 'Gregory Allen Smith', 'description': 'actor'}, {'name': 'Anna Moravcik', 'description': 'actor'}, {'name': 'Tyler Corbet', 'description': 'actor'}, {'name': 'Milly Hopkins', 'description': 'actor'}, {'name': 'Charlotte Labadie', 'description': 'actor'}, {'name': 'Aubree Stone', 'description': 'actor'}, {'name': 'Amy Kravockuck', 'description': 'actor'}, {'name': 'Eric Brenner', 'description': 'actor'}, {'name': 'Rob Carliner', 'description': 'actor'}]"
Cinema Bandi,5/14/2021,"Drama, Comedy",Netflix,India,Movie,All (G),7.9/10,,"[{'name': 'Praveen Kandregula', 'description': 'director'}, {'name': 'Sirivennela Yanamandhala', 'description': 'actor'}, {'name': 'Sandeep Varanasi', 'description': 'actor'}, {'name': 'Trishara', 'description': 'actor'}, {'name': 'Sindhu Sreenivasa Murthy', 'description': 'actor'}, {'name': 'Munivenkatapa', 'description': 'actor'}, {'name': 'Uma Yg', 'description': 'actor'}, {'name': 'Vikas Vasistha', 'description': 'actor'}, {'name': 'Rag Mayur', 'description': 'actor'}, {'name': 'Krishna D.K.', 'description': 'actor'}, {'name': 'Raj Nidimoru', 'description': 'actor'}, {'name': 'Krishna Prathyusha', 'description': 'author'}, {'name': 'Praveen Kandregula', 'description': 'author'}, {'name': 'Vasanth Maringanti', 'description': 'author'}, {'name': 'Sirish Satyavolu', 'description': 'actor'}]"
Father Figures,12/21/2017,"Sport, Comedy","Free Services, Prime Video",America,Movie,18+ (R),5.5/10,,"[{'name': 'Lawrence Sher', 'description': 'director'}, {'name': 'Owen Wilson', 'description': 'actor'}, {'name': 'Ed Helms', 'description': 'actor'}, {'name': 'J.K. Simmons', 'description': 'actor'}, {'name': 'Katt Williams', 'description': 'actor'}, {'name': 'Terry Bradshaw', 'description': 'actor'}, {'name': 'Ving Rhames', 'description': 'actor'}, {'name': 'Christopher Walken', 'description': 'actor'}, {'name': 'Glenn Close', 'description': 'actor'}, {'name': 'Katie Aselton', 'description': 'actor'}, {'name': 'Retta', 'description': 'actor'}, {'name': 'Harry Shearer', 'description': 'actor'}, {'name': 'June Squibb', 'description': 'actor'}, {'name': 'Ivan Mallon', 'description': 'actor'}, {'name': 'Ali Wong', 'description': 'actor'}, {'name': 'Robert Jon Mello', 'description': 'actor'}, {'name': 'Zachary Haven', 'description': 'actor'}, {'name': 'Mary Grill', 'description': 'actor'}, {'name': 'Ann McKenzie', 'description': 'actor'}, {'name': 'Jessica Gomes', 'description': 'actor'}, {'name': 'Sarah Skeist', 'description': 'actor'}, {'name': 'Debra Stipe', 'description': 'actor'}, {'name': 'Ali Bell', 'description': 'actor'}, {'name': 'Andrew A. Kosove', 'description': 'actor'}]"
Miss Austen Regrets,2/3/2008,"History, Drama",Free Services,United Kingdom,Movie,All (G),7.1/10,,"[{'name': 'Jeremy Lovering', 'description': 'director'}, {'name': 'Olivia Williams', 'description': 'actor'}, {'name': 'Greta Scacchi', 'description': 'actor'}, {'name': 'Imogen Poots', 'description': 'actor'}, {'name': 'Phyllida Law', 'description': 'actor'}, {'name': 'Pip Torrens', 'description': 'actor'}, {'name': 'Tom Hiddleston', 'description': 'actor'}, {'name': 'Hugh Bonneville', 'description': 'actor'}, {'name': 'Tom Goodman-Hill', 'description': 'actor'}, {'name': 'Jack Huston', 'description': 'actor'}, {'name': 'Samuel Roukin', 'description': 'actor'}, {'name': 'Adrian Edmondson', 'description': 'actor'}, {'name': 'Jason Watkins', 'description': 'actor'}, {'name': 'Lizanne Tulip', 'description': 'actor'}, {'name': 'Anne Pivcevic', 'description': 'actor'}, {'name': 'Jamie Laurenson', 'description': 'actor'}, {'name': 'David M. Thompson', 'description': 'actor'}, {'name': 'Rebecca Eaton', 'description': 'actor'}, {'name': 'Gwyneth Hughes', 'description': 'author'}, {'name': 'Jennie Muskett', 'description': 'actor'}]"
Night Watcher,10/31/2008,"Mystery, Thriller",Prime Video ,,Movie,18+ (R),2.6/10,,"[{'name': 'Will Gordh', 'description': 'director'}, {'name': 'Daniel Vincent Gordh', 'description': 'actor'}, {'name': 'Kelly Huddleston', 'description': 'actor'}, {'name': 'Christopher Kadish', 'description': 'actor'}, {'name': 'Rachel Owens', 'description': 'actor'}, {'name': 'Jillian Toby', 'description': 'actor'}, {'name': 'Allison Tyler', 'description': 'actor'}, {'name': 'Daniel Vincent Gordh', 'description': 'author'}, {'name': 'David Murray', 'description': 'author'}]"
The Terrible Thing of Alpha-9!,1/1/2009,"Comedy, Animation",Kanopy,America,Movie,,7.2/10,,"[{'name': 'Jake Armstrong', 'description': 'director'}, {'name': 'Paul Villeco', 'description': 'actor'}, {'name': 'Jake Armstrong', 'description': 'author'}]"
Kaagaz Ki Kashti,10/25/2016,Documentary,Prime Video ,,Movie,,8.9/10,,"[{'name': 'Brahmanand S. Singh', 'description': 'director'}, {'name': 'Jagjit Singh', 'description': 'actor'}, {'name': 'Chitra', 'description': 'actor'}, {'name': 'Gulzar', 'description': 'actor'}, {'name': 'Ghulam Ali', 'description': 'actor'}, {'name': 'Talat Aziz', 'description': 'actor'}, {'name': 'Mahesh Bhatt', 'description': 'actor'}, {'name': 'Subhash Ghai', 'description': 'actor'}, {'name': 'Hans Raj Hans', 'description': 'actor'}, {'name': 'Anup Jalota', 'description': 'actor'}, {'name': 'Ameesha Patel', 'description': 'actor'}, {'name': 'Pankaj Udhas', 'description': 'actor'}, {'name': 'Brahmanand S. Singh', 'description': 'author'}, {'name': 'Tanvi Jain', 'description': 'author'}]"
You're Everything To Me,1/1/2016,,Netflix,,Movie,,,,[]
50K,7/15/2020,"Crime, Thriller","Free Services, Prime Video",,Movie,,5.3/10,,[]
Constable: A Country Rebel,9/7/2014,Documentary,"Free Services, Prime Video",United Kingdom,Movie,,7.9/10,,"[{'name': 'Spike Geilinger', 'description': 'director'}, {'name': 'Alastair Sooke', 'description': 'actor'}, {'name': 'Spike Geilinger', 'description': 'actor'}, {'name': 'Harry Bell', 'description': 'actor'}]"
23:59,11/3/2011,"Thriller, Horror","Hoopla, Prime Video",Malaysia,Movie,18+ (R),4.5/10,,"[{'name': 'Gilbert Chan', 'description': 'director'}, {'name': 'Tedd Chan', 'description': 'actor'}, {'name': 'Stella Chung', 'description': 'actor'}, {'name': 'Henley Hii', 'description': 'actor'}, {'name': 'Lawrence Koh', 'description': 'actor'}, {'name': 'Tommy Kuan', 'description': 'actor'}, {'name': 'Josh Lai', 'description': 'actor'}, {'name': 'Susan Leong', 'description': 'actor'}, {'name': 'Benjamin Lim', 'description': 'actor'}, {'name': 'Philip Hersh', 'description': 'actor'}, {'name': 'Mark Lee', 'description': 'actor'}, {'name': 'Freddie Yeo', 'description': 'actor'}, {'name': 'Gary Goh', 'description': 'actor'}, {'name': 'Yuk-Sing Au', 'description': 'actor'}, {'name': 'Eric Khoo', 'description': 'actor'}, {'name': 'Lim Kim Sow', 'description': 'actor'}, {'name': 'Lim Teck', 'description': 'actor'}, {'name': 'Mang', 'description': 'actor'}, {'name': 'Mike Wiluan', 'description': 'actor'}, {'name': 'Richard Mong', 'description': 'actor'}, {'name': 'Tan Peck Joo', 'description': 'actor'}, {'name': 'Tengku Iesta Tengku Alaudin', 'description': 'actor'}, {'name': 'Gilbert Chan', 'description': 'author'}]"
Martin Luther King Jr: Enough Is Enough,1/1/2021,,"Free Services, Prime Video",,Movie,,,,[]
Killer Nerd,1/1/1991,"Comedy, Horror",Prime Video ,America,Movie,,10-Apr,,"[{'name': 'Mark Steven Bosko', 'description': 'director'}, {'name': 'Wayne A. Harold', 'description': 'director'}, {'name': 'Toby Radloff', 'description': 'actor'}, {'name': 'Lori Scarlett', 'description': 'actor'}, {'name': 'Tony Zanoni', 'description': 'actor'}, {'name': 'Heidi Lohr', 'description': 'actor'}, {'name': 'Richard Zaynor', 'description': 'actor'}, {'name': 'Kim Allen', 'description': 'actor'}, {'name': 'Shawna Baer', 'description': 'actor'}, {'name': 'Teresa Bosko', 'description': 'actor'}, {'name': 'Miriam E. Carey', 'description': 'actor'}, {'name': 'Chip Cipriano', 'description': 'actor'}, {'name': 'Mark Steven Bosko', 'description': 'actor'}, {'name': 'Wayne A. Harold', 'description': 'actor'}, {'name': 'Mark Steven Bosko', 'description': 'author'}, {'name': 'Wayne A. Harold', 'description': 'author'}, {'name': 'Sean Carlin', 'description': 'actor'}]"
Isabelle Eberhardt,11/21/1991,"Drama, Biography",Free Services,Australia,Movie,,5.8/10,,"[{'name': 'Ian Pringle', 'description': 'director'}, {'name': 'Mathilda May', 'description': 'actor'}, {'name': 'Tchéky Karyo', 'description': 'actor'}, {'name': ""Peter O'Toole"", 'description': 'actor'}, {'name': 'Richard Moir', 'description': 'actor'}, {'name': 'Daniel Scharf', 'description': 'actor'}, {'name': 'Jean Petit', 'description': 'actor'}, {'name': 'Jacques Leclère', 'description': 'actor'}]"
Gladiators of Rome,10/18/2012,"Family, Animation","Free Services, Prime Video",Italy,Movie,7+ (PG),5.2/10,,"[{'name': 'Iginio Straffi', 'description': 'director'}, {'name': 'Luca Argentero', 'description': 'actor'}, {'name': 'Laura Chiatti', 'description': 'actor'}, {'name': 'Belén Rodríguez', 'description': 'actor'}, {'name': 'Massimo Corvo', 'description': 'actor'}, {'name': 'Enzo Avolio', 'description': 'actor'}, {'name': 'Antonio Bonanotte', 'description': 'actor'}, {'name': 'Stefano Alessandroni', 'description': 'actor'}, {'name': 'Francesco Vairano', 'description': 'actor'}, {'name': 'Fabrizio Mazzotta', 'description': 'actor'}, {'name': 'Iginio Straffi', 'description': 'actor'}, {'name': 'Iginio Straffi', 'description': 'author'}, {'name': 'Michael J. Wilson', 'description': 'author'}]"
'63 Comet,,Comedy,Prime Video ,,Movie,,7.9/10,,[]
Blood Guardian,10/15/2009,Horror,"Free Services, Prime Video",,Movie,,4.4/10,,"[{'name': 'Jack Nolan', 'description': 'actor'}, {'name': 'Kevin Ratay', 'description': 'actor'}, {'name': 'David C. Hayes', 'description': 'author'}]"
Redemption: A Mile from Hell,1/1/2009,,"Free Services, Prime Video",America,Movie,18+ (R),3.5/10,,"[{'name': 'Robert Conway', 'description': 'director'}, {'name': 'Dustin Leighton', 'description': 'actor'}, {'name': 'Tom Noga', 'description': 'actor'}, {'name': 'Clint James', 'description': 'actor'}, {'name': 'Grady Hill', 'description': 'actor'}, {'name': 'Candy Stanton', 'description': 'actor'}, {'name': 'Jason Mager', 'description': 'actor'}, {'name': 'Justin L. Anderson', 'description': 'actor'}, {'name': 'Robert Conway', 'description': 'actor'}, {'name': 'Robert Conway', 'description': 'author'}]"
An Island,7/1/2017,"Drama, Animation",Free Services,Ireland,Movie,,6.1/10,,"[{'name': 'Rory Byrne', 'description': 'director'}]"
Aliens and Crop Circles,2/26/2013,Documentary,Prime Video ,,TV Show,,3.4/10,1,[]
Man with a Gun,10/9/1995,"Drama, Thriller","Free Services, Prime Video",Canada,Movie,18+ (R),4.8/10,,"[{'name': 'David Wyles', 'description': 'director'}, {'name': 'Michael Madsen', 'description': 'actor'}, {'name': 'Gary Busey', 'description': 'actor'}, {'name': 'Jennifer Tilly', 'description': 'actor'}, {'name': 'Robert Loggia', 'description': 'actor'}, {'name': 'Ian Tracey', 'description': 'actor'}, {'name': 'Bill Cobbs', 'description': 'actor'}, {'name': 'Hugh C. Rae', 'description': 'author'}, {'name': 'Laurie Finstad-Knizhnik', 'description': 'author'}]"
Steel Chamber,8/28/2014,Mystery,Free Services,,Movie,,3.2/10,,[]
One of Our Dinosaurs Is Missing,7/9/1975,"Action & Adventure, Comedy",Prime Video ,United Kingdom,Movie,All (G),5.9/10,,"[{'name': 'Robert Stevenson', 'description': 'director'}, {'name': 'Derek Nimmo', 'description': 'actor'}, {'name': 'Hugh Burden', 'description': 'actor'}, {'name': 'Bernard Bresslaw', 'description': 'actor'}, {'name': 'Helen Hayes', 'description': 'actor'}, {'name': 'Joan Sims', 'description': 'actor'}, {'name': 'Deryck Guyler', 'description': 'actor'}, {'name': 'Clive Revill', 'description': 'actor'}, {'name': 'Molly Weir', 'description': 'actor'}, {'name': 'Andrew Dove', 'description': 'actor'}, {'name': 'Max Harris', 'description': 'actor'}, {'name': 'Max Wall', 'description': 'actor'}, {'name': 'Natasha Pyne', 'description': 'actor'}, {'name': 'Joss Ackland', 'description': 'actor'}, {'name': 'Peter Ustinov', 'description': 'actor'}, {'name': 'Jon Pertwee', 'description': 'actor'}, {'name': 'Joan Hickson', 'description': 'actor'}, {'name': 'Amanda Barrie', 'description': 'actor'}, {'name': 'Percy Herbert', 'description': 'actor'}, {'name': 'Arthur Howard', 'description': 'actor'}, {'name': 'John Laurie', 'description': 'actor'}, {'name': 'Bill Walsh', 'description': 'author'}]"
La EntreViú,2/1/2018,,Prime Video ,,Movie,,,,[]
Big & Little,5/23/2017,,Philo,,TV Show,,,1,[]
Weekend Guests,5/4/2019,Horror,Prime Video ,,Movie,,7.1/10,,[]
My Dad's a Soccer Mom,6/21/2014,"Comedy, Family","Free Services, Prime Video",,Movie,7+ (PG),5.3/10,,"[{'name': 'Randall Stevens', 'description': 'director'}, {'name': 'Lester Speight', 'description': 'actor'}, {'name': 'Wendy Raquel Robinson', 'description': 'actor'}, {'name': 'Skai Jackson', 'description': 'actor'}, {'name': 'Tracey Gold', 'description': 'actor'}, {'name': 'Rhonda Baraka', 'description': 'author'}]"
The House of Murderers,4/1/2019,Horror,Prime Video ,,Movie,,2.7/10,,"[{'name': 'Bruno Di Marcello', 'description': 'director'}, {'name': 'Kelly Abbass', 'description': 'actor'}, {'name': 'Daria Contento', 'description': 'actor'}, {'name': 'Teodora Mammoliti', 'description': 'actor'}, {'name': 'Stefania Visconti', 'description': 'actor'}]"
Map of the Human Heart,4/22/1993,"Romance, Drama",Prime Video ,Australia,Movie,18+ (R),10-Jul,,"[{'name': 'Vincent Ward', 'description': 'director'}, {'name': 'Jason Scott Lee', 'description': 'actor'}, {'name': 'Robert Joamie', 'description': 'actor'}, {'name': 'Anne Parillaud', 'description': 'actor'}, {'name': 'Annie Galipeau', 'description': 'actor'}, {'name': 'Patrick Bergin', 'description': 'actor'}, {'name': 'Clotilde Courau', 'description': 'actor'}, {'name': 'John Cusack', 'description': 'actor'}, {'name': 'Jeanne Moreau', 'description': 'actor'}, {'name': 'Ben Mendelsohn', 'description': 'actor'}, {'name': 'Jerry Snell', 'description': 'actor'}, {'name': 'Charlotte Coleman', 'description': 'actor'}, {'name': 'Jayko Pitseolak', 'description': 'actor'}, {'name': 'Reepah Arreak', 'description': 'actor'}, {'name': 'Monique Spaziani', 'description': 'actor'}, {'name': 'Anik Matern', 'description': 'actor'}, {'name': 'Harry Hill', 'description': 'actor'}, {'name': 'Tim Bevan', 'description': 'actor'}, {'name': 'Vincent Ward', 'description': 'actor'}, {'name': 'Bob Weinstein', 'description': 'actor'}, {'name': 'Graham Bradstreet', 'description': 'actor'}, {'name': 'Harvey Weinstein', 'description': 'actor'}, {'name': 'Louis Nowra', 'description': 'author'}]"
Wale,4/29/2018,Drama,Kanopy,United Kingdom,Movie,,6.7/10,,"[{'name': 'Barnaby Blackburn', 'description': 'director'}, {'name': 'Barnaby Blackburn', 'description': 'author'}]"
Ragala 24 Gantallo,11/22/2019,"Mystery, Thriller","Prime Video, Prime Video",India,Movie,,5.2/10,,"[{'name': 'Sreenivass Redde', 'description': 'director'}, {'name': 'Satyadev Kancharana', 'description': 'actor'}, {'name': 'Eesha Rebba', 'description': 'actor'}, {'name': 'Musskan Sethi', 'description': 'actor'}, {'name': 'Ganesh Venkatraman', 'description': 'actor'}, {'name': 'Srikanth', 'description': 'actor'}, {'name': 'Ravi Varma', 'description': 'actor'}, {'name': 'Ravi Prakash', 'description': 'actor'}, {'name': 'Temper Vamsi', 'description': 'actor'}, {'name': 'Krishna Bhagavan', 'description': 'actor'}, {'name': 'Krishna Bhagavan', 'description': 'author'}, {'name': 'Sreenivass Redde', 'description': 'author'}, {'name': 'Raghu Kunche', 'description': 'actor'}]"
Repentance,1/15/2019,Drama,Prime Video ,,Movie,,,,[]
Confirmation,11/11/2018,Drama,Prime Video ,,Movie,,5.5/10,,[]
Sunset,9/27/2018,"Drama, History",Prime Video ,France,Movie,18+ (R),6.3/10,,"[{'name': 'László Nemes', 'description': 'director'}, {'name': 'Jakab Juli', 'description': 'actor'}, {'name': 'Vlad Ivanov', 'description': 'actor'}, {'name': 'Susanne Wuest', 'description': 'actor'}, {'name': 'Levente Molnár', 'description': 'actor'}, {'name': 'Urs Rechn', 'description': 'actor'}, {'name': 'Judit Bárdos', 'description': 'actor'}, {'name': 'Björn Freiberg', 'description': 'actor'}, {'name': 'Christian Harting', 'description': 'actor'}, {'name': 'Sándor Zsótér', 'description': 'actor'}, {'name': 'Mihály Kormos', 'description': 'actor'}, {'name': 'Marcin Czarnik', 'description': 'actor'}, {'name': 'Áron Öze', 'description': 'actor'}, {'name': 'Uwe Lauer', 'description': 'actor'}, {'name': 'Tom Pilath', 'description': 'actor'}, {'name': 'Mónika Balsai', 'description': 'actor'}, {'name': 'Julia Jakubowska', 'description': 'actor'}, {'name': 'Dobos Evelin', 'description': 'actor'}, {'name': 'Miklós B. Székely', 'description': 'actor'}, {'name': 'Dorottya Moldován', 'description': 'actor'}, {'name': 'Kati Lázár', 'description': 'actor'}, {'name': 'Eszter Csépai', 'description': 'actor'}, {'name': 'François Yon', 'description': 'actor'}, {'name': 'Gábor Rajna', 'description': 'actor'}]"
Tabloid,9/1/2010,"Crime, Documentary","Free Services, Prime Video",America,Movie,18+ (R),10-Jul,,"[{'name': 'Errol Morris', 'description': 'director'}, {'name': 'Joyce McKinney', 'description': 'actor'}, {'name': 'Peter Tory', 'description': 'actor'}, {'name': 'Troy Williams', 'description': 'actor'}, {'name': 'Jackson Shaw', 'description': 'actor'}, {'name': 'Kent Gavin', 'description': 'actor'}, {'name': 'Jin Han Hong', 'description': 'actor'}]"
Atlas Shrugged: Part II,10/12/2012,"Mystery, Science-Fiction","Free Services, Prime Video",America,Movie,13+ (PG-13),5.3/10,,"[{'name': 'John Putch', 'description': 'director'}, {'name': 'Samantha Mathis', 'description': 'actor'}, {'name': 'Jason Beghe', 'description': 'actor'}, {'name': 'Patrick Fabian', 'description': 'actor'}, {'name': 'Bug Hall', 'description': 'actor'}, {'name': 'Kim Rhodes', 'description': 'actor'}, {'name': 'D. B. Sweeney', 'description': 'actor'}, {'name': 'Richard T. Jones', 'description': 'actor'}, {'name': 'Ray Wise', 'description': 'actor'}, {'name': 'Esai Morales', 'description': 'actor'}, {'name': 'John Rubinstein', 'description': 'actor'}, {'name': 'Robert Picardo', 'description': 'actor'}, {'name': 'Diedrich Bader', 'description': 'actor'}, {'name': 'Arye Gross', 'description': 'actor'}, {'name': 'Rex Linn', 'description': 'actor'}, {'name': 'Larisa Oleynik', 'description': 'actor'}, {'name': 'Michael Gross', 'description': 'actor'}, {'name': 'Teller', 'description': 'actor'}, {'name': 'Jeff Yagher', 'description': 'actor'}, {'name': 'Paul McCrane', 'description': 'actor'}, {'name': 'Harmon Kaslow', 'description': 'actor'}, {'name': 'Jeff Freilich', 'description': 'actor'}, {'name': 'John Aglialoro', 'description': 'actor'}, {'name': 'Ayn Rand', 'description': 'author'}]"
Pete Correale: Let Me Tell Ya,11/6/2015,"Stand-up & Talk, Comedy","Free Services, Prime Video",America,Movie,,7.9/10,,"[{'name': 'John Asher', 'description': 'director'}, {'name': 'Pete Correale', 'description': 'actor'}, {'name': 'Derek Van Pelt', 'description': 'actor'}, {'name': 'Judi Brown-Marmel', 'description': 'actor'}, {'name': 'Neil A. Sheridan', 'description': 'actor'}, {'name': 'Norman Aladjem', 'description': 'actor'}, {'name': 'Pete Correale', 'description': 'actor'}, {'name': 'Pete Correale', 'description': 'author'}]"
Where Soldiers Come From,9/9/2011,"Drama, Documentary",Prime Video ,America,Movie,,6.9/10,,"[{'name': 'Heather Courtney', 'description': 'director'}, {'name': 'David Hartstein', 'description': 'actor'}, {'name': 'Heather Courtney', 'description': 'actor'}, {'name': 'Megan Gilbride', 'description': 'actor'}, {'name': 'Heather Courtney', 'description': 'author'}]"
In the Mood for Life,10/12/2016,Documentary,Prime Video ,,Movie,,,,[]
Claire & The Keys,,"Drama, Animation",Free Services,,Movie,,10-Aug,,"[{'name': 'John Ludwick', 'description': 'director'}]"
The Deathwish Video,3/20/2013,Documentary,Prime Video ,,Movie,18+ (R),8.8/10,,"[{'name': 'Baker Boys', 'description': 'director'}, {'name': 'Erik Ellington', 'description': 'actor'}, {'name': 'Jim Greco', 'description': 'actor'}, {'name': 'Lizard King', 'description': 'actor'}, {'name': 'Furby', 'description': 'actor'}, {'name': 'Neen Williams', 'description': 'actor'}, {'name': 'Antwuan Dixon', 'description': 'actor'}, {'name': 'Michael Luis De Los Reyes', 'description': 'actor'}, {'name': 'Brian Hansen', 'description': 'actor'}, {'name': 'Jon Dickson', 'description': 'actor'}, {'name': 'Erik Ellington', 'description': 'actor'}, {'name': 'Jim Greco', 'description': 'actor'}]"
Homeless (VIII),5/29/2019,Horror,Prime Video ,,Movie,,,,[]
Los Sures,9/29/1984,"Comedy, Documentary",Prime Video ,America,Movie,,7.5/10,,"[{'name': 'Diego Echeverria', 'description': 'director'}, {'name': 'Marta Avilés', 'description': 'actor'}, {'name': 'Evelyn Borges', 'description': 'actor'}, {'name': 'Tito Lopez', 'description': 'actor'}, {'name': 'Ana Maria Soto', 'description': 'actor'}, {'name': 'Cuso Soto', 'description': 'actor'}, {'name': 'Diego Echeverria', 'description': 'actor'}, {'name': 'David Loxton', 'description': 'actor'}]"
Whitewash,4/19/2013,"Mystery, Drama","Free Services, Prime Video",Canada,Movie,,5.8/10,,"[{'name': 'Emanuel Hoss-Desmarais', 'description': 'director'}, {'name': 'Thomas Haden Church', 'description': 'actor'}, {'name': 'Marc Labrèche', 'description': 'actor'}, {'name': 'Vincent Hoss-Desmarais', 'description': 'actor'}, {'name': 'Geneviève Laroche', 'description': 'actor'}, {'name': 'Isabelle Nélisse', 'description': 'actor'}, {'name': 'Anie Pascale', 'description': 'actor'}, {'name': 'Sylvio Archambault', 'description': 'actor'}, {'name': 'Yvette Auger-Pratte', 'description': 'actor'}, {'name': 'Bonfield Marcoux', 'description': 'actor'}, {'name': 'Claire Jacques', 'description': 'actor'}, {'name': 'Pierre Leblanc', 'description': 'actor'}, {'name': 'Keir Cutler', 'description': 'actor'}, {'name': 'Marie-Michelle Garon', 'description': 'actor'}, {'name': 'Gaston Caron', 'description': 'actor'}, {'name': 'Gina Landry', 'description': 'actor'}, {'name': 'Kim McCraw', 'description': 'actor'}, {'name': 'Luke Déry', 'description': 'actor'}, {'name': 'Emanuel Hoss-Desmarais', 'description': 'author'}, {'name': 'Marc Tulin', 'description': 'author'}]"
Hello Memsaheb,9/30/2011,"Drama, Comedy","Prime Video, Prime Video",,Movie,,5.5/10,,"[{'name': 'Shiboprosad Mukherjee', 'description': 'director'}, {'name': 'Jeet', 'description': 'actor'}, {'name': 'Priyanka Upendra', 'description': 'actor'}, {'name': 'Koneenica Banerjee', 'description': 'actor'}, {'name': 'Aritro Dutta Banik', 'description': 'actor'}, {'name': 'Biswanath Basu', 'description': 'actor'}, {'name': 'Bratya Basu', 'description': 'actor'}, {'name': 'Biswajit Chakraborty', 'description': 'actor'}, {'name': 'Locket Chatterjee', 'description': 'actor'}, {'name': 'Gita Dey', 'description': 'actor'}, {'name': 'Kanchan Mullick', 'description': 'actor'}, {'name': 'Shiboprosad Mukherjee', 'description': 'author'}]"
Deadly Cheers,1/1/2022,"Thriller, Drama",Prime Video ,,Movie,16+,5.1/10,,"[{'name': 'Jessica Janos', 'description': 'director'}, {'name': 'Becki Hayes', 'description': 'actor'}, {'name': 'Katherine Marsh', 'description': 'actor'}, {'name': 'Macy Minear', 'description': 'actor'}, {'name': 'Shannon Skiles', 'description': 'actor'}, {'name': 'April Clark', 'description': 'actor'}, {'name': 'Karla Ojeda', 'description': 'actor'}, {'name': 'Devon Daniels', 'description': 'actor'}, {'name': 'Robert Ballo', 'description': 'actor'}, {'name': 'Timothy O. Johnson', 'description': 'actor'}, {'name': 'John F. Hayes', 'description': 'author'}]"
"Good Evening, Mr. Wallenberg",10/5/1990,Drama,Fandor,Hungary,Movie,,6.5/10,,"[{'name': 'Kjell Grede', 'description': 'director'}, {'name': 'Stellan Skarsgård', 'description': 'actor'}, {'name': 'Katharina Thalbach', 'description': 'actor'}, {'name': 'Károly Eperjes', 'description': 'actor'}, {'name': 'Erland Josephson', 'description': 'actor'}, {'name': 'Miklós B. Székely', 'description': 'actor'}, {'name': 'Jesper Christensen', 'description': 'actor'}, {'name': 'Ivan Desny', 'description': 'actor'}, {'name': 'Franciszek Pieczka', 'description': 'actor'}, {'name': 'Géza Balkay', 'description': 'actor'}, {'name': 'Percy Brandt', 'description': 'actor'}, {'name': 'Tamás Jordán', 'description': 'actor'}, {'name': 'Andor Lukáts', 'description': 'actor'}, {'name': 'Reviczky Gábor', 'description': 'actor'}, {'name': 'László Soós', 'description': 'actor'}, {'name': 'Franciska Győry', 'description': 'actor'}, {'name': 'László Csákányi', 'description': 'actor'}, {'name': 'István Mészáros', 'description': 'actor'}, {'name': 'István Holl', 'description': 'actor'}, {'name': 'Venczel Vera', 'description': 'actor'}, {'name': 'András Bálint', 'description': 'actor'}, {'name': 'Imre Antal', 'description': 'actor'}, {'name': 'Katinka Faragó', 'description': 'actor'}, {'name': 'Kjell Grede', 'description': 'author'}]"
America's Greatest Motorcycle Rallies,4/28/2011,Documentary,"Free Services, Prime Video",,TV Show,,,1,[]
Die Baroness und das Guggenheim,1/1/2005,Documentary,Prime Video ,,Movie,,5.9/10,,[]
My Six Loves,4/3/1963,"Drama, Comedy",Prime Video ,America,Movie,,6.5/10,,"[{'name': 'Gower Champion', 'description': 'director'}, {'name': 'Debbie Reynolds', 'description': 'actor'}, {'name': 'Cliff Robertson', 'description': 'actor'}, {'name': 'David Janssen', 'description': 'actor'}, {'name': 'Eileen Heckart', 'description': 'actor'}, {'name': 'Barry Livingston', 'description': 'actor'}, {'name': 'Hans Conried', 'description': 'actor'}, {'name': 'John McGiver', 'description': 'actor'}, {'name': 'Max Showalter', 'description': 'actor'}, {'name': 'Mary McCarty', 'description': 'actor'}, {'name': 'Alice Pearce', 'description': 'actor'}, {'name': 'Jim Backus', 'description': 'actor'}, {'name': 'Alice Ghostley', 'description': 'actor'}, {'name': 'Pippa Scott', 'description': 'actor'}, {'name': 'Billy E. Hughes', 'description': 'actor'}, {'name': 'Sterling Holloway', 'description': 'actor'}, {'name': 'Victor Buono', 'description': 'actor'}, {'name': 'Gant Gaither', 'description': 'actor'}, {'name': 'John Fante', 'description': 'author'}, {'name': 'Joseph Calvelli', 'description': 'author'}, {'name': 'William Wood', 'description': 'author'}, {'name': 'Walter Scharf', 'description': 'actor'}]"
Eddie the Eagle,2/25/2016,"Drama, Comedy",Prime Video ,Germany,Movie,13+ (PG-13),7.3/10,,"[{'name': 'Dexter Fletcher', 'description': 'director'}, {'name': 'Taron Egerton', 'description': 'actor'}, {'name': 'Hugh Jackman', 'description': 'actor'}, {'name': 'Christopher Walken', 'description': 'actor'}, {'name': 'Ania Sowinski', 'description': 'actor'}, {'name': 'Mads Sjøgård Pettersen', 'description': 'actor'}, {'name': 'Iris Berben', 'description': 'actor'}, {'name': 'Jim Broadbent', 'description': 'actor'}, {'name': 'Jo Hartley', 'description': 'actor'}, {'name': 'Keith Allen', 'description': 'actor'}, {'name': 'Dickon Tolson', 'description': 'actor'}, {'name': 'Mark Benton', 'description': 'actor'}, {'name': 'Tim McInnerny', 'description': 'actor'}, {'name': 'Edvin Endre', 'description': 'actor'}, {'name': 'Marc Benjamin', 'description': 'actor'}, {'name': 'Rune Temte', 'description': 'actor'}, {'name': 'Carlton Bunce', 'description': 'actor'}, {'name': 'Graham Fletcher-Cook', 'description': 'actor'}, {'name': 'Daniel Ings', 'description': 'actor'}, {'name': 'Matt Rippy', 'description': 'actor'}, {'name': 'Joachim Raaf', 'description': 'actor'}, {'name': 'Matthew Brandon', 'description': 'actor'}, {'name': 'Adam Bohling', 'description': 'actor'}, {'name': 'David Reid', 'description': 'actor'}]"
X/Y,4/19/2014,"Romance, Drama",Prime Video ,America,Movie,,4.1/10,,"[{'name': 'Ryan Piers Williams', 'description': 'director'}, {'name': 'America Ferrera', 'description': 'actor'}, {'name': 'Ryan Piers Williams', 'description': 'actor'}, {'name': 'Melonie Diaz', 'description': 'actor'}, {'name': 'Jon Paul Phillips', 'description': 'actor'}, {'name': 'Amber Tamblyn', 'description': 'actor'}, {'name': 'Dree Hemingway', 'description': 'actor'}, {'name': 'David Harbour', 'description': 'actor'}, {'name': 'Lonnie Rashid Lynn Jr.', 'description': 'actor'}, {'name': 'Danny Deferrari', 'description': 'actor'}, {'name': 'Sue Jean Kim', 'description': 'actor'}, {'name': 'America Ferrera', 'description': 'actor'}, {'name': 'Jason Michael Berman', 'description': 'actor'}, {'name': 'Ryan Piers Williams', 'description': 'actor'}, {'name': 'Ryan Piers Williams', 'description': 'author'}]"
Greener by the Day,8/19/2012,Drama,Prime Video ,,Movie,,,,[]
Sleeping With My Student,10/18/2019,"Drama, Thriller","Hoopla, Prime Video",America,Movie,,4.6/10,,"[{'name': 'Tom Shell', 'description': 'director'}, {'name': 'Gina Holden', 'description': 'actor'}, {'name': 'Jessica Belkin', 'description': 'actor'}, {'name': 'Mitchell Hoog', 'description': 'actor'}, {'name': 'David Lipper', 'description': 'actor'}, {'name': 'Gerald Webb', 'description': 'actor'}, {'name': 'Novi Brown', 'description': 'actor'}, {'name': 'Lance H. Robbins', 'description': 'actor'}, {'name': 'Mark L. Lester', 'description': 'actor'}, {'name': 'Michael Perronne', 'description': 'author'}]"
Night Run,6/24/2011,"Action & Adventure, Comedy",Prime Video ,,Movie,,,,[]
Close to the Enemy,11/10/2016,"Thriller, Drama","Hoopla, Prime Video",United Kingdom,TV Show,,5.9/10,1,"[{'name': 'Jim Sturgess', 'description': 'actor'}, {'name': 'Charlotte Riley', 'description': 'actor'}, {'name': 'Angela Bassett', 'description': 'actor'}, {'name': 'Alfred Molina', 'description': 'actor'}, {'name': 'Alfie Allen', 'description': 'actor'}, {'name': 'Lindsay Duncan', 'description': 'actor'}, {'name': 'Freddie Highmore', 'description': 'actor'}, {'name': 'August Diehl', 'description': 'actor'}, {'name': 'Phoebe Fox', 'description': 'actor'}, {'name': 'Robert Glenister', 'description': 'actor'}, {'name': 'Ciara Charteris', 'description': 'actor'}, {'name': 'Charity Wakefield', 'description': 'actor'}, {'name': 'Sebastian Armesto', 'description': 'actor'}, {'name': 'Aleksandar Jovanović', 'description': 'actor'}, {'name': 'Antje Traue', 'description': 'actor'}, {'name': 'Lucy Ward', 'description': 'actor'}, {'name': 'Stephen Poliakoff', 'description': 'author'}, {'name': 'Stephen Poliakoff', 'description': 'actor'}]"
Girls Night - Anthology,10/31/2018,Horror,Prime Video ,,Movie,,,,[]
Gone in 60 Seconds,7/28/1974,"Crime, Action & Adventure","Free Services, Prime Video",America,Movie,7+ (PG),6.4/10,,"[{'name': 'H.B. Halicki', 'description': 'director'}, {'name': 'H.B. Halicki', 'description': 'actor'}, {'name': 'Marion Busia', 'description': 'actor'}, {'name': 'Jerry Daugirda', 'description': 'actor'}, {'name': 'James McIntyre', 'description': 'actor'}, {'name': 'George Cole', 'description': 'actor'}, {'name': 'Ronald Halicki', 'description': 'actor'}, {'name': 'Markos Kotsikos', 'description': 'actor'}, {'name': 'Butch Stockton', 'description': 'actor'}, {'name': 'Phil Woods', 'description': 'actor'}, {'name': 'Parnelli Jones', 'description': 'actor'}, {'name': 'Gary Bettenhausen', 'description': 'actor'}, {'name': 'Jonathan E. Fricke', 'description': 'actor'}, {'name': 'Hal McClain', 'description': 'actor'}, {'name': 'J.C. Agajanian', 'description': 'actor'}, {'name': 'J.C. Agajanian Jr.', 'description': 'actor'}, {'name': 'Christopher J.C. Agajanian', 'description': 'actor'}, {'name': 'Billy Englehart', 'description': 'actor'}, {'name': 'Sak Yamamoto', 'description': 'actor'}, {'name': 'Anthony Cole', 'description': 'actor'}, {'name': 'Michael Cole', 'description': 'actor'}, {'name': 'Mark Cole', 'description': 'actor'}, {'name': 'H.B. Halicki', 'description': 'actor'}, {'name': 'H.B. Halicki', 'description': 'author'}]"
Women in Trouble,11/13/2009,"Drama, Comedy","Free Services, Prime Video",America,Movie,18+ (R),5.6/10,,"[{'name': 'Sebastián Gutiérrez', 'description': 'director'}, {'name': 'Carla Gugino', 'description': 'actor'}, {'name': 'Adrianne Palicki', 'description': 'actor'}, {'name': 'Connie Britton', 'description': 'actor'}, {'name': 'Marley Shelton', 'description': 'actor'}, {'name': 'Garcelle Beauvais', 'description': 'actor'}, {'name': 'Elizabeth Berkley', 'description': 'actor'}, {'name': 'Josh Brolin', 'description': 'actor'}, {'name': 'Emmanuelle Chriqui', 'description': 'actor'}, {'name': 'Sarah Clarke', 'description': 'actor'}, {'name': 'Joseph Gordon-Levitt', 'description': 'actor'}, {'name': 'Simon Baker', 'description': 'actor'}, {'name': 'Caitlin Keats', 'description': 'actor'}, {'name': 'Cameron Richardson', 'description': 'actor'}, {'name': 'Rya Kihlstedt', 'description': 'actor'}, {'name': 'Paul Cassell', 'description': 'actor'}, {'name': 'Samantha Shelton', 'description': 'actor'}, {'name': 'Greg Lauren', 'description': 'actor'}, {'name': 'Isabella Gutierrez', 'description': 'actor'}, {'name': 'Antonio Graña', 'description': 'actor'}, {'name': 'Xander Berkeley', 'description': 'actor'}, {'name': 'Lauren Katz', 'description': 'actor'}, {'name': 'Sebastián Gutiérrez', 'description': 'actor'}, {'name': 'Sebastián Gutiérrez', 'description': 'author'}]"
Gente de Zona: En Letra de Otro,10/26/2018,Documentary,HBO MAX,America,Movie,16+,,,"[{'name': 'Gaston Etchechoury', 'description': 'director'}, {'name': 'Randy Malcom', 'description': 'actor'}, {'name': 'Alexander Delgado', 'description': 'actor'}, {'name': 'Natalia Casanova', 'description': 'actor'}, {'name': 'Alexis Tkach', 'description': 'actor'}, {'name': 'Isabel De Jesus', 'description': 'actor'}, {'name': 'Melissa Exposito', 'description': 'actor'}, {'name': 'Ruben Leyva', 'description': 'actor'}, {'name': 'Vicente Solís', 'description': 'actor'}, {'name': 'Sandra Aragón', 'description': 'author'}]"
Mission Manila,2/21/1990,Action & Adventure,Free Services,,Movie,18+ (R),3.9/10,,"[{'name': 'Peter MacKenzie', 'description': 'director'}, {'name': 'Larry Wilcox', 'description': 'actor'}, {'name': 'Robin Eisenman', 'description': 'actor'}, {'name': 'Sam Hennings', 'description': 'actor'}, {'name': 'Al Mancini', 'description': 'actor'}, {'name': 'Tetchie Agbayani', 'description': 'actor'}, {'name': 'Maria Isabel Lopez', 'description': 'actor'}, {'name': 'Harry Taylor', 'description': 'actor'}, {'name': 'Peter MacKenzie', 'description': 'author'}, {'name': 'Sally Marie Hallam', 'description': 'author'}]"
Two Gates of Sleep,5/18/2010,Drama,Mubi,,Movie,,6.1/10,,"[{'name': 'Alistair Banks Griffin', 'description': 'director'}, {'name': 'Brady Corbet', 'description': 'actor'}, {'name': 'David Call', 'description': 'actor'}, {'name': 'Karen Young', 'description': 'actor'}, {'name': 'Ross Francis', 'description': 'actor'}, {'name': 'Ritchie Montgomery', 'description': 'actor'}, {'name': 'Andrew Renzi', 'description': 'actor'}, {'name': 'Josh Mond', 'description': 'actor'}, {'name': 'Antonio Campos', 'description': 'actor'}, {'name': 'Sean Durkin', 'description': 'actor'}, {'name': 'Alistair Banks Griffin', 'description': 'author'}]"
Running with the Devil,8/29/2019,"Thriller, Drama","Hulu, Prime Video",Colombia,Movie,18+ (R),5.4/10,,"[{'name': 'Jason Cabell', 'description': 'director'}, {'name': 'Nicolas Cage', 'description': 'actor'}, {'name': 'Leslie Bibb', 'description': 'actor'}, {'name': 'Peter Facinelli', 'description': 'actor'}, {'name': 'Cole Hauser', 'description': 'actor'}, {'name': 'Laurence Fishburne', 'description': 'actor'}, {'name': 'Clifton Collins Jr.', 'description': 'actor'}, {'name': 'Barry Pepper', 'description': 'actor'}, {'name': 'Adam Goldberg', 'description': 'actor'}, {'name': 'Natalia Reyes', 'description': 'actor'}, {'name': 'Luce Rains', 'description': 'actor'}, {'name': 'Tait Fletcher', 'description': 'actor'}, {'name': 'Sarah Minnich', 'description': 'actor'}, {'name': 'Keith Jardine', 'description': 'actor'}, {'name': 'Rib Hillis', 'description': 'actor'}, {'name': 'Barbie Robertson', 'description': 'actor'}, {'name': 'Marie Wagenman', 'description': 'actor'}, {'name': 'Joanne Nguyen', 'description': 'actor'}, {'name': 'Jim Steele', 'description': 'actor'}, {'name': 'Michael Mendelsohn', 'description': 'actor'}, {'name': 'Natalie Perrotta', 'description': 'actor'}, {'name': 'Shea Vargé', 'description': 'actor'}, {'name': 'Jason Cabell', 'description': 'author'}, {'name': 'Reinhold Heil', 'description': 'actor'}]"
$9.99 ,4/29/2009,"Drama, Animation",Prime Video ,Australia,Movie,18+ (R),6.7/10,,"[{'name': 'Tatia Rosenthal', 'description': 'director'}, {'name': 'Geoffrey Rush', 'description': 'actor'}, {'name': 'Anthony LaPaglia', 'description': 'actor'}, {'name': 'Samuel Johnson', 'description': 'actor'}, {'name': 'Ben Mendelsohn', 'description': 'actor'}, {'name': 'Barry Otto', 'description': 'actor'}, {'name': 'Joel Edgerton', 'description': 'actor'}, {'name': 'Claudia Karvan', 'description': 'actor'}, {'name': 'Leeanna Walsman', 'description': 'actor'}, {'name': 'David Field', 'description': 'actor'}, {'name': 'Tom Budge', 'description': 'actor'}, {'name': 'Leon Ford', 'description': 'actor'}, {'name': 'Henry Nixon', 'description': 'actor'}, {'name': 'Roy Billing', 'description': 'actor'}, {'name': 'Brian Meegan', 'description': 'actor'}, {'name': 'Jamie Katsamatsas', 'description': 'actor'}, {'name': 'Ursula Yovich', 'description': 'actor'}, {'name': 'Josef Ber', 'description': 'actor'}, {'name': 'Amir Harel', 'description': 'actor'}, {'name': 'Emile Sherman', 'description': 'actor'}, {'name': 'Etgar Keret', 'description': 'author'}, {'name': 'Tatia Rosenthal', 'description': 'author'}]"
American Sasquatch,8/11/2020,Horror,Free Services,,Movie,,3.8/10,,[]
Attache',8/25/2018,Documentary,Prime Video ,,Movie,,10-Sep,,[]
Cry Wolf,7/18/1947,"Crime, Mystery",Prime Video ,America,Movie,,6.5/10,,"[{'name': 'Peter Godfrey', 'description': 'director'}, {'name': 'Errol Flynn', 'description': 'actor'}, {'name': 'Barbara Stanwyck', 'description': 'actor'}, {'name': 'Geraldine Brooks', 'description': 'actor'}, {'name': 'Richard Basehart', 'description': 'actor'}, {'name': 'Jerome Cowan', 'description': 'actor'}, {'name': 'John Ridgely', 'description': 'actor'}, {'name': 'Patricia Barry', 'description': 'actor'}, {'name': 'Rory Mallinson', 'description': 'actor'}, {'name': 'Helene Thimig', 'description': 'actor'}, {'name': 'Paul Stanton', 'description': 'actor'}, {'name': 'Barry Bernard', 'description': 'actor'}, {'name': 'Henry Blanke', 'description': 'actor'}, {'name': 'Jack L. Warner', 'description': 'actor'}, {'name': 'Catherine Turney', 'description': 'author'}, {'name': 'Marjorie Carleton', 'description': 'author'}, {'name': 'Franz Waxman', 'description': 'actor'}]"
The Case for Christ's Resurrection,5/11/2007,Documentary,"Free Services, Prime Video",America,Movie,,6.6/10,,"[{'name': 'David Priest', 'description': 'director'}, {'name': 'David Balsiger', 'description': 'actor'}, {'name': 'Sharon Dymmel', 'description': 'author'}]"
Tesla's Death Ray: A Murder Declassified,1/2/2018,"Reality, Documentary","Discovery+, Prime Video",,TV Show,7+ (TV-PG),5.5/10,1,[]
The Book of Tomorrow,5/2/2007,"Family, Fantasy",Prime Video ,,Movie,,7.5/10,,[]
"Fighters of WWII: Spitfire, Mustang, and Messerschmitt",12/31/2017,Documentary,"Free Services, Prime Video",,Movie,,,,[]
Can't Dance,,"Drama, Comedy",Prime Video ,,Movie,,,,[]
Vigor,5/15/2017,Comedy,Prime Video ,,Movie,,8.5/10,,[]
Chashme Baddoor,4/5/2013,"Comedy, Drama","Netflix, Prime Video",India,Movie,,5.4/10,,"[{'name': 'David Dhawan', 'description': 'director'}, {'name': 'Ali Zafar', 'description': 'actor'}, {'name': 'Taapsee Pannu', 'description': 'actor'}, {'name': 'Siddharth', 'description': 'actor'}, {'name': 'Divyendu Sharma', 'description': 'actor'}, {'name': 'Rishi Kapoor', 'description': 'actor'}, {'name': 'Juhi Chawla', 'description': 'actor'}, {'name': 'Prakash Pange', 'description': 'actor'}, {'name': 'Shivaji Dasgupta', 'description': 'actor'}, {'name': 'Farhad Samji', 'description': 'author'}, {'name': 'Renuka Kunzru', 'description': 'author'}, {'name': 'Sajid Samji', 'description': 'author'}]"
Doorways To Danger,1/1/1990,"Animation, Documentary",Prime Video ,America,Movie,,3.6/10,,"[{'name': 'Tom Poulson', 'description': 'director'}, {'name': 'Kevin Logan', 'description': 'actor'}, {'name': 'Eddie Vass', 'description': 'actor'}, {'name': 'David Stillwell', 'description': 'actor'}, {'name': 'Carolyn Williams', 'description': 'actor'}, {'name': 'Paul Bennison', 'description': 'actor'}, {'name': 'Paul Heather', 'description': 'actor'}, {'name': 'Judith Dawson', 'description': 'actor'}, {'name': 'Johnny Ray', 'description': 'actor'}, {'name': 'Tom Poulson', 'description': 'author'}]"
My Day,11/17/2018,Family,Prime Video ,,Movie,,,,[]
Chanakya Shapadham,12/18/1986,"Romance, Action & Adventure",Prime Video ,,Movie,,5.4/10,,[]
Elizabeth II: A Lifetime of Service,10/1/2017,Documentary,Free Services,,Movie,,,,[]
Advent in Austria - Arcadia World Extravaganza Travel Films,,Documentary,Prime Video ,,Movie,,,,[]
Angelina Ballerina,5/10/2002,"Animation, Children","Free Services, Prime Video",,TV Show,All (TV-G),5.5/10,7,"[{'name': 'Finty Williams', 'description': 'actor'}, {'name': 'Judi Dench', 'description': 'actor'}, {'name': 'Jo Wyatt', 'description': 'actor'}, {'name': 'Keith Wickham', 'description': 'actor'}, {'name': 'Adrienne Posta', 'description': 'actor'}, {'name': 'Rob Rackstraw', 'description': 'actor'}, {'name': 'Ginger Gibbons', 'description': 'actor'}, {'name': 'Kate Fawkes', 'description': 'actor'}]"
This will only hurt for a minute: the Charles E. Cullen story,,Documentary,"Fandor, Prime Video",,Movie,,,,[]
Catch a Christmas Star,11/17/2013,"Family, Romance","Hallmark Movies Now, Prime Video",,Movie,All (G),6.2/10,,"[{'name': 'John Bradshaw', 'description': 'director'}, {'name': 'Shannon Elizabeth', 'description': 'actor'}, {'name': 'Steve Byers', 'description': 'actor'}, {'name': 'Julia Lalonde', 'description': 'actor'}, {'name': 'Kyle Breitkopf', 'description': 'actor'}, {'name': 'Billy MacLellan', 'description': 'actor'}, {'name': 'Rickie Castaneda', 'description': 'author'}]"
Britain's Busiest Airport: Heathrow,6/4/2015,"Reality, Documentary",Prime Video ,,TV Show,,8.2/10,7,"[{'name': 'Julie Walters', 'description': 'actor'}, {'name': 'Joanna Lumley', 'description': 'actor'}, {'name': 'Patricia Hodge', 'description': 'actor'}, {'name': 'Paul Thornley', 'description': 'actor'}]"
Boothill Brigade,8/2/1937,,Free Services,America,Movie,,5.2/10,,"[{'name': 'Sam Newfield', 'description': 'director'}, {'name': 'Johnny Mack Brown', 'description': 'actor'}, {'name': 'Claire Rochelle', 'description': 'actor'}, {'name': 'Dick Curtis', 'description': 'actor'}, {'name': 'Horace Murphy', 'description': 'actor'}, {'name': 'Frank LaRue', 'description': 'actor'}, {'name': 'Ed Cassidy', 'description': 'actor'}, {'name': 'Bobby Nelson', 'description': 'actor'}, {'name': 'Frank Ball', 'description': 'actor'}, {'name': 'Frank Ellis', 'description': 'actor'}, {'name': 'Steve Clark', 'description': 'actor'}, {'name': 'A.W. Hackel', 'description': 'actor'}, {'name': 'George H. Plympton', 'description': 'author'}]"
He Was a Quiet Man,11/23/2007,"Comedy, Drama","Free Services, Prime Video",America,Movie,,6.7/10,,"[{'name': 'Frank A. Cappello', 'description': 'director'}, {'name': 'Christian Slater', 'description': 'actor'}, {'name': 'Elisha Cuthbert', 'description': 'actor'}, {'name': 'William H. Macy', 'description': 'actor'}, {'name': 'Sascha Knopf', 'description': 'actor'}, {'name': 'John Gulager', 'description': 'actor'}, {'name': 'Jamison Jones', 'description': 'actor'}, {'name': 'Michael DeLuise', 'description': 'actor'}, {'name': 'K.C. Ramsey', 'description': 'actor'}, {'name': 'Anzu Lawson', 'description': 'actor'}, {'name': 'David Wells', 'description': 'actor'}, {'name': 'Sewell Whitney', 'description': 'actor'}, {'name': 'Randolph Mantooth', 'description': 'actor'}, {'name': 'Frankie Thorn', 'description': 'actor'}, {'name': ""Tina D'Marco"", 'description': 'actor'}, {'name': 'Livia Treviño', 'description': 'actor'}, {'name': 'Lisa Arianna', 'description': 'actor'}, {'name': 'Greg Baker', 'description': 'actor'}, {'name': 'Paul D. Roberts', 'description': 'actor'}, {'name': 'Maggie Wagner', 'description': 'actor'}, {'name': 'Brian Lohmann', 'description': 'actor'}, {'name': 'Frank A. Cappello', 'description': 'actor'}, {'name': 'Michael Leahy', 'description': 'actor'}, {'name': 'Jason Hallock', 'description': 'actor'}]"
Sugar Boxx,9/5/2009,"Drama, Crime","Free Services, Prime Video",America,Movie,18+ (R),3.6/10,,"[{'name': 'Cody Jarrett', 'description': 'director'}, {'name': 'Geneviere Anderson', 'description': 'actor'}, {'name': 'Rainbow Borden', 'description': 'actor'}, {'name': 'Kitten Natividad', 'description': 'actor'}, {'name': 'Ariadne Shaffer', 'description': 'actor'}, {'name': 'Tura Satana', 'description': 'actor'}, {'name': 'Jack Hill', 'description': 'actor'}, {'name': 'Darin Cooper', 'description': 'actor'}, {'name': 'Cody Jarrett', 'description': 'author'}]"
American Dreamz,3/4/2006,"Comedy, Drama",Prime Video ,America,Movie,13+ (PG-13),5.5/10,,"[{'name': 'Paul Weitz', 'description': 'director'}, {'name': 'Hugh Grant', 'description': 'actor'}, {'name': 'Dennis Quaid', 'description': 'actor'}, {'name': 'Mandy Moore', 'description': 'actor'}, {'name': 'Willem Dafoe', 'description': 'actor'}, {'name': 'Chris Klein', 'description': 'actor'}, {'name': 'Jennifer Coolidge', 'description': 'actor'}, {'name': 'Sam Golzari', 'description': 'actor'}, {'name': 'Marcia Gay Harden', 'description': 'actor'}, {'name': 'Seth Meyers', 'description': 'actor'}, {'name': 'John Cho', 'description': 'actor'}, {'name': 'Judy Greer', 'description': 'actor'}, {'name': 'Bernard White', 'description': 'actor'}, {'name': 'Tony Yalda', 'description': 'actor'}, {'name': 'Noureen DeWulf', 'description': 'actor'}, {'name': 'Shohreh Aghdashloo', 'description': 'actor'}, {'name': 'Marley Shelton', 'description': 'actor'}, {'name': 'Lisa K. Wyatt', 'description': 'actor'}, {'name': 'Beau Holden', 'description': 'actor'}, {'name': 'Jay Harik', 'description': 'actor'}, {'name': 'Adam Busch', 'description': 'actor'}, {'name': 'Haaz Sleiman', 'description': 'actor'}, {'name': 'Andrew Miano', 'description': 'actor'}, {'name': 'Paul Weitz', 'description': 'actor'}]"
American Sniper,12/25/2014,Action & Adventure,"fuboTV, Prime Video",America,Movie,18+ (R),7.3/10,,"[{'name': 'Clint Eastwood', 'description': 'director'}, {'name': 'Bradley Cooper', 'description': 'actor'}, {'name': 'Sienna Miller', 'description': 'actor'}, {'name': 'Kyle Gallner', 'description': 'actor'}, {'name': 'Cole Konis', 'description': 'actor'}, {'name': 'Ben Reed', 'description': 'actor'}, {'name': 'Elise Robertson', 'description': 'actor'}, {'name': ""Keir O'Donnell"", 'description': 'actor'}, {'name': 'Luke Sunshine', 'description': 'actor'}, {'name': 'Kevin Lacz', 'description': 'actor'}, {'name': 'Troy Vincent', 'description': 'actor'}, {'name': 'Brandon Salgado Telis', 'description': 'actor'}, {'name': 'Chance Kelly', 'description': 'actor'}, {'name': 'Marnette Patterson', 'description': 'actor'}, {'name': 'Billy Miller', 'description': 'actor'}, {'name': 'Leonard Roberts', 'description': 'actor'}, {'name': 'Reynaldo Gallegos', 'description': 'actor'}, {'name': 'Jake McDorman', 'description': 'actor'}, {'name': 'Cory Hardrict', 'description': 'actor'}, {'name': 'Eric Ladin', 'description': 'actor'}, {'name': 'Brando Eaton', 'description': 'actor'}, {'name': 'James Ryen', 'description': 'actor'}, {'name': 'Andrew Lazar', 'description': 'actor'}, {'name': 'Bradley Cooper', 'description': 'actor'}]"
SuperFetch,10/3/2009,"Family, Reality",Prime Video ,,TV Show,7+ (TV-PG),7.9/10,1,[]
Men Seeking Women,3/8/1997,"Romance, Comedy","Fandor, Prime Video",America,Movie,,10-Apr,,"[{'name': 'Jim Milio', 'description': 'director'}, {'name': 'Maureen Teefy', 'description': 'actor'}, {'name': 'Anthony Palermo', 'description': 'actor'}, {'name': 'Grant Shaud', 'description': 'actor'}, {'name': 'Lisa Wilcox', 'description': 'actor'}, {'name': 'Nia Vardalos', 'description': 'actor'}, {'name': 'Kelly Coleman', 'description': 'actor'}, {'name': 'Rebeca Arthur', 'description': 'actor'}, {'name': 'Pamela Gien', 'description': 'actor'}, {'name': 'Starr Andreeff', 'description': 'actor'}, {'name': 'Will Ferrell', 'description': 'actor'}, {'name': 'Tia Riebling', 'description': 'actor'}, {'name': 'Jim Milio', 'description': 'actor'}, {'name': 'Mark Hufnail', 'description': 'actor'}, {'name': 'Melissa Jo Peltier', 'description': 'actor'}, {'name': 'Jim Milio', 'description': 'author'}, {'name': 'Edgar Struble', 'description': 'actor'}]"
Dice,4/10/2016,"Stand-up & Talk, Comedy","Hulu, Prime Video",,TV Show,18+ (TV-MA),7.4/10,2,"[{'name': 'Andrew Dice Clay', 'description': 'actor'}, {'name': 'Kevin Corrigan', 'description': 'actor'}, {'name': 'Natasha Leggero', 'description': 'actor'}, {'name': 'Kurt Koehler', 'description': 'actor'}, {'name': 'Eugene Kim', 'description': 'actor'}, {'name': 'Chris Williams', 'description': 'actor'}, {'name': 'Scot Armstrong', 'description': 'actor'}]"
Sesame Street: Elmo's World: Opposites,2/5/2008,Family,Prime Video ,America,Movie,All (G),8.1/10,,"[{'name': 'Jim Martin', 'description': 'director'}, {'name': 'Ted May', 'description': 'director'}, {'name': 'Victor DiNapoli', 'description': 'director'}, {'name': 'Kevin Clash', 'description': 'actor'}, {'name': 'Crystal Whaley', 'description': 'actor'}, {'name': 'Melissa Dino', 'description': 'actor'}, {'name': 'Tim Carter', 'description': 'actor'}, {'name': 'Carol-Lynn Parente', 'description': 'actor'}, {'name': 'Dr. Lewis Bernstein', 'description': 'actor'}, {'name': 'Belinda Ward', 'description': 'author'}, {'name': 'Cathi Turow', 'description': 'author'}, {'name': 'Judy Freudberg', 'description': 'author'}, {'name': 'Molly Boylan', 'description': 'author'}]"
A Lover's Revenge,10/17/2005,"Crime, Mystery",Hulu,,Movie,7+ (PG),4.9/10,,"[{'name': 'Douglas Jackson', 'description': 'director'}, {'name': 'Sophie Gendron', 'description': 'actor'}, {'name': 'Alexandra Paul', 'description': 'actor'}, {'name': 'William R. Moses', 'description': 'actor'}, {'name': 'Sonya Salomaa', 'description': 'actor'}]"
Kippy!,3/12/2016,Comedy,Prime Video ,,TV Show,,,1,[]
Swades,12/17/2004,"Musical, Drama",Netflix,India,Movie,All (G),8.1/10,,"[{'name': 'Ashutosh Gowariker', 'description': 'director'}, {'name': 'Shah Rukh Khan', 'description': 'actor'}, {'name': 'Gayatri Joshi', 'description': 'actor'}, {'name': 'Kishori Balal', 'description': 'actor'}, {'name': 'Smith Seth', 'description': 'actor'}, {'name': 'Lekh Tandon', 'description': 'actor'}, {'name': 'Rajesh Vivek', 'description': 'actor'}, {'name': 'Daya Shankar Pandey', 'description': 'actor'}, {'name': 'Farrukh Jaffar', 'description': 'actor'}, {'name': 'Vishnudutt Gaur', 'description': 'actor'}, {'name': 'Raja Awasthi', 'description': 'actor'}, {'name': 'Vishwa S. Badola', 'description': 'actor'}, {'name': 'Bhim Vakani', 'description': 'actor'}, {'name': 'Rahul Vohra', 'description': 'actor'}, {'name': 'Rajesh Balwani', 'description': 'actor'}, {'name': 'Bachan Pachera', 'description': 'actor'}, {'name': 'Shreyas Pandit', 'description': 'actor'}, {'name': 'Peter Rawley', 'description': 'actor'}, {'name': 'Makrand Deshpande', 'description': 'actor'}, {'name': 'Ashutosh Gowariker', 'description': 'actor'}, {'name': 'Sunita Gowariker', 'description': 'actor'}, {'name': 'Amin Hajee', 'description': 'author'}, {'name': 'Ashutosh Gowariker', 'description': 'author'}, {'name': 'Ayan Mukerji', 'description': 'author'}]"
Blowing Up Spies: The Belgian Job,11/27/2015,Comedy,"Free Services, Prime Video",,Movie,,6.2/10,,"[{'name': 'Pascal Rocteur', 'description': 'director'}, {'name': 'Guy Cohen', 'description': 'actor'}, {'name': 'Kristiaan Debusscher', 'description': 'actor'}, {'name': 'Hugues Hausman', 'description': 'actor'}, {'name': 'Michel Nabokoff', 'description': 'actor'}, {'name': 'Patrick Ridremont', 'description': 'actor'}, {'name': 'Vincent Fournier', 'description': 'actor'}, {'name': 'Pascal Rocteur', 'description': 'author'}, {'name': 'Vincent Fournier', 'description': 'author'}]"
I Am Omega,11/18/2007,"Horror, Thriller","Free Services, Prime Video",America,Movie,13+ (PG-13),3.3/10,,"[{'name': 'Griff Furst', 'description': 'director'}, {'name': 'Mark Dacascos', 'description': 'actor'}, {'name': 'Geoff Meed', 'description': 'actor'}, {'name': 'Jennifer Lee Wiggins', 'description': 'actor'}, {'name': 'Ryan Lloyd', 'description': 'actor'}, {'name': 'Joshua Schlegel', 'description': 'actor'}, {'name': 'Gregory Paul Smith', 'description': 'actor'}, {'name': 'Richard Matheson', 'description': 'author'}, {'name': 'David Raiklen', 'description': 'actor'}]"
Malignant,1/1/2019,Drama,"Free Services, Prime Video",,Movie,,,,[]
Episode #1.1045,7/24/1968,"Drama, Romance",Prime Video ,,Movie,16+,,,[]
Auschwitz,1/1/1945,"Drama, Documentary",Free Services,,Movie,,6.2/10,,"[{'name': 'Elizaveta Svilova', 'description': 'director'}, {'name': 'Elizaveta Svilova', 'description': 'author'}]"
Blast,1/1/2004,"Action & Adventure, Comedy",Free Services,America,Movie,18+ (R),4.7/10,,"[{'name': 'Anthony Hickox', 'description': 'director'}, {'name': 'Eddie Griffin', 'description': 'actor'}, {'name': 'Vinnie Jones', 'description': 'actor'}, {'name': 'Breckin Meyer', 'description': 'actor'}, {'name': 'Vivica A. Fox', 'description': 'actor'}, {'name': 'Nadine Velázquez', 'description': 'actor'}, {'name': ""Tom 'Tiny' Lister Jr."", 'description': 'actor'}, {'name': 'Nicky Andrews', 'description': 'actor'}, {'name': 'Joel Pollak', 'description': 'actor'}, {'name': 'Steven E. de Souza', 'description': 'author'}]"
David,2/1/2013,"Action & Adventure, Drama","Prime Video, Prime Video",India,Movie,,6.2/10,,"[{'name': 'Bejoy Nambiar', 'description': 'director'}, {'name': 'Vikram', 'description': 'actor'}, {'name': 'Neil Nitin Mukesh', 'description': 'actor'}, {'name': 'Vinay Virmani', 'description': 'actor'}, {'name': 'Tabu', 'description': 'actor'}, {'name': 'Monica Dogra', 'description': 'actor'}, {'name': 'Lara Dutta', 'description': 'actor'}, {'name': 'Isha Sharvani', 'description': 'actor'}, {'name': 'Sheetal Menon', 'description': 'actor'}, {'name': 'Nassar', 'description': 'actor'}, {'name': 'Nishan K. P. Nanaiah', 'description': 'actor'}, {'name': 'Prahlad Kakkar', 'description': 'actor'}, {'name': 'Remo Fernandes', 'description': 'actor'}, {'name': 'Calvin Manish', 'description': 'actor'}, {'name': 'Rubi Chakravarti', 'description': 'actor'}, {'name': 'Rohini Hattangadi', 'description': 'actor'}, {'name': 'Milind Soman', 'description': 'actor'}, {'name': 'John Vijay', 'description': 'actor'}, {'name': 'Saurabh Shukla', 'description': 'actor'}, {'name': 'Shweta Pandit', 'description': 'actor'}, {'name': 'Satish Kaushik', 'description': 'actor'}, {'name': 'Anupama Kumar', 'description': 'actor'}, {'name': 'Bejoy Nambiar', 'description': 'actor'}, {'name': 'Sharada Trilok', 'description': 'actor'}]"
Expedition Amelia,10/20/2019,"Documentary, History",Disney+,Kiribati,Movie,,7.2/10,,"[{'name': 'Chad Cohen', 'description': 'director'}, {'name': 'Allison Janney', 'description': 'actor'}, {'name': 'Robert D. Ballard', 'description': 'actor'}, {'name': 'Fredrik T. Hiebert', 'description': 'actor'}, {'name': 'Amelia Earhart', 'description': 'actor'}, {'name': 'Chad Cohen', 'description': 'actor'}, {'name': 'Christine Weber', 'description': 'actor'}, {'name': 'Chad Cohen', 'description': 'author'}]"
Running Scared,6/27/1986,"Action & Adventure, Comedy","HBO MAX, Prime Video",America,Movie,18+ (R),6.5/10,,"[{'name': 'Peter Hyams', 'description': 'director'}, {'name': 'Gregory Hines', 'description': 'actor'}, {'name': 'Billy Crystal', 'description': 'actor'}, {'name': 'Steven Bauer', 'description': 'actor'}, {'name': 'Darlanne Fluegel', 'description': 'actor'}, {'name': 'Joe Pantoliano', 'description': 'actor'}, {'name': 'Dan Hedaya', 'description': 'actor'}, {'name': 'Jon Gries', 'description': 'actor'}, {'name': 'Tracy Reed', 'description': 'actor'}, {'name': 'Jimmy Smits', 'description': 'actor'}, {'name': 'John DiSanti', 'description': 'actor'}, {'name': 'Larry Hankin', 'description': 'actor'}, {'name': 'Don Calfa', 'description': 'actor'}, {'name': 'Robert Lesser', 'description': 'actor'}, {'name': 'Betty Carvalho', 'description': 'actor'}, {'name': 'Louis Perez', 'description': 'actor'}, {'name': 'Etel Billig', 'description': 'actor'}, {'name': 'Meg Register', 'description': 'actor'}, {'name': 'Deanna Dunagan', 'description': 'actor'}, {'name': 'Jim Ortlieb', 'description': 'actor'}, {'name': 'Ernest Perry Jr.', 'description': 'actor'}, {'name': 'Al Leong', 'description': 'actor'}, {'name': 'David Foster', 'description': 'actor'}, {'name': 'Lawrence Turman', 'description': 'actor'}]"
Alice in Wonderland,7/28/1951,"Animation, Fantasy","Disney+, Prime Video",America,Movie,All (G),7.4/10,,"[{'name': 'Clyde Geronimi', 'description': 'director'}, {'name': 'Hamilton Luske', 'description': 'director'}, {'name': 'Wilfred Jackson', 'description': 'director'}, {'name': 'Kathryn Beaumont', 'description': 'actor'}, {'name': 'Ed Wynn', 'description': 'actor'}, {'name': 'Richard Haydn', 'description': 'actor'}, {'name': 'Sterling Holloway', 'description': 'actor'}, {'name': 'Jerry Colonna', 'description': 'actor'}, {'name': 'Verna Felton', 'description': 'actor'}, {'name': ""J. Pat O'Malley"", 'description': 'actor'}, {'name': 'Bill Thompson', 'description': 'actor'}, {'name': 'Heather Angel', 'description': 'actor'}, {'name': 'Joseph Kearns', 'description': 'actor'}, {'name': 'Larry Grey', 'description': 'actor'}, {'name': 'Queenie Leonard', 'description': 'actor'}, {'name': 'Dink Trout', 'description': 'actor'}, {'name': 'Doris Lloyd', 'description': 'actor'}, {'name': 'James MacDonald', 'description': 'actor'}, {'name': 'Thurl Ravenscroft', 'description': 'actor'}, {'name': 'Bill Lee', 'description': 'actor'}, {'name': 'Max Smith', 'description': 'actor'}, {'name': 'Bob Hamlin', 'description': 'actor'}, {'name': 'Don Barclay', 'description': 'actor'}, {'name': 'Lucille Bliss', 'description': 'actor'}]"
Ebola: The Story,1/1/2018,,Prime Video ,,Movie,,,,[]
The Last Survivors,1/27/2019,"Documentary, History","Kanopy, Prime Video",United Kingdom,Movie,,7.5/10,,"[{'name': 'Arthur Cary', 'description': 'director'}, {'name': 'Ivor Perl', 'description': 'actor'}, {'name': 'Anita Lasker-Wallfisch', 'description': 'actor'}, {'name': 'Susan Pollack', 'description': 'actor'}, {'name': 'Maurice Blik', 'description': 'actor'}, {'name': 'Samuel Dresner', 'description': 'actor'}, {'name': 'Zigi Shipper', 'description': 'actor'}, {'name': 'Lydia Tischler', 'description': 'actor'}, {'name': 'Janine Webber', 'description': 'actor'}, {'name': 'Frank Bright', 'description': 'actor'}, {'name': 'Manfred Goldberg', 'description': 'actor'}, {'name': 'Gabor Lacko', 'description': 'actor'}, {'name': 'Renee Salt', 'description': 'actor'}, {'name': 'Maya Jacobs-Wallfisch', 'description': 'actor'}, {'name': 'Judy Perl', 'description': 'actor'}, {'name': 'Shary Goldberg', 'description': 'actor'}, {'name': 'Cynthia Bright', 'description': 'actor'}, {'name': 'Morgan Matthews', 'description': 'actor'}, {'name': 'Arthur Cary', 'description': 'author'}]"
Live Nude Girls,8/19/2014,"Drama, Comedy","Free Services, Prime Video",America,Movie,,3.8/10,,"[{'name': 'Jay Leggett', 'description': 'director'}, {'name': 'Dave Foley', 'description': 'actor'}, {'name': 'Tera Patrick', 'description': 'actor'}, {'name': 'Andy Dick', 'description': 'actor'}, {'name': 'Asa Akira', 'description': 'actor'}, {'name': 'Mike Hatton', 'description': 'actor'}, {'name': 'Bree Olson', 'description': 'actor'}, {'name': 'Har Mar Superstar', 'description': 'actor'}, {'name': 'Annemarie Pazmino', 'description': 'actor'}, {'name': 'Kristen DeLuca', 'description': 'actor'}, {'name': 'Mindy Robinson', 'description': 'actor'}, {'name': 'Matt Offerman', 'description': 'actor'}, {'name': 'Shaun Parker', 'description': 'actor'}, {'name': 'Christopher Zane Gordon', 'description': 'actor'}, {'name': 'Sam Tripoli', 'description': 'actor'}, {'name': 'Ken Hudson Campbell', 'description': 'actor'}, {'name': 'Mira Carr', 'description': 'actor'}, {'name': 'Missy Martinez', 'description': 'actor'}, {'name': 'Allegra Sophia Leuthold', 'description': 'actor'}, {'name': 'Chris Lorusso', 'description': 'actor'}, {'name': 'Christian Sesma', 'description': 'actor'}, {'name': 'Mark Sherman', 'description': 'actor'}, {'name': 'Asko Akopyan', 'description': 'actor'}, {'name': 'Barry Cohen', 'description': 'actor'}]"
Kroll Show,1/16/2013,Comedy,"Free Services, Prime Video",,TV Show,14+ (TV-14),6.8/10,3,"[{'name': 'Nick Kroll', 'description': 'actor'}, {'name': 'Jon Daly', 'description': 'actor'}, {'name': 'John Mulaney', 'description': 'actor'}, {'name': 'Jenny Slate', 'description': 'actor'}, {'name': 'Nick Kroll', 'description': 'actor'}]"
Borat’s American Lockdown & Debunking Borat,5/25/2021,"Documentary, Comedy","Prime Video, Prime Video",,TV Show,14+ (TV-14),5.4/10,1,"[{'name': 'Sacha Baron Cohen', 'description': 'actor'}, {'name': 'Maria Bakalova', 'description': 'actor'}]"
ToddWorld,11/8/2004,"Family, Animation","Free Services, Prime Video",,TV Show,All (TV-G),7.3/10,2,"[{'name': 'Chantal Strand', 'description': 'actor'}, {'name': 'Peter Kelamis', 'description': 'actor'}]"
Mickey's Twice Upon a Christmas,11/15/2004,"Comedy, Animation","Disney+, Prime Video",America,Movie,All (G),6.4/10,,"[{'name': 'Carole Holliday', 'description': 'director'}, {'name': ""Matthew O'Callaghan"", 'description': 'director'}, {'name': 'Peggy Holmes', 'description': 'director'}, {'name': 'Theresa Cullen', 'description': 'director'}, {'name': 'Wayne Allwine', 'description': 'actor'}, {'name': 'Tony Anselmo', 'description': 'actor'}, {'name': 'Bill Farmer', 'description': 'actor'}, {'name': 'Jim Cummings', 'description': 'actor'}, {'name': 'Tress MacNeille', 'description': 'actor'}, {'name': 'Jeff Bennett', 'description': 'actor'}, {'name': 'Jason Marsden', 'description': 'actor'}, {'name': 'Chuck McCann', 'description': 'actor'}, {'name': 'Clive Revill', 'description': 'actor'}, {'name': 'Russi Taylor', 'description': 'actor'}, {'name': 'Alan Young', 'description': 'actor'}, {'name': 'Gregg Berger', 'description': 'actor'}, {'name': 'Cork Hubbert', 'description': 'actor'}, {'name': 'Kellie Martin', 'description': 'actor'}, {'name': 'Edie McClurg', 'description': 'actor'}, {'name': 'Rob Paulsen', 'description': 'actor'}, {'name': 'Peter Siragusa', 'description': 'actor'}, {'name': 'Gene Weygandt', 'description': 'actor'}, {'name': 'April Winchell', 'description': 'actor'}, {'name': 'Pam Marsden', 'description': 'actor'}]"
Day of the Warrior,2/14/1996,"Action & Adventure, Thriller","Free Services, Prime Video",America,Movie,18+ (R),3.7/10,,"[{'name': 'Andy Sidaris', 'description': 'director'}, {'name': 'Shae Marks', 'description': 'actor'}, {'name': 'Julie Strain', 'description': 'actor'}, {'name': 'Julie K. Smith', 'description': 'actor'}, {'name': 'Cristian Letelier', 'description': 'actor'}, {'name': 'Raye Hollitt', 'description': 'actor'}, {'name': 'Marcus Bagwell', 'description': 'actor'}, {'name': 'Rodrigo Obregón', 'description': 'actor'}, {'name': 'Justin Melvey', 'description': 'actor'}, {'name': 'Gerald Okamura', 'description': 'actor'}, {'name': 'Kevin Light', 'description': 'actor'}, {'name': 'Richard Cansino', 'description': 'actor'}, {'name': 'Cassidy Phillips', 'description': 'actor'}, {'name': 'Tammy Parks', 'description': 'actor'}, {'name': 'Darren Wise', 'description': 'actor'}, {'name': 'Ted Prior', 'description': 'actor'}, {'name': 'Carolyn Liu', 'description': 'actor'}, {'name': 'Kevin Eastman', 'description': 'actor'}, {'name': 'Christiva Turner', 'description': 'actor'}, {'name': 'Arlene Sidaris', 'description': 'actor'}, {'name': 'Christian Drew Sidaris', 'description': 'actor'}, {'name': 'Andy Sidaris', 'description': 'author'}, {'name': 'Ron Di Iulio', 'description': 'actor'}]"
"Volo, House of Cars",9/10/2017,Reality,"Free Services, Prime Video",,TV Show,,5.2/10,1,[]
Jon Imber's Left Hand,4/1/2014,"Biography, Documentary","Free Services, Prime Video",America,Movie,,8.1/10,,"[{'name': 'Richard Kane', 'description': 'director'}, {'name': 'Richard Kane', 'description': 'actor'}, {'name': 'Cleo Wilson', 'description': 'actor'}, {'name': 'John D. Eraklis', 'description': 'actor'}, {'name': 'Musa Mayer', 'description': 'actor'}, {'name': 'Robin Scheuer', 'description': 'actor'}, {'name': 'Richard Kane', 'description': 'author'}, {'name': 'Paul Stookey', 'description': 'actor'}, {'name': 'Peter Askim', 'description': 'actor'}]"
Too Scared to Scream,1/4/1985,"Horror, Thriller","Prime Video, Prime Video",,Movie,18+ (R),10-May,,"[{'name': 'Tony Lo Bianco', 'description': 'director'}, {'name': 'Mike Connors', 'description': 'actor'}, {'name': 'Anne Archer', 'description': 'actor'}, {'name': 'Leon Isaac Kennedy', 'description': 'actor'}, {'name': 'Ian McShane', 'description': 'actor'}, {'name': 'Ruth Ford', 'description': 'actor'}, {'name': 'John Heard', 'description': 'actor'}, {'name': 'Carrie Nye', 'description': 'actor'}, {'name': ""Maureen O'Sullivan"", 'description': 'actor'}, {'name': 'Murray Hamilton', 'description': 'actor'}, {'name': 'Val Avery', 'description': 'actor'}, {'name': 'Chet Doherty', 'description': 'actor'}, {'name': 'Karen Rushmore', 'description': 'actor'}, {'name': 'Sully Boyar', 'description': 'actor'}, {'name': 'Harry Madsen', 'description': 'actor'}, {'name': 'Beeson Carroll', 'description': 'actor'}, {'name': 'Yvonne Talton Kersey', 'description': 'actor'}, {'name': 'Victoria Bass', 'description': 'actor'}, {'name': 'Glenn Leopold', 'description': 'author'}, {'name': 'Neal Barbera', 'description': 'author'}, {'name': 'Georges Garvarentz', 'description': 'actor'}]"
A Guy Called Dad,,"Biography, Documentary",Prime Video ,,Movie,,10-Jul,,[]
Adventure,12/28/1945,"Comedy, Romance",Prime Video ,America,Movie,,6.2/10,,"[{'name': 'Victor Fleming', 'description': 'director'}, {'name': 'Clark Gable', 'description': 'actor'}, {'name': 'Greer Garson', 'description': 'actor'}, {'name': 'Joan Blondell', 'description': 'actor'}, {'name': 'Thomas Mitchell', 'description': 'actor'}, {'name': 'Tom Tully', 'description': 'actor'}, {'name': 'John Qualen', 'description': 'actor'}, {'name': 'Richard Haydn', 'description': 'actor'}, {'name': 'Lina Romay', 'description': 'actor'}, {'name': 'Philip Merivale', 'description': 'actor'}, {'name': 'Harry Davenport', 'description': 'actor'}, {'name': 'Tito Renaldo', 'description': 'actor'}, {'name': 'Morris Ankrum', 'description': 'actor'}, {'name': 'Barbara Billingsley', 'description': 'actor'}, {'name': 'Betty Blythe', 'description': 'actor'}, {'name': 'Bess Flowers', 'description': 'actor'}, {'name': 'Dorothy Granger', 'description': 'actor'}, {'name': ""Robert Emmett O'Connor"", 'description': 'actor'}, {'name': 'Ray Teal', 'description': 'actor'}, {'name': 'Martha Wentworth', 'description': 'actor'}, {'name': 'Byron Foulger', 'description': 'actor'}, {'name': 'Dick Elliott', 'description': 'actor'}, {'name': 'Sam Zimbalist', 'description': 'actor'}, {'name': 'Clyde Brion Davis', 'description': 'author'}]"
San Pietro Island,4/1/2020,,Prime Video ,,Movie,,,,[]
Terra Willy,5/13/2022,"Animation, Comedy","Hulu, Prime Video",France,Movie,7+ (PG),6.6/10,,"[{'name': 'Eric Tosti', 'description': 'director'}, {'name': 'Timothé Vom Dorp', 'description': 'actor'}, {'name': 'Edouard Baer', 'description': 'actor'}, {'name': 'Marie-Eugénie Maréchal', 'description': 'actor'}, {'name': 'Guillaume Lebon', 'description': 'actor'}, {'name': 'Barbara Tissier', 'description': 'actor'}, {'name': 'Jean-François Tosti', 'description': 'actor'}, {'name': 'David Alaux', 'description': 'author'}, {'name': 'Eric Tosti', 'description': 'author'}, {'name': 'Jean-François Tosti', 'description': 'author'}, {'name': 'Olivier Cussac', 'description': 'actor'}]"
Be Natural: The Untold Story of Alice Guy-Blaché,12/7/2018,"Biography, Documentary","Kanopy, Prime Video",America,Movie,,7.7/10,,"[{'name': 'Pamela B. Green', 'description': 'director'}, {'name': 'Jodie Foster', 'description': 'actor'}, {'name': 'Richard Abel', 'description': 'actor'}, {'name': 'Marc Abraham', 'description': 'actor'}, {'name': 'Stephanie Allain', 'description': 'actor'}, {'name': 'Gillian Armstrong', 'description': 'actor'}, {'name': 'John Bailey', 'description': 'actor'}, {'name': 'Cari Beauchamp', 'description': 'actor'}, {'name': 'Lake Bell', 'description': 'actor'}, {'name': 'Peter Billingsley', 'description': 'actor'}, {'name': 'James Bobin', 'description': 'actor'}, {'name': 'Serge Bromberg', 'description': 'actor'}, {'name': 'Kevin Brownlow', 'description': 'actor'}, {'name': 'Jon M. Chu', 'description': 'actor'}, {'name': 'Diablo Cody', 'description': 'actor'}, {'name': 'Bobby Cohen', 'description': 'actor'}, {'name': 'Howard Cohen', 'description': 'actor'}, {'name': 'Susan Constantine', 'description': 'actor'}, {'name': 'Julie Corman', 'description': 'actor'}, {'name': 'Robert Dassanowsky', 'description': 'actor'}, {'name': 'Julie Delpy', 'description': 'actor'}, {'name': 'Geena Davis', 'description': 'actor'}, {'name': 'Pamela B. Green', 'description': 'actor'}, {'name': 'Geralyn White Dreyfous', 'description': 'actor'}]"
The Cheetah Girls,8/15/2003,"Comedy, Drama","Disney+, Prime Video",Canada,Movie,All (G),4.7/10,,"[{'name': 'Oz Scott', 'description': 'director'}, {'name': 'Raven-Symoné', 'description': 'actor'}, {'name': 'Adrienne Bailon-Houghton', 'description': 'actor'}, {'name': 'Kiely Williams', 'description': 'actor'}, {'name': 'Sabrina Bryan', 'description': 'actor'}, {'name': 'Lynn Whitfield', 'description': 'actor'}, {'name': 'Sandra Caldwell', 'description': 'actor'}, {'name': 'Juan Chioran', 'description': 'actor'}, {'name': 'Lori Alter', 'description': 'actor'}, {'name': 'Kyle Schmid', 'description': 'actor'}, {'name': 'Denton Rowe', 'description': 'actor'}, {'name': 'Vince Corazza', 'description': 'actor'}, {'name': 'Linette Robinson', 'description': 'actor'}, {'name': 'Kyle Saunders', 'description': 'actor'}, {'name': 'Rothaford Gray', 'description': 'actor'}, {'name': 'My Anh Tran', 'description': 'actor'}, {'name': 'Kim Roberts', 'description': 'actor'}, {'name': 'Vanessa Thompson', 'description': 'actor'}, {'name': 'Cheryl Hill', 'description': 'actor'}, {'name': 'Jacqueline George', 'description': 'actor'}, {'name': 'Whitney Houston', 'description': 'actor'}, {'name': 'Alison Taylor', 'description': 'author'}]"
A Deadly Legend,7/24/2020,Horror,"Free Services, Prime Video",,Movie,,2.6/10,,"[{'name': 'Pamela Moriarty', 'description': 'director'}, {'name': 'Lori Petty', 'description': 'actor'}, {'name': 'Corbin Bernsen', 'description': 'actor'}, {'name': 'Judd Hirsch', 'description': 'actor'}, {'name': 'Summer Crockett Moore', 'description': 'actor'}, {'name': 'Kristen Anne Ferraro', 'description': 'actor'}, {'name': 'Steven Hauck', 'description': 'actor'}, {'name': 'Jeffrey Doornbos', 'description': 'actor'}, {'name': 'Wayne Pyle', 'description': 'actor'}, {'name': 'John Pope', 'description': 'actor'}, {'name': 'Eric Wolf', 'description': 'actor'}, {'name': 'Dwayne A. Thomas', 'description': 'actor'}, {'name': 'Shravan Amin', 'description': 'actor'}, {'name': 'Andee Buccheri', 'description': 'actor'}, {'name': 'Eric Wolf', 'description': 'author'}]"
Scooby-Doo! Frankencreepy,8/19/2014,"Action & Adventure, Animation","HBO MAX, Prime Video",America,Movie,7+ (PG),6.6/10,,"[{'name': 'Paul McEvoy', 'description': 'director'}, {'name': 'Casey Kasem', 'description': 'actor'}, {'name': 'John Stephenson', 'description': 'actor'}, {'name': 'Grey DeLisle', 'description': 'actor'}, {'name': 'Matthew Lillard', 'description': 'actor'}, {'name': 'Frank Welker', 'description': 'actor'}, {'name': 'Mindy Cohn', 'description': 'actor'}, {'name': 'Dee Bradley Baker', 'description': 'actor'}, {'name': 'Diedrich Bader', 'description': 'actor'}, {'name': 'Susanne Blakeslee', 'description': 'actor'}, {'name': 'Eric Bauza', 'description': 'actor'}, {'name': 'Jeff Bennett', 'description': 'actor'}, {'name': 'Fred Tatasciore', 'description': 'actor'}, {'name': 'Kevin Michael Richardson', 'description': 'actor'}, {'name': 'Corey Burton', 'description': 'actor'}, {'name': 'Candi Milo', 'description': 'actor'}, {'name': 'Paul McEvoy', 'description': 'actor'}, {'name': 'James Krieg', 'description': 'author'}, {'name': 'Andy Sturmer', 'description': 'actor'}]"
Kit ^n^ Kate,1/1/2014,"Animation, Children","Free Services, Prime Video",,TV Show,All (TV-G),6.7/10,2,[]
Vegas Chef Prizefight,3/5/2020,"Food, Reality","Free Services, Prime Video",,TV Show,,6.4/10,1,"[{'name': 'Anne Burrell', 'description': 'actor'}, {'name': 'Eileen Moore', 'description': 'actor'}, {'name': 'Scott Conant', 'description': 'actor'}]"
Dirty Lies,2/23/2016,"Drama, Crime","Free Services, Prime Video",America,Movie,16+,4.4/10,,"[{'name': 'Jamie Marshall', 'description': 'director'}, {'name': 'Tania Raymonde', 'description': 'actor'}, {'name': 'AJ Michalka', 'description': 'actor'}, {'name': 'Lili Simmons', 'description': 'actor'}, {'name': 'Scout Taylor-Compton', 'description': 'actor'}, {'name': 'Keith David', 'description': 'actor'}, {'name': 'Francia Raisa', 'description': 'actor'}, {'name': 'Bryan Callen', 'description': 'actor'}, {'name': 'Mark L. Young', 'description': 'actor'}, {'name': 'Beau Knapp', 'description': 'actor'}, {'name': 'Troy Evans', 'description': 'actor'}, {'name': 'Aqueela Zoll', 'description': 'actor'}, {'name': 'Kevin Porter', 'description': 'actor'}, {'name': 'Fernando Chien', 'description': 'actor'}, {'name': 'Katrina Begin', 'description': 'actor'}, {'name': 'Doug Haley', 'description': 'actor'}, {'name': 'Steve Wilder', 'description': 'actor'}, {'name': 'Jesse Medeles', 'description': 'actor'}, {'name': 'Ilia Yordanov', 'description': 'actor'}, {'name': 'Carlos Javier Castillo', 'description': 'actor'}, {'name': 'Cher Santiago', 'description': 'actor'}, {'name': ""Vito D'Amico"", 'description': 'actor'}, {'name': 'Carol Ann Shine', 'description': 'actor'}, {'name': 'Jamie Marshall', 'description': 'actor'}]"
Deadbolt,6/24/2018,"Drama, Crime","Free Services, Prime Video",,Movie,,,,[]
Death Note,8/25/2017,"Horror, Anime",Netflix,America,Movie,18+ (R),4.5/10,,"[{'name': 'Adam Wingard', 'description': 'director'}, {'name': 'Nat Wolff', 'description': 'actor'}, {'name': 'Lakeith Stanfield', 'description': 'actor'}, {'name': 'Willem Dafoe', 'description': 'actor'}, {'name': 'Margaret Qualley', 'description': 'actor'}, {'name': 'Shea Whigham', 'description': 'actor'}, {'name': 'Paul Nakauchi', 'description': 'actor'}, {'name': 'Jason Liles', 'description': 'actor'}, {'name': 'Michael Shamus Wiles', 'description': 'actor'}, {'name': 'Artin John', 'description': 'actor'}, {'name': 'David S. Jung', 'description': 'actor'}, {'name': 'Tony Ali', 'description': 'actor'}, {'name': 'Christopher Britton', 'description': 'actor'}, {'name': 'Masi Oka', 'description': 'actor'}, {'name': 'Matthew Kevin Anderson', 'description': 'actor'}, {'name': 'Barbara Beall', 'description': 'actor'}, {'name': 'Lia Lam', 'description': 'actor'}, {'name': 'Christian Sloan', 'description': 'actor'}, {'name': 'Jessica McLeod', 'description': 'actor'}, {'name': 'Cole Vigue', 'description': 'actor'}, {'name': 'Olena Medwid', 'description': 'actor'}, {'name': 'Paul McGillion', 'description': 'actor'}, {'name': 'Dan Lin', 'description': 'actor'}, {'name': 'Jason Hoffs', 'description': 'actor'}]"
Outsiders,3/11/2022,"Mystery, Science-Fiction","Hoopla, Prime Video",Australia,Movie,18+ (R),3.7/10,,"[{'name': 'Delmar Washington', 'description': 'director'}, {'name': 'Skylan Brooks', 'description': 'actor'}, {'name': 'Shane West', 'description': 'actor'}, {'name': 'Hart Denton', 'description': 'actor'}, {'name': 'Clark Backo', 'description': 'actor'}, {'name': 'Rutina Wesley', 'description': 'actor'}, {'name': 'Diamond White', 'description': 'actor'}, {'name': 'Zak Stein', 'description': 'actor'}, {'name': 'Michael Shamus Wiles', 'description': 'actor'}, {'name': 'Bill Engvall', 'description': 'actor'}, {'name': 'Taryn Manning', 'description': 'actor'}, {'name': 'Tucker Morgan', 'description': 'author'}]"
Date and Switch,2/14/2014,"Drama, Comedy","Free Services, Prime Video",America,Movie,18+ (R),5.7/10,,"[{'name': 'Chris Nelson', 'description': 'director'}, {'name': 'Nicholas Braun', 'description': 'actor'}, {'name': 'Hunter Cope', 'description': 'actor'}, {'name': 'Dakota Johnson', 'description': 'actor'}, {'name': 'Zach Cregger', 'description': 'actor'}, {'name': 'Nick Offerman', 'description': 'actor'}, {'name': 'Gary Cole', 'description': 'actor'}, {'name': 'Megan Mullally', 'description': 'actor'}, {'name': 'Sarah Hyland', 'description': 'actor'}, {'name': 'Brian Geraghty', 'description': 'actor'}, {'name': 'Rob Huebel', 'description': 'actor'}, {'name': 'Wendi McLendon-Covey', 'description': 'actor'}, {'name': 'Aziz Ansari', 'description': 'actor'}, {'name': 'Dustin Ybarra', 'description': 'actor'}, {'name': 'Adam DiMarco', 'description': 'actor'}, {'name': 'Larry Wilmore', 'description': 'actor'}, {'name': 'Ray Santiago', 'description': 'actor'}, {'name': 'Luis Javier', 'description': 'actor'}, {'name': 'Cainan Wiebe', 'description': 'actor'}, {'name': 'Hailey Wiebe', 'description': 'actor'}, {'name': 'Samuel Patrick Chu', 'description': 'actor'}, {'name': 'William Vaughan', 'description': 'actor'}, {'name': 'Alan Yang', 'description': 'author'}]"
Killing for Love,10/27/2016,"Crime, Documentary",Prime Video ,Denmark,Movie,,10-Jul,,"[{'name': 'Karin Steinberger', 'description': 'director'}, {'name': 'Marcus Vetter', 'description': 'director'}, {'name': 'Imogen Poots', 'description': 'actor'}, {'name': 'Daniel Brühl', 'description': 'actor'}, {'name': 'Jens Söring', 'description': 'actor'}, {'name': 'Gail Ball', 'description': 'actor'}, {'name': 'Steven Rosenfield', 'description': 'actor'}, {'name': 'Tom Elliott', 'description': 'actor'}, {'name': 'Ricky Gardner', 'description': 'actor'}, {'name': 'Gail Marshall', 'description': 'actor'}, {'name': 'Chuck Reid', 'description': 'actor'}, {'name': 'Carlos Santos', 'description': 'actor'}, {'name': 'Ed Sulzbach', 'description': 'actor'}, {'name': 'William Sweeney', 'description': 'actor'}, {'name': 'Dave Watson', 'description': 'actor'}, {'name': 'Rich Zorn', 'description': 'actor'}, {'name': 'Karin Steinberger', 'description': 'author'}, {'name': 'Marcus Vetter', 'description': 'author'}, {'name': 'Jens Ole Huerkamp', 'description': 'actor'}]"
Success Is the Best Revenge,5/26/1984,Drama,"Free Services, Prime Video",France,Movie,18+ (R),5.8/10,,"[{'name': 'Jerzy Skolimowski', 'description': 'director'}, {'name': 'Michael York', 'description': 'actor'}, {'name': 'John Hurt', 'description': 'actor'}, {'name': 'Anouk Aimée', 'description': 'actor'}, {'name': 'Michel Piccoli', 'description': 'actor'}, {'name': 'Michal Skolimowski', 'description': 'actor'}, {'name': 'Józef Skolimowski', 'description': 'actor'}, {'name': 'Jane Asher', 'description': 'actor'}, {'name': 'Joanna Szczerbic', 'description': 'actor'}, {'name': 'Tristram Jellinek', 'description': 'actor'}, {'name': 'Hilary Drake', 'description': 'actor'}, {'name': 'Archie Pool', 'description': 'actor'}, {'name': 'Bill Monks', 'description': 'actor'}, {'name': 'Perry Fenwick', 'description': 'actor'}, {'name': 'Mike Sarne', 'description': 'actor'}, {'name': 'Gabor Vernon', 'description': 'actor'}, {'name': 'Ralph Nossek', 'description': 'actor'}, {'name': 'Jerzy Skolimowski', 'description': 'actor'}, {'name': 'Jerzy Skolimowski', 'description': 'author'}]"
Dreamgirls,12/25/2006,"Musical, Drama","HBO, Prime Video",America,Movie,13+ (PG-13),6.5/10,,"[{'name': 'Bill Condon', 'description': 'director'}, {'name': 'Jamie Foxx', 'description': 'actor'}, {'name': 'Beyoncé', 'description': 'actor'}, {'name': 'Eddie Murphy', 'description': 'actor'}, {'name': 'Danny Glover', 'description': 'actor'}, {'name': 'Jennifer Hudson', 'description': 'actor'}, {'name': 'Anika Noni Rose', 'description': 'actor'}, {'name': 'Keith Robinson', 'description': 'actor'}, {'name': 'Sharon Leal', 'description': 'actor'}, {'name': 'Hinton Battle', 'description': 'actor'}, {'name': 'Ken Page', 'description': 'actor'}, {'name': 'Mariah I. Wilson', 'description': 'actor'}, {'name': 'Yvette Cason', 'description': 'actor'}, {'name': 'Ralph Louis Harris', 'description': 'actor'}, {'name': 'Michael-Leon Wooley', 'description': 'actor'}, {'name': 'Loretta Devine', 'description': 'actor'}, {'name': 'John Lithgow', 'description': 'actor'}, {'name': 'John Krasinski', 'description': 'actor'}, {'name': 'Jocko Sims', 'description': 'actor'}, {'name': 'Alexander Folk', 'description': 'actor'}, {'name': 'Esther Scott', 'description': 'actor'}, {'name': 'Laura Bell Bundy', 'description': 'actor'}, {'name': 'David Geffen', 'description': 'actor'}, {'name': 'Laurence Mark', 'description': 'actor'}]"
Take a Giant Step,12/1/1959,"Romance, Drama","Prime Video, Prime Video",America,Movie,,6.9/10,,"[{'name': 'Philip Leacock', 'description': 'director'}, {'name': 'Johnny Nash', 'description': 'actor'}, {'name': 'Estelle Hemsley', 'description': 'actor'}, {'name': 'Ruby Dee', 'description': 'actor'}, {'name': ""Frederick O'Neal"", 'description': 'actor'}, {'name': 'Beah Richards', 'description': 'actor'}, {'name': 'Ellen Holly', 'description': 'actor'}, {'name': 'Paulene Myers', 'description': 'actor'}, {'name': 'Royce Wallace', 'description': 'actor'}, {'name': 'Frances Foster', 'description': 'actor'}, {'name': 'Roy Glenn', 'description': 'actor'}, {'name': 'Dee Pollock', 'description': 'actor'}, {'name': 'Bill Walker', 'description': 'actor'}, {'name': 'Bernie Hamilton', 'description': 'actor'}, {'name': 'Delmar Erickson', 'description': 'actor'}, {'name': 'Sherman Raskin', 'description': 'actor'}, {'name': 'Julius J. Epstein', 'description': 'actor'}, {'name': 'Julius J. Epstein', 'description': 'author'}, {'name': 'Louis S. Peterson', 'description': 'author'}, {'name': 'Jack Marshall', 'description': 'actor'}]"
Pair of Aces,1/1/1990,"Drama, Crime",Free Services,,Movie,7+ (PG),5.2/10,,"[{'name': 'Aaron Lipstadt', 'description': 'director'}, {'name': 'Kris Kristofferson', 'description': 'actor'}, {'name': 'Willie Nelson', 'description': 'actor'}, {'name': 'Rip Torn', 'description': 'actor'}, {'name': 'Lash La Rue', 'description': 'actor'}, {'name': 'Helen Shaver', 'description': 'actor'}, {'name': 'Weasel Forshaw', 'description': 'actor'}, {'name': 'Doris Hargrave', 'description': 'actor'}, {'name': 'Emily Warfield', 'description': 'actor'}, {'name': 'William Fair', 'description': 'actor'}, {'name': 'Sonny Carl Davis', 'description': 'actor'}, {'name': 'Cyrus Yavneh', 'description': 'actor'}, {'name': 'Bud Shrake', 'description': 'author'}, {'name': 'Gary Cartwright', 'description': 'author'}]"
Bittu,4/3/2020,Drama,HBO MAX,India,Movie,,6.7/10,,"[{'name': 'Karishma Dube', 'description': 'director'}, {'name': 'Rani Kumari', 'description': 'actor'}, {'name': 'Renu Kumari', 'description': 'actor'}, {'name': 'Krishna Negi', 'description': 'actor'}, {'name': 'Karishma Dube', 'description': 'author'}]"
Messiah,4/23/2016,"Drama, Horror",Prime Video ,,Movie,,9.3/10,,[]
Reasons of the Heart,1/1/1998,Romance,Hallmark Movies Now,America,Movie,7+ (PG),5.8/10,,"[{'name': 'Rick Jacobson', 'description': 'director'}, {'name': 'Terry Farrell', 'description': 'actor'}, {'name': 'Mimi Kennedy', 'description': 'actor'}, {'name': 'Leon Russom', 'description': 'actor'}, {'name': 'Gloria Dorson', 'description': 'actor'}, {'name': 'Jim Davidson', 'description': 'actor'}]"
"Life, Animated",3/3/2016,"Animation, Documentary","Free Services, Prime Video",America,Movie,7+ (PG),7.4/10,,"[{'name': 'Roger Ross Williams', 'description': 'director'}, {'name': 'Owen Suskind', 'description': 'actor'}, {'name': 'Ron Suskind', 'description': 'actor'}, {'name': 'Jonathan Freeman', 'description': 'actor'}, {'name': 'Gilbert Gottfried', 'description': 'actor'}, {'name': 'Julie Goldman', 'description': 'actor'}, {'name': 'Roger Ross Williams', 'description': 'actor'}, {'name': 'Molly Thompson', 'description': 'actor'}, {'name': 'Robert DeBitetto', 'description': 'actor'}, {'name': 'Robert Sharenow', 'description': 'actor'}, {'name': 'Ron Suskind', 'description': 'actor'}, {'name': 'Dylan Stark', 'description': 'actor'}, {'name': 'T. Griffin', 'description': 'actor'}]"
Shooom's Odyssey,1/29/2020,"Animation, Anime",Kanopy,France,Movie,,7.9/10,,"[{'name': 'Carol Freeman', 'description': 'director'}, {'name': 'Julien Bisaro', 'description': 'director'}, {'name': 'Sonja Rohelder', 'description': 'director'}, {'name': 'Oscar Pauleau', 'description': 'actor'}, {'name': 'Thierry Desroses', 'description': 'actor'}, {'name': 'Prune Bozo', 'description': 'actor'}, {'name': 'Effie Rey', 'description': 'actor'}, {'name': 'Claire Paoletti', 'description': 'author'}, {'name': 'Julien Bisaro', 'description': 'author'}]"
Johnny Cash: The Line: Walking with a Legend,1/1/2008,,Free Services,,Movie,,,,[]
Sinbad and the Minotaur,5/7/2011,"Action & Adventure, Fantasy",Prime Video ,Australia,Movie,,3.1/10,,"[{'name': 'Karl Zwicky', 'description': 'director'}, {'name': 'Manu Bennett', 'description': 'actor'}, {'name': 'Holly Brisley', 'description': 'actor'}, {'name': 'Dimitri Baveas', 'description': 'actor'}, {'name': 'Lily Brown', 'description': 'actor'}, {'name': 'Jim Noble', 'description': 'author'}]"
Generation Zapped,6/16/2017,"Animation, Documentary",Free Services,,Movie,7+ (PG),10-Jul,,"[{'name': 'Sabine El Gemayel', 'description': 'director'}, {'name': 'Carolyn Chen', 'description': 'actor'}, {'name': 'Sabine El Gemayel', 'description': 'actor'}, {'name': 'Sabine El Gemayel', 'description': 'author'}, {'name': 'Jordan Halpern Schwartz', 'description': 'actor'}]"
Superman/Batman: Apocalypse,9/28/2010,"Action & Adventure, Animation","HBO MAX, Prime Video",America,Movie,13+ (PG-13),10-Jul,,"[{'name': 'Lauren Montgomery', 'description': 'director'}, {'name': 'Tim Daly', 'description': 'actor'}, {'name': 'Kevin Conroy', 'description': 'actor'}, {'name': 'Summer Glau', 'description': 'actor'}, {'name': 'Edward Asner', 'description': 'actor'}, {'name': 'Andre Braugher', 'description': 'actor'}, {'name': 'Susan Eisenberg', 'description': 'actor'}, {'name': 'Rachel Quaintance', 'description': 'actor'}, {'name': 'Tara Strong', 'description': 'actor'}, {'name': 'Julianne Grossman', 'description': 'actor'}, {'name': 'Bobbie Page', 'description': 'actor'}, {'name': 'Lauren Montgomery', 'description': 'actor'}, {'name': 'Benjamin Melniker', 'description': 'actor'}, {'name': 'Bruce Timm', 'description': 'actor'}, {'name': 'Michael Uslan', 'description': 'actor'}, {'name': 'Sam Register', 'description': 'actor'}, {'name': 'Tab Murphy', 'description': 'author'}, {'name': 'John Paesano', 'description': 'actor'}]"
Lakota Girls,5/20/2017,"Drama, Family",Free Services,,Movie,,7.4/10,,[]
Death Alley,3/11/2021,,"Free Services, Prime Video",,Movie,,3.2/10,,"[{'name': 'Nicholas Barton', 'description': 'director'}, {'name': 'Delno Ebie', 'description': 'actor'}, {'name': 'Nicholas Barton', 'description': 'actor'}, {'name': 'Corey Cannon', 'description': 'actor'}, {'name': 'Julia Grace Anderson', 'description': 'actor'}, {'name': 'Ryan T. Johnson', 'description': 'actor'}, {'name': 'Josh Outzen', 'description': 'actor'}, {'name': 'Justin France', 'description': 'actor'}, {'name': 'Carl Bailey', 'description': 'actor'}, {'name': 'Kaye Brownlee-France', 'description': 'actor'}, {'name': 'Constance Consola', 'description': 'actor'}, {'name': 'Nicholas Barton', 'description': 'author'}]"
Cerise,4/1/2015,"Family, Comedy",Prime Video ,France,Movie,7+ (PG),5.5/10,,"[{'name': 'Jérôme Enrico', 'description': 'director'}, {'name': 'Zoé Adjani', 'description': 'actor'}, {'name': 'Jonathan Zaccaï', 'description': 'actor'}, {'name': 'Tania Vuchkova', 'description': 'actor'}, {'name': 'Pierre Derenne', 'description': 'actor'}, {'name': 'Olivia Côte', 'description': 'actor'}, {'name': 'Mykola Mateshko', 'description': 'actor'}, {'name': 'Emilia Radeva', 'description': 'actor'}, {'name': 'Yavor Ralinov', 'description': 'actor'}, {'name': 'Alain Goldman', 'description': 'actor'}, {'name': 'Irina Gontchar', 'description': 'author'}, {'name': 'Jérôme Enrico', 'description': 'author'}, {'name': 'Marc Chouarain', 'description': 'actor'}, {'name': 'Michel Ochowiak', 'description': 'actor'}]"
Live Nude Girls Unite!,10/6/2000,"Drama, Documentary","Fandor, Prime Video",America,Movie,,6.4/10,,"[{'name': 'Julia Query', 'description': 'director'}, {'name': 'Vicky Funari', 'description': 'director'}, {'name': 'Siobhan Brooks', 'description': 'actor'}]"
Wellington Bomber,9/14/2010,Documentary,Free Services,,Movie,,7.9/10,,[]
Outfoxed: Rupert Murdoch's War on Journalism,7/14/2004,Documentary,"Free Services, Prime Video",America,Movie,,7.5/10,,"[{'name': 'Robert Greenwald', 'description': 'director'}, {'name': 'Christiane Amanpour', 'description': 'actor'}, {'name': 'George W. Bush', 'description': 'actor'}, {'name': 'George Carlin', 'description': 'actor'}, {'name': 'Tom Brokaw', 'description': 'actor'}, {'name': 'Harry Belafonte', 'description': 'actor'}, {'name': 'Neil Cavuto', 'description': 'actor'}, {'name': 'Al Franken', 'description': 'actor'}, {'name': ""Bill O'Reilly"", 'description': 'actor'}, {'name': 'Jon Stewart', 'description': 'actor'}, {'name': 'Richard Clarke', 'description': 'actor'}, {'name': 'Robert Greenwald', 'description': 'actor'}]"
I Am Slave,1/1/2010,"Drama, Thriller","Free Services, Prime Video",,Movie,,6.7/10,,"[{'name': 'Gabriel Range', 'description': 'director'}, {'name': 'Wunmi Mosaku', 'description': 'actor'}, {'name': 'Isaach De Bankolé', 'description': 'actor'}, {'name': 'Nyokabi Gethaiga', 'description': 'actor'}, {'name': 'Igal Naor', 'description': 'actor'}, {'name': 'Nasser Memarzia', 'description': 'actor'}, {'name': 'Sirine Saba', 'description': 'actor'}, {'name': 'Farzana Dua Elahe', 'description': 'actor'}, {'name': 'Liza Marshall', 'description': 'actor'}, {'name': 'Jeremy Brock', 'description': 'author'}]"
Robot World,9/13/2015,"Mystery, Science-Fiction","Free Services, Prime Video",United Kingdom,Movie,,3.8/10,,"[{'name': 'Neil Rowe', 'description': 'director'}, {'name': 'Ian Rowe', 'description': 'actor'}, {'name': 'Tamsyn Pickford', 'description': 'actor'}, {'name': 'Claire Soper', 'description': 'actor'}, {'name': 'Lisa Mitchell', 'description': 'actor'}, {'name': 'Amanda Rowe', 'description': 'actor'}, {'name': 'Neil Rowe', 'description': 'actor'}, {'name': 'Jacob Peter Rowe', 'description': 'actor'}, {'name': 'Paul Soper', 'description': 'actor'}, {'name': 'Tony Mitchell', 'description': 'actor'}, {'name': 'Alex Soper', 'description': 'actor'}, {'name': 'Izzy Soper', 'description': 'actor'}, {'name': 'Olivia Mitchell', 'description': 'actor'}, {'name': 'Amanda Rowe', 'description': 'actor'}, {'name': 'Neil Rowe', 'description': 'actor'}, {'name': 'Jason Price', 'description': 'actor'}, {'name': 'Neil Rowe', 'description': 'author'}]"
The Horse Dancer,1/7/2017,"Sport, Romance","Free Services, Prime Video",,Movie,All (G),4.5/10,,"[{'name': 'Joel Paul Reisig', 'description': 'director'}, {'name': 'Richard Karn', 'description': 'actor'}, {'name': 'Jason London', 'description': 'actor'}, {'name': 'Sophie Bolen', 'description': 'actor'}, {'name': 'Kristen Ryda', 'description': 'actor'}, {'name': 'Rachel Sowers', 'description': 'actor'}, {'name': 'Kristin Mellian', 'description': 'actor'}, {'name': 'Carl Harry Carlson', 'description': 'actor'}]"
The Wonder Years,1/31/1988,"Family, Comedy",Free Services,America,TV Show,7+ (TV-PG),8.4/10,6,"[{'name': 'Fred Savage', 'description': 'actor'}, {'name': 'Dan Lauria', 'description': 'actor'}, {'name': 'Alley Mills', 'description': 'actor'}, {'name': ""Olivia d'Abo"", 'description': 'actor'}, {'name': 'Jason Hervey', 'description': 'actor'}, {'name': 'Danica McKellar', 'description': 'actor'}, {'name': 'Josh Saviano', 'description': 'actor'}, {'name': 'Daniel Stern', 'description': 'actor'}, {'name': 'Bob Stevens', 'description': 'actor'}, {'name': 'David Chambers', 'description': 'actor'}, {'name': 'Jill Gordon', 'description': 'actor'}, {'name': 'Ken Topolsky', 'description': 'actor'}, {'name': 'Kerry Ehrin', 'description': 'actor'}, {'name': 'Matthew Carlson', 'description': 'actor'}, {'name': 'Michael Dinner', 'description': 'actor'}, {'name': 'Steve Miner', 'description': 'actor'}, {'name': 'Bob Brush', 'description': 'actor'}, {'name': 'Carol Black', 'description': 'actor'}, {'name': 'Neal Marlens', 'description': 'actor'}, {'name': 'Carol Black', 'description': 'actor'}, {'name': 'Neal Marlens', 'description': 'actor'}]"
Nbisiing,10/5/2020,,Prime Video ,,Movie,,,,"[{'name': 'Cole Forrest', 'description': 'director'}, {'name': 'Cole Forrest', 'description': 'author'}]"
Secuestro Express,6/1/2004,"Action & Adventure, Drama",Prime Video ,Venezuela,Movie,18+ (R),6.4/10,,"[{'name': 'Jonathan Jakubowicz', 'description': 'director'}, {'name': 'Mía Maestro', 'description': 'actor'}, {'name': 'Rubén Blades', 'description': 'actor'}, {'name': 'Carlos Julio Molina', 'description': 'actor'}, {'name': 'Pedro Perez', 'description': 'actor'}, {'name': 'Carlos Madera', 'description': 'actor'}, {'name': 'Jean Paul Leroux', 'description': 'actor'}, {'name': 'Miguelangel Landa', 'description': 'actor'}, {'name': 'Jonathan Jakubowicz', 'description': 'author'}]"
Monica The Medium,8/25/2015,"Reality, Fantasy",Prime Video ,,TV Show,14+ (TV-14),5.3/10,2,[]
Haunted,11/24/2017,"Drama, Crime",Prime Video ,Norway,Movie,,4.8/10,,"[{'name': 'Carl Christian Raabe', 'description': 'director'}, {'name': 'Synnøve Macody Lund', 'description': 'actor'}, {'name': 'Ebba Steenstrup Såheim', 'description': 'actor'}, {'name': 'Ken Vedsegaard', 'description': 'actor'}, {'name': 'Robert Skjærstad', 'description': 'actor'}, {'name': 'Jorunn Kjellsby', 'description': 'actor'}, {'name': 'Pål Espen Kilstad', 'description': 'actor'}, {'name': 'Ola Otnes', 'description': 'actor'}, {'name': 'Eduardo Garcia-Drageseth', 'description': 'actor'}, {'name': 'Cecilie Jørstad', 'description': 'actor'}, {'name': 'Jan Alfred Sandven', 'description': 'actor'}, {'name': 'Nicolai Moland', 'description': 'actor'}, {'name': 'Maja Lunde', 'description': 'author'}]"
Poster Boys,9/8/2017,Comedy,Netflix,India,Movie,13+ (PG-13),5.4/10,,"[{'name': 'Shreyas Talpade', 'description': 'director'}, {'name': 'Sunny Deol', 'description': 'actor'}, {'name': 'Bobby Deol', 'description': 'actor'}, {'name': 'Shreyas Talpade', 'description': 'actor'}, {'name': 'Randheer Rai', 'description': 'actor'}, {'name': 'Sonali Kulkarni', 'description': 'actor'}, {'name': 'Somesh Agarwal', 'description': 'actor'}, {'name': 'Tasha Bhambra', 'description': 'actor'}, {'name': 'Samrat Raichand', 'description': 'actor'}, {'name': 'Tripti Dimri', 'description': 'actor'}, {'name': 'Sneha Rajani', 'description': 'actor'}, {'name': 'Tanishk Bagchi', 'description': 'actor'}]"
Crush,11/12/2009,"Romance, Drama",Fandor,America,Movie,,5.5/10,,"[{'name': 'Michael J. Saul', 'description': 'director'}, {'name': 'Randy Bautista', 'description': 'actor'}, {'name': 'Seriina Covarrubias', 'description': 'actor'}, {'name': 'Yan Cui', 'description': 'actor'}, {'name': 'Jorge Diaz', 'description': 'actor'}, {'name': 'Sean Edwards', 'description': 'actor'}, {'name': 'Nicky Endres', 'description': 'actor'}, {'name': 'Kyle Fain', 'description': 'actor'}, {'name': 'Edwin Kho', 'description': 'actor'}, {'name': 'Megan Lee', 'description': 'actor'}, {'name': 'Roman Marshanski', 'description': 'actor'}, {'name': 'Paul Martinez', 'description': 'actor'}, {'name': 'Michael Massei', 'description': 'actor'}, {'name': 'Michael J. Saul', 'description': 'author'}]"
"I, Paul",,"Drama, Biography",Prime Video ,,Movie,,7.9/10,,[]
The Killing Jar,5/27/1997,"Thriller, Drama",Free Services,America,Movie,18+ (R),4.4/10,,"[{'name': 'Evan Crooke', 'description': 'director'}, {'name': 'Brett Cullen', 'description': 'actor'}, {'name': 'Tamlyn Tomita', 'description': 'actor'}, {'name': 'Xander Berkeley', 'description': 'actor'}, {'name': 'Tom Bower', 'description': 'actor'}, {'name': 'Brion James', 'description': 'actor'}, {'name': 'Frank McRae', 'description': 'actor'}, {'name': 'John Philbin', 'description': 'actor'}, {'name': 'Wes Studi', 'description': 'actor'}, {'name': 'M. Emmet Walsh', 'description': 'actor'}, {'name': 'Shelly Strong', 'description': 'actor'}, {'name': 'Stanley T. Crooke', 'description': 'actor'}, {'name': 'Mark Mullin', 'description': 'author'}]"
Sin,7/17/2021,Horror,"Free Services, Prime Video",America,Movie,,5.5/10,,"[{'name': 'Don Tjernagel', 'description': 'director'}, {'name': 'Don Tjernagel', 'description': 'actor'}, {'name': 'Matt Lee Ingebritson', 'description': 'actor'}, {'name': 'Clint Boevers', 'description': 'actor'}, {'name': 'Brodie Blubaugh', 'description': 'actor'}]"
Stalked by My Mother,9/26/2016,"Mystery, Thriller",Prime Video ,America,Movie,16+,5.1/10,,"[{'name': 'Doug Campbell', 'description': 'director'}, {'name': 'Jennifer Taylor', 'description': 'actor'}, {'name': 'Danielle C. Ryan', 'description': 'actor'}, {'name': 'Mia Topalian', 'description': 'actor'}, {'name': 'Skye McDonald', 'description': 'actor'}, {'name': 'Ted Jonas', 'description': 'actor'}, {'name': 'Juliana Destefano', 'description': 'actor'}, {'name': 'Mim Drew', 'description': 'actor'}, {'name': 'Amelia Fischer', 'description': 'actor'}, {'name': 'Spencer Neville', 'description': 'actor'}, {'name': 'Leith M. Burke', 'description': 'actor'}, {'name': 'Kevin Scott Allen', 'description': 'actor'}, {'name': 'Devante Winfrey', 'description': 'actor'}, {'name': 'Joe Hackett', 'description': 'actor'}, {'name': 'Susan Beaubian', 'description': 'actor'}, {'name': 'Thomas Silcott', 'description': 'actor'}, {'name': 'Tina Martin', 'description': 'actor'}, {'name': 'Shae Smolik', 'description': 'actor'}, {'name': 'Brian McGovern', 'description': 'actor'}, {'name': 'Sergio Carmona', 'description': 'actor'}, {'name': 'Doug Campbell', 'description': 'author'}]"
Return to Cuba,6/13/2016,"Biography, Documentary","Kanopy, Prime Video",Canada,Movie,,8.3/10,,"[{'name': 'David Fabrega', 'description': 'director'}]"
Chemical Wedding,5/4/2008,"Mystery, Horror",Prime Video ,United Kingdom,Movie,,4.7/10,,"[{'name': 'Julian Doyle', 'description': 'director'}, {'name': 'Simon Callow', 'description': 'actor'}, {'name': 'John Shrapnel', 'description': 'actor'}, {'name': 'Kal Weber', 'description': 'actor'}, {'name': 'Lucy Cudden', 'description': 'actor'}, {'name': 'Jud Charlton', 'description': 'actor'}, {'name': 'Paul McDowell', 'description': 'actor'}, {'name': 'Geoff Breton', 'description': 'actor'}, {'name': 'Esmé Bianco', 'description': 'actor'}, {'name': 'Terence Bayler', 'description': 'actor'}, {'name': 'Richard Franklin', 'description': 'actor'}, {'name': 'Helen Millar', 'description': 'actor'}, {'name': 'Ben Timlett', 'description': 'actor'}, {'name': 'Malcolm Kohll', 'description': 'actor'}, {'name': 'David Pupkewitz', 'description': 'actor'}, {'name': 'Karl Richards', 'description': 'actor'}, {'name': 'Patrick Vien', 'description': 'actor'}, {'name': 'Paul Astrom Andrews', 'description': 'actor'}, {'name': 'Peter Bevan', 'description': 'actor'}, {'name': 'Peter Dale', 'description': 'actor'}, {'name': 'Rod Smallwood', 'description': 'actor'}, {'name': 'Bruce Dickinson', 'description': 'author'}, {'name': 'Julian Doyle', 'description': 'author'}, {'name': 'André Jacquemin', 'description': 'actor'}]"
Todrick,8/31/2015,"Musical, Documentary","Free Services, Prime Video",,TV Show,7+ (TV-PG),7.4/10,1,"[{'name': 'Todrick Hall', 'description': 'actor'}]"
Seduced: Inside the NXIVM Cult,10/18/2020,"Documentary, Crime","Free Services, Prime Video",,TV Show,18+ (TV-MA),7.3/10,1,"[{'name': 'Catherine Oxenberg', 'description': 'actor'}, {'name': 'India Oxenberg', 'description': 'actor'}, {'name': 'Jaclyn Cangro', 'description': 'actor'}, {'name': 'Tabitha Chapman', 'description': 'actor'}, {'name': 'Steve Hassan', 'description': 'actor'}, {'name': 'Janja Lalich', 'description': 'actor'}, {'name': 'Kelly Thiel', 'description': 'actor'}, {'name': 'Ana Biskupljanin', 'description': 'actor'}, {'name': 'Sarah Strunin', 'description': 'actor'}, {'name': 'Tara Anaïse', 'description': 'actor'}, {'name': 'Tracie Laymon', 'description': 'actor'}, {'name': 'Traci Galbraith', 'description': 'actor'}, {'name': 'Alexandra Milchan', 'description': 'actor'}, {'name': 'Cecilia Peck', 'description': 'actor'}, {'name': 'Daniel Voll', 'description': 'actor'}, {'name': 'Inbal B. Lessner', 'description': 'actor'}, {'name': 'India Oxenberg', 'description': 'actor'}]"
Safalta 0 Km,2/14/2020,Drama,Prime Video ,India,Movie,,8.2/10,,"[{'name': 'Akshay Yagnik', 'description': 'director'}, {'name': 'Dharmesh Yelande', 'description': 'actor'}, {'name': 'Nikunj Modi', 'description': 'actor'}, {'name': 'Manisha Thakur', 'description': 'actor'}, {'name': 'Dharmesh Vyas', 'description': 'actor'}, {'name': 'Kurush Deboo', 'description': 'actor'}, {'name': 'Uday Modi', 'description': 'actor'}, {'name': 'Tarun Nihalani', 'description': 'actor'}, {'name': 'Patel Shivani', 'description': 'actor'}, {'name': 'Shivani Joshi', 'description': 'actor'}, {'name': 'Shivam Tiwari', 'description': 'actor'}, {'name': 'Paurvi Joshi', 'description': 'actor'}, {'name': 'Mann Patel', 'description': 'actor'}, {'name': 'Mahi Joshi', 'description': 'actor'}, {'name': 'Krish Soni', 'description': 'actor'}]"
Scheherazade,5/10/1963,"Drama, Action & Adventure","Fandor, Prime Video",France,Movie,,5.6/10,,"[{'name': 'Pierre Gaspard-Huit', 'description': 'director'}, {'name': 'Anna Karina', 'description': 'actor'}, {'name': 'Gérard Barray', 'description': 'actor'}, {'name': 'António Vilar', 'description': 'actor'}, {'name': 'Giuliano Gemma', 'description': 'actor'}, {'name': 'Marilù Tolo', 'description': 'actor'}, {'name': 'Fausto Tozzi', 'description': 'actor'}, {'name': 'Gil Vidal', 'description': 'actor'}, {'name': 'Jorge Mistral', 'description': 'actor'}, {'name': 'Fernando Rey', 'description': 'actor'}, {'name': 'Joëlle LaTour', 'description': 'actor'}, {'name': 'Rafael Albaicín', 'description': 'actor'}, {'name': 'Karamoko Cisse', 'description': 'actor'}, {'name': 'María Calvi', 'description': 'actor'}, {'name': 'José Calvo', 'description': 'actor'}, {'name': 'Félix Fernández', 'description': 'actor'}, {'name': 'María Granada', 'description': 'actor'}, {'name': 'José Manuel Martín', 'description': 'actor'}, {'name': 'Lorella De Luca', 'description': 'actor'}, {'name': 'Jean-Luc Godard', 'description': 'actor'}, {'name': 'Rico López', 'description': 'actor'}, {'name': 'José Gutiérrez Maesso', 'description': 'author'}, {'name': 'Marc-Gilbert Sauvajon', 'description': 'author'}, {'name': 'Pierre Gaspard-Huit', 'description': 'author'}]"
Wayside School,10/1/2005,"Animation, Comedy","Free Services, Prime Video",Canada,Movie,,6.2/10,,"[{'name': 'Riccardo Durante', 'description': 'director'}, {'name': 'Michael Cera', 'description': 'actor'}, {'name': 'Kedar Brown', 'description': 'actor'}, {'name': 'Terry McGurrin', 'description': 'actor'}, {'name': 'Kathy Najimy', 'description': 'actor'}, {'name': 'John Derevlany', 'description': 'author'}, {'name': 'Lin Oliver', 'description': 'author'}]"
Life Imitation,3/22/2017,Documentary,Prime Video ,China,Movie,,7.1/10,,"[{'name': 'Zhou Chen', 'description': 'director'}, {'name': 'Zhou Chen', 'description': 'author'}]"
The Assent,1/9/2020,"Horror, Mystery","Free Services, Prime Video",America,Movie,,4.2/10,,"[{'name': 'Pearry Reginald Teo', 'description': 'director'}, {'name': 'Robert Kazinsky', 'description': 'actor'}, {'name': 'Peter Jason', 'description': 'actor'}, {'name': 'Hannah Ward', 'description': 'actor'}, {'name': 'Caden Dragomer', 'description': 'actor'}, {'name': 'Douglas Spain', 'description': 'actor'}, {'name': 'Eileen Dietz', 'description': 'actor'}, {'name': 'Margarita Reyes', 'description': 'actor'}, {'name': 'Florence Faivre', 'description': 'actor'}, {'name': 'Luca Bleu Darnell', 'description': 'actor'}, {'name': 'William ""Will"" Daubert', 'description': 'actor'}, {'name': 'Megan Henry', 'description': 'actor'}, {'name': 'Austin McMains', 'description': 'actor'}, {'name': 'Lais Pedroso', 'description': 'actor'}, {'name': 'Josh Schultz', 'description': 'actor'}, {'name': 'Sarah Schultz', 'description': 'actor'}, {'name': 'Ashton Riordan Teo', 'description': 'actor'}, {'name': 'Pearry Reginald Teo', 'description': 'author'}]"
The Lucifer Complex,1/1/1978,Science-Fiction,"Free Services, Prime Video",America,Movie,,2.3/10,,"[{'name': 'David L. Hewitt', 'description': 'director'}, {'name': 'Kenneth Hartford', 'description': 'director'}, {'name': 'Robert Vaughn', 'description': 'actor'}, {'name': 'Merrie Lynn Ross', 'description': 'actor'}, {'name': 'Keenan Wynn', 'description': 'actor'}, {'name': 'Aldo Ray', 'description': 'actor'}, {'name': 'Victoria Carroll', 'description': 'actor'}, {'name': 'Kiều Chinh', 'description': 'actor'}, {'name': 'Glenn Ransom', 'description': 'actor'}, {'name': 'Lynn Cartwright', 'description': 'actor'}, {'name': 'Corinne Cole', 'description': 'actor'}, {'name': 'Carol Terry', 'description': 'actor'}, {'name': 'Leo Gordon', 'description': 'actor'}]"
Grindin',8/21/2007,Comedy,"Free Services, Prime Video",,Movie,,3.2/10,,"[{'name': 'Marcello Thedford', 'description': 'director'}, {'name': 'Lawrence B. Adisa', 'description': 'actor'}, {'name': 'Richard Whiten', 'description': 'actor'}, {'name': 'Sam Sarpong', 'description': 'actor'}, {'name': 'Omar Benson Miller', 'description': 'actor'}, {'name': 'Charles Malik Whitfield', 'description': 'actor'}, {'name': 'Marcello Thedford', 'description': 'actor'}, {'name': 'French Stewart', 'description': 'actor'}, {'name': 'Regina King', 'description': 'actor'}, {'name': 'Cynthia Sophiea', 'description': 'actor'}, {'name': 'Michael Zois', 'description': 'actor'}, {'name': 'Kyle Armour', 'description': 'actor'}, {'name': 'Davis Campbell', 'description': 'actor'}, {'name': 'Taka Valentine', 'description': 'actor'}, {'name': 'Ronnie Warner', 'description': 'actor'}, {'name': 'Erin Wiley Sands', 'description': 'actor'}, {'name': 'Malik Barnhardt', 'description': 'actor'}, {'name': 'Kelly Hilaire', 'description': 'actor'}, {'name': 'Harace Carpenter', 'description': 'actor'}, {'name': 'Holly Hindman', 'description': 'actor'}, {'name': 'Angela Antinori', 'description': 'actor'}, {'name': 'Karim Mahmud', 'description': 'actor'}, {'name': 'Lawrence B. Adisa', 'description': 'actor'}, {'name': 'Malik Barnhardt', 'description': 'actor'}]"
Lesa Lesa,5/16/2003,"Drama, Romance","Prime Video, Prime Video",India,Movie,,6.1/10,,"[{'name': 'Priyadarshan', 'description': 'director'}, {'name': 'Shaam', 'description': 'actor'}, {'name': 'Trisha Krishnan', 'description': 'actor'}, {'name': 'R. Madhavan', 'description': 'actor'}, {'name': 'Vivek', 'description': 'actor'}, {'name': 'Cochin Haneefa', 'description': 'actor'}, {'name': 'Radha Ravi', 'description': 'actor'}, {'name': 'Sreenivasan', 'description': 'actor'}, {'name': 'Mayilsamy', 'description': 'actor'}, {'name': 'Innocent', 'description': 'actor'}, {'name': 'Sathyapriya', 'description': 'actor'}, {'name': 'Fathima Babu', 'description': 'actor'}, {'name': 'Kovai Senthil', 'description': 'actor'}, {'name': 'Nandhu', 'description': 'actor'}, {'name': 'Major Ravi', 'description': 'actor'}, {'name': 'Rajendran', 'description': 'actor'}, {'name': 'Vikram Singh', 'description': 'actor'}, {'name': 'Harris Jayaraj', 'description': 'actor'}]"
Brown's Canyon,11/3/2017,Drama,"Free Services, Prime Video",,Movie,,7.5/10,,"[{'name': 'John Helde', 'description': 'director'}, {'name': 'Sara Rucker Thiessen', 'description': 'actor'}, {'name': 'Eric Jordan', 'description': 'actor'}, {'name': 'Carter Rodriquez', 'description': 'actor'}, {'name': 'Jenn Ruzumna', 'description': 'actor'}, {'name': 'Lisa Every', 'description': 'actor'}, {'name': 'John Helde', 'description': 'author'}]"
The Christmas Gift,12/21/1986,"Action & Adventure, Drama",Free Services,,Movie,,6.5/10,,"[{'name': 'Michael Pressman', 'description': 'director'}, {'name': 'John Denver', 'description': 'actor'}, {'name': 'Jane Kaczmarek', 'description': 'actor'}, {'name': 'Edward Winter', 'description': 'actor'}, {'name': 'Gennie James', 'description': 'actor'}, {'name': 'Pat Corley', 'description': 'actor'}, {'name': 'Mary Wickes', 'description': 'actor'}, {'name': 'James T. Callahan', 'description': 'actor'}, {'name': '柯特伍德·史密斯', 'description': 'actor'}, {'name': 'Anne Haney', 'description': 'actor'}, {'name': 'Christopher Grabenstein', 'description': 'author'}]"
The Second Life of Jamie P,8/16/2019,Documentary,"Free Services, Prime Video",,Movie,,,,"[{'name': 'Roger Sherman', 'description': 'director'}]"
Tidy Tims,2/15/2020,Comedy,"Free Services, Prime Video",America,Movie,,4.9/10,,"[{'name': 'Shane Woodson', 'description': 'director'}, {'name': 'Shane Woodson', 'description': 'actor'}, {'name': 'Rich Williams', 'description': 'actor'}, {'name': 'Jennifer Day', 'description': 'actor'}, {'name': 'Andy Dick', 'description': 'actor'}, {'name': 'Drew Hale', 'description': 'actor'}, {'name': 'Rey Marz', 'description': 'actor'}, {'name': 'Bridget Powers', 'description': 'actor'}, {'name': 'Susan Spano', 'description': 'actor'}, {'name': 'Linda Michaels', 'description': 'actor'}, {'name': 'Jared Levin', 'description': 'actor'}, {'name': 'Mark Taormino', 'description': 'actor'}, {'name': 'Victoria De Mare', 'description': 'actor'}, {'name': 'Elizabeth Langley', 'description': 'actor'}, {'name': 'Laura Meadows', 'description': 'actor'}, {'name': 'Kathy Bell Denton', 'description': 'actor'}, {'name': 'Twana Barnett', 'description': 'actor'}, {'name': 'Cali Morales', 'description': 'actor'}, {'name': 'Britt Prentice', 'description': 'actor'}, {'name': 'Robert E. Weiner', 'description': 'actor'}, {'name': 'Steve Fix', 'description': 'actor'}, {'name': 'Brittannie Bohman', 'description': 'actor'}, {'name': 'Drew Hale', 'description': 'actor'}, {'name': 'Shane Woodson', 'description': 'actor'}]"
"Small Space, Big Style",6/1/2006,Home & Garden,"Discovery+, Prime Video",,TV Show,All (TV-G),5.4/10,5,[]
"The Drew: No Excuse, Just Produce",4/29/2016,"Biography, Documentary","Free Services, Prime Video",,Movie,,7.9/10,,"[{'name': 'Baron Davis', 'description': 'director'}, {'name': 'Chad Gordon', 'description': 'director'}, {'name': 'Kevin Durant', 'description': 'actor'}, {'name': 'DeMar DeRozan', 'description': 'actor'}, {'name': 'Brandon Jennings', 'description': 'actor'}, {'name': 'Baron Davis', 'description': 'actor'}, {'name': 'Baron Davis', 'description': 'actor'}, {'name': 'Chad Gordon', 'description': 'actor'}, {'name': 'Baron Davis', 'description': 'author'}]"
Deathwatch,9/4/2012,Horror,Prime Video ,,Movie,,,,[]
A Billion Lives,5/11/2016,"History, Documentary",Free Services,America,Movie,,10-Aug,,"[{'name': 'Aaron Biebert', 'description': 'director'}, {'name': 'Clive Bates', 'description': 'actor'}, {'name': 'Delon Human', 'description': 'actor'}, {'name': 'Oliver Kershaw', 'description': 'actor'}, {'name': 'Jeff Stiers', 'description': 'actor'}, {'name': 'John Summers', 'description': 'actor'}, {'name': 'Aaron Biebert', 'description': 'actor'}]"
Les Mistons,11/14/1957,Comedy,The Criterion Channel,France,Movie,,7.1/10,,"[{'name': 'François Truffaut', 'description': 'director'}, {'name': 'Gérard Blain', 'description': 'actor'}, {'name': 'Bernadette Lafont', 'description': 'actor'}, {'name': 'Michel François', 'description': 'actor'}, {'name': 'Alain Baldy', 'description': 'actor'}, {'name': 'Robert Bulle', 'description': 'actor'}, {'name': 'Henri Demaegdt', 'description': 'actor'}, {'name': 'Dimitri Moretti', 'description': 'actor'}, {'name': 'Daniel Ricaulx', 'description': 'actor'}, {'name': 'François Truffaut', 'description': 'author'}, {'name': 'Maurice Le Roux', 'description': 'actor'}]"
UFO Chronicles: Cosmic Watergate,1/1/2013,Documentary,"Free Services, Prime Video",,Movie,16+,6.5/10,,[]
House Hunters Renovation,9/23/2012,"Home & Garden, Reality","Free Services, Prime Video",,TV Show,All (TV-G),6.5/10,18,[]
Revenge of the Lost,6/21/2017,"Drama, Horror","Free Services, Prime Video",America,Movie,,3.6/10,,"[{'name': 'Erik Franklin', 'description': 'director'}, {'name': 'Ivey Bronwen', 'description': 'actor'}, {'name': 'Erik Franklin', 'description': 'actor'}, {'name': 'Jerry Nash', 'description': 'actor'}, {'name': 'Jay G. Hill', 'description': 'actor'}, {'name': 'Daniel Husser', 'description': 'author'}, {'name': 'Erik Franklin', 'description': 'author'}]"
Resurgence,,Action & Adventure,Prime Video ,,Movie,,,,[]
Underworld,9/19/2003,"Fantasy, Horror","HBO MAX, Prime Video",Germany,Movie,18+ (R),10-Jul,,"[{'name': 'Len Wiseman', 'description': 'director'}, {'name': 'Kate Beckinsale', 'description': 'actor'}, {'name': 'Scott Speedman', 'description': 'actor'}, {'name': 'Michael Sheen', 'description': 'actor'}, {'name': 'Shane Brolly', 'description': 'actor'}, {'name': 'Bill Nighy', 'description': 'actor'}, {'name': 'Erwin Leder', 'description': 'actor'}, {'name': 'Sophia Myles', 'description': 'actor'}, {'name': 'Robbie Gee', 'description': 'actor'}, {'name': 'Wentworth Miller', 'description': 'actor'}, {'name': 'Kevin Grevioux', 'description': 'actor'}, {'name': 'Zita Görög', 'description': 'actor'}, {'name': 'Scott McElroy', 'description': 'actor'}, {'name': 'Richard Cetrone', 'description': 'actor'}, {'name': 'Mike Mukatis', 'description': 'actor'}, {'name': 'Dennis J. Kozeluh', 'description': 'actor'}, {'name': 'Todd Schneider', 'description': 'actor'}, {'name': 'Sándor Bolla', 'description': 'actor'}, {'name': 'Hank Amos', 'description': 'actor'}, {'name': 'Zsuzsa Barsi', 'description': 'actor'}, {'name': 'Andreas Patton', 'description': 'actor'}, {'name': 'Danny McBride', 'description': 'actor'}, {'name': 'Gary Lucchesi', 'description': 'actor'}, {'name': 'Richard S. Wright', 'description': 'actor'}]"
Ricky Oh: The Animation,10/25/2017,Documentary,Prime Video ,,Movie,,7.2/10,,"[{'name': 'Michael Brown', 'description': 'director'}, {'name': 'Michael Brown', 'description': 'actor'}, {'name': 'Anne Benson', 'description': 'actor'}, {'name': 'Todd Dehring', 'description': 'actor'}, {'name': 'Angela Olson', 'description': 'actor'}]"
Mother's Day,9/3/2018,Drama,BritBox,United Kingdom,Movie,,7.5/10,,"[{'name': ""Fergus O'Brien"", 'description': 'director'}, {'name': 'Anna Maxwell Martin', 'description': 'actor'}, {'name': 'Vicky McClure', 'description': 'actor'}, {'name': 'Daniel Mays', 'description': 'actor'}, {'name': 'David Wilmot', 'description': 'actor'}, {'name': 'Richard Dillane', 'description': 'actor'}, {'name': 'Simone Kirby', 'description': 'actor'}, {'name': 'Patrick Fitzsymons', 'description': 'actor'}, {'name': 'Erin Foley', 'description': 'actor'}, {'name': 'Conor Mullen', 'description': 'actor'}, {'name': 'Anna Healy', 'description': 'actor'}, {'name': 'Carole Moore', 'description': 'actor'}, {'name': 'Fra Gunn', 'description': 'actor'}, {'name': 'Melanie Kilburn', 'description': 'actor'}, {'name': 'Adam Mitchell', 'description': 'actor'}, {'name': 'Noah Valentine', 'description': 'actor'}, {'name': 'Siena Spiro', 'description': 'actor'}, {'name': 'James Quinn Markey', 'description': 'actor'}, {'name': 'Harvey Chaisty', 'description': 'actor'}, {'name': 'Carly Kane', 'description': 'actor'}, {'name': 'Gerard Lee', 'description': 'actor'}, {'name': 'Liam McCheyne', 'description': 'actor'}, {'name': 'Scott Bassett', 'description': 'actor'}, {'name': 'Nick Leather', 'description': 'author'}]"
Laundry Man,4/5/2016,Horror,Free Services,Belgium,Movie,,2.9/10,,"[{'name': 'Johan Vandewoestijne', 'description': 'director'}, {'name': 'Gunther Vanhuysse', 'description': 'actor'}, {'name': 'Ignace Paepe', 'description': 'actor'}, {'name': 'Sharon Slosse', 'description': 'actor'}, {'name': 'Massimiliano Cerchi', 'description': 'actor'}, {'name': 'Vanessa de Largie', 'description': 'actor'}, {'name': 'Ziva Marshall', 'description': 'actor'}, {'name': 'Johan Vandewoestijne', 'description': 'author'}]"
Father's Kingdom,11/11/2017,"Biography, Documentary","Free Services, Prime Video",,Movie,16+,6.9/10,,"[{'name': 'Lenny Feinberg', 'description': 'director'}]"
Nectar,8/22/2020,"Drama, Romance",Free Services,,Movie,,10-Sep,,"[{'name': 'Josh Kidd', 'description': 'director'}, {'name': 'Josh Kidd', 'description': 'actor'}, {'name': 'Maria Mercedes Galuppo', 'description': 'actor'}, {'name': 'Freddie Connor', 'description': 'actor'}, {'name': 'Astante James', 'description': 'actor'}]"
The Weekend,6/28/1999,Drama,Prime Video ,,Movie,,6.1/10,,"[{'name': 'Brian Skeet', 'description': 'director'}, {'name': 'Gena Rowlands', 'description': 'actor'}, {'name': 'Brooke Shields', 'description': 'actor'}, {'name': 'Deborah Kara Unger', 'description': 'actor'}, {'name': 'Jared Harris', 'description': 'actor'}, {'name': 'David Conrad', 'description': 'actor'}, {'name': 'James Duval', 'description': 'actor'}, {'name': 'D. B. Sweeney', 'description': 'actor'}, {'name': 'Gary Dourdan', 'description': 'actor'}, {'name': 'Jessica Morris', 'description': 'actor'}, {'name': 'Ian Benson', 'description': 'actor'}, {'name': 'Brian Skeet', 'description': 'author'}, {'name': 'Peter Cameron', 'description': 'author'}, {'name': 'Dan Jones', 'description': 'actor'}, {'name': 'Sarah Class', 'description': 'actor'}]"
Leona Helmsley: The Queen of Mean,9/23/1990,Drama,Free Services,America,Movie,,6.4/10,,"[{'name': 'Richard Michaels', 'description': 'director'}, {'name': 'Suzanne Pleshette', 'description': 'actor'}, {'name': 'Lloyd Bridges', 'description': 'actor'}, {'name': 'Joe Regalbuto', 'description': 'actor'}, {'name': 'Raymond Singer', 'description': 'actor'}, {'name': 'Bruce Weitz', 'description': 'actor'}, {'name': 'Marcia Diamond', 'description': 'actor'}, {'name': 'Patricia Collins', 'description': 'actor'}, {'name': 'Gale Garnett', 'description': 'actor'}, {'name': 'Lori Hallier', 'description': 'actor'}, {'name': 'Ken James', 'description': 'actor'}, {'name': 'Victoria Snow', 'description': 'actor'}, {'name': 'Eric Donkin', 'description': 'actor'}, {'name': 'Maurice Godin', 'description': 'actor'}, {'name': 'Marvin Goldhar', 'description': 'actor'}, {'name': 'Ransdell Pierson', 'description': 'actor'}, {'name': 'Ransdell Pierson', 'description': 'author'}]"
Irma Vep,11/13/1996,"Drama, Comedy",HBO MAX,France,Movie,,10-Jul,,"[{'name': 'Olivier Assayas', 'description': 'director'}, {'name': 'Maggie Cheung', 'description': 'actor'}, {'name': 'Jean-Pierre Léaud', 'description': 'actor'}, {'name': 'Nathalie Richard', 'description': 'actor'}, {'name': 'Antoine Basler', 'description': 'actor'}, {'name': 'Nathalie Boutefeu', 'description': 'actor'}, {'name': 'Alex Descas', 'description': 'actor'}, {'name': 'Dominique Faysse', 'description': 'actor'}, {'name': 'Arsinée Khanjian', 'description': 'actor'}, {'name': 'Bernard Nissile', 'description': 'actor'}, {'name': 'Olivier Torres', 'description': 'actor'}, {'name': 'Bulle Ogier', 'description': 'actor'}, {'name': 'Lou Castel', 'description': 'actor'}, {'name': 'Jacques Fieschi', 'description': 'actor'}, {'name': 'Estelle Larrivaz', 'description': 'actor'}, {'name': 'Balthazar Clémenti', 'description': 'actor'}, {'name': 'Lara Cowez', 'description': 'actor'}, {'name': 'Dominique Cuny', 'description': 'actor'}, {'name': 'Jessica Doyle', 'description': 'actor'}, {'name': 'Sandra Faure', 'description': 'actor'}, {'name': 'Catherine Ferny', 'description': 'actor'}, {'name': 'Maryel Ferraud', 'description': 'actor'}, {'name': 'Olivier Assayas', 'description': 'author'}, {'name': 'Philippe Richard', 'description': 'actor'}]"
Guess How Much I Love You: The Adventures of Little Nutbrown Hare - An Enchanting Easter,4/11/2019,"Animation, Family",Prime Video ,Australia,Movie,All (G),,,[]
King in the Wilderness,1/22/2018,Documentary,"HBO MAX, Prime Video",America,Movie,16+,7.9/10,,"[{'name': 'Peter W. Kunhardt', 'description': 'director'}, {'name': 'Martin Luther King', 'description': 'actor'}, {'name': 'Joan Baez', 'description': 'actor'}, {'name': 'Harry Belafonte', 'description': 'actor'}, {'name': 'Clarence Jones', 'description': 'actor'}, {'name': 'Bernard LaFayette Jr.', 'description': 'actor'}, {'name': 'Andrew Young', 'description': 'actor'}, {'name': 'C.T. Vivian', 'description': 'actor'}, {'name': 'John Lewis', 'description': 'actor'}, {'name': 'Cleveland Sellars', 'description': 'actor'}, {'name': 'Joseph Califano', 'description': 'actor'}, {'name': 'Diane Nash', 'description': 'actor'}, {'name': 'Dorothy cotton', 'description': 'actor'}, {'name': 'Mary Lou', 'description': 'actor'}, {'name': 'Henry Mitchell', 'description': 'actor'}, {'name': 'Jessie Jackson', 'description': 'actor'}, {'name': 'James Meredith', 'description': 'actor'}, {'name': 'Stokely Carmichael', 'description': 'actor'}, {'name': 'Coretta Scott King', 'description': 'actor'}, {'name': 'Arnold Michaels', 'description': 'actor'}, {'name': 'Robert F. Kennedy', 'description': 'actor'}, {'name': 'Marian Wright Edelman', 'description': 'actor'}, {'name': 'George Kunhardt', 'description': 'actor'}, {'name': 'Teddy Kunhardt', 'description': 'actor'}]"
Quarantine L.A.,3/17/2016,"Science-Fiction, Horror",Free Services,America,Movie,,2.4/10,,"[{'name': 'Filip Maciejewicz', 'description': 'director'}, {'name': 'Bo Linton', 'description': 'actor'}, {'name': 'Eugenia Kuzmina', 'description': 'actor'}, {'name': 'Adrian Voo', 'description': 'actor'}, {'name': 'Adia Dinh', 'description': 'actor'}, {'name': 'Dillaran Martin', 'description': 'actor'}, {'name': 'Lucas Barker', 'description': 'actor'}, {'name': 'Filip Maciejewicz', 'description': 'author'}]"
Unhappy Happy,9/12/2013,"Drama, Comedy",Prime Video ,,Movie,,10-Jul,,[]
Baazigar,11/12/1993,"Crime, Thriller",Prime Video ,India,Movie,13+ (PG-13),7.6/10,,"[{'name': 'Abbas Alibhai Burmawalla', 'description': 'director'}, {'name': 'Mastan Alibhai Burmawalla', 'description': 'director'}, {'name': 'Shah Rukh Khan', 'description': 'actor'}, {'name': 'Kajol', 'description': 'actor'}, {'name': 'Shilpa Shetty Kundra', 'description': 'actor'}, {'name': 'Rakhee Gulzar', 'description': 'actor'}, {'name': 'Dalip Tahil', 'description': 'actor'}, {'name': 'Ananth Narayan Mahadevan', 'description': 'actor'}, {'name': 'Dinesh Hingoo', 'description': 'actor'}, {'name': 'Johnny Lever', 'description': 'actor'}, {'name': 'Siddharth Ray', 'description': 'actor'}, {'name': 'Resham Tipnis', 'description': 'actor'}, {'name': 'Adi Irani', 'description': 'actor'}, {'name': 'Sharad Sankla', 'description': 'actor'}, {'name': 'Daboo Malik', 'description': 'actor'}, {'name': 'Raju Srivastava', 'description': 'actor'}, {'name': 'Ganesh Jain', 'description': 'actor'}, {'name': 'Anu Malik', 'description': 'actor'}]"
The Hustle,4/5/2008,Comedy,"Free Services, Prime Video",America,Movie,18+ (R),4.4/10,,"[{'name': 'Deon Taylor', 'description': 'director'}, {'name': 'Kym Whitley', 'description': 'actor'}, {'name': 'Bai Ling', 'description': 'actor'}, {'name': 'Tamala Jones', 'description': 'actor'}, {'name': 'Tony Cox', 'description': 'actor'}, {'name': 'Charlie Murphy', 'description': 'actor'}, {'name': 'Brigitte Nielsen', 'description': 'actor'}, {'name': 'John Witherspoon', 'description': 'actor'}, {'name': 'David Alan Grier', 'description': 'actor'}, {'name': 'Al Shearer', 'description': 'actor'}, {'name': ""Tom 'Tiny' Lister Jr."", 'description': 'actor'}, {'name': 'Luenell', 'description': 'actor'}, {'name': 'Michael J. Pagan', 'description': 'actor'}, {'name': 'Ellia English', 'description': 'actor'}, {'name': 'Adam Busch', 'description': 'actor'}, {'name': 'Aki Aleong', 'description': 'actor'}, {'name': 'Darrin Henson', 'description': 'actor'}, {'name': 'Jeris Poindexter', 'description': 'actor'}, {'name': 'Koji Kataoka', 'description': 'actor'}, {'name': 'Donald Fullilove', 'description': 'actor'}, {'name': 'Mildred Dumas', 'description': 'actor'}, {'name': 'J.T. Jackson', 'description': 'actor'}, {'name': 'Amberr Washington', 'description': 'actor'}, {'name': 'Deon Taylor', 'description': 'actor'}]"
An Innocent Man,10/6/1989,"Drama, Crime","Hoopla, Prime Video",America,Movie,18+ (R),6.4/10,,"[{'name': 'Peter Yates', 'description': 'director'}, {'name': 'Tom Selleck', 'description': 'actor'}, {'name': 'F. Murray Abraham', 'description': 'actor'}, {'name': 'Laila Robins', 'description': 'actor'}, {'name': 'David Rasche', 'description': 'actor'}, {'name': 'Todd Graff', 'description': 'actor'}, {'name': 'M.C. Gainey', 'description': 'actor'}, {'name': 'Peter Van Norden', 'description': 'actor'}, {'name': 'Richard Young', 'description': 'actor'}, {'name': 'Badja Djola', 'description': 'actor'}, {'name': 'Bruce A. Young', 'description': 'actor'}, {'name': 'James T. Morris', 'description': 'actor'}, {'name': 'Terry Golden', 'description': 'actor'}, {'name': 'Dennis Burkley', 'description': 'actor'}, {'name': 'Charle Landry', 'description': 'actor'}, {'name': 'Tobin Bell', 'description': 'actor'}, {'name': 'Scott Jaeck', 'description': 'actor'}, {'name': 'Holly Fulger', 'description': 'actor'}, {'name': 'Philip Baker Hall', 'description': 'actor'}, {'name': 'J. Kenneth Campbell', 'description': 'actor'}, {'name': 'Jim Ortlieb', 'description': 'actor'}, {'name': 'James Staszkiel', 'description': 'actor'}, {'name': 'Robert W. Cort', 'description': 'actor'}, {'name': 'Ted Field', 'description': 'actor'}]"
Infection,9/5/2005,"Thriller, Horror",Prime Video ,America,Movie,18+ (R),4.1/10,,"[{'name': 'Albert Pyun', 'description': 'director'}, {'name': 'Jenny Dare Paulin', 'description': 'actor'}, {'name': 'Morgan Weisser', 'description': 'actor'}, {'name': 'Alan Abelew', 'description': 'actor'}, {'name': 'Norbert Weisser', 'description': 'actor'}, {'name': ""Laurie O'Brien"", 'description': 'actor'}, {'name': 'Scott Paulin', 'description': 'actor'}, {'name': 'Cynthia Curnan', 'description': 'author'}]"
State Legislature,6/12/2007,Documentary,Kanopy,,Movie,,7.6/10,,"[{'name': 'Frederick Wiseman', 'description': 'director'}]"
Second War Diary - The War Day by Day,6/12/2014,,"Prime Video, Prime Video",,TV Show,,,1,[]
Body and Soul,11/9/1925,"Romance, Drama",Free Services,America,Movie,,6.2/10,,"[{'name': 'Oscar Micheaux', 'description': 'director'}, {'name': 'Paul Robeson', 'description': 'actor'}, {'name': 'Mercedes Gilbert', 'description': 'actor'}, {'name': 'Julia Theresa Russell', 'description': 'actor'}, {'name': 'Marshall Rogers', 'description': 'actor'}, {'name': 'Lawrence Chenault', 'description': 'actor'}, {'name': 'Chester A. Alexander', 'description': 'actor'}, {'name': 'Walter Cornick', 'description': 'actor'}, {'name': 'Oscar Micheaux', 'description': 'actor'}, {'name': 'Oscar Micheaux', 'description': 'author'}]"
Bob Gomel: Eyewitness,9/21/2020,Documentary,Prime Video ,America,Movie,,8.3/10,,"[{'name': 'David Scarbrough', 'description': 'director'}, {'name': 'Bob Gomel', 'description': 'actor'}]"
Doom of Love,6/20/2022,"Drama, Romance",Netflix,,Movie,,4.8/10,,"[{'name': 'Hilal Saral', 'description': 'director'}, {'name': 'Pınar Deniz', 'description': 'actor'}, {'name': 'Boran Kuzum', 'description': 'actor'}, {'name': 'Yiğit Kirazcı', 'description': 'actor'}, {'name': 'Seda Turkmen', 'description': 'actor'}, {'name': 'Musa Uzunlar', 'description': 'actor'}, {'name': 'Zeynep Tokuş', 'description': 'actor'}, {'name': 'Kubilay Karslıoğlu', 'description': 'actor'}, {'name': 'Gürhan Altundasar', 'description': 'actor'}, {'name': 'Orçun Iynemli', 'description': 'actor'}, {'name': 'Burcu Almeman', 'description': 'actor'}, {'name': 'Sermet Yeşil', 'description': 'actor'}, {'name': 'Emir Öner', 'description': 'actor'}, {'name': 'Ayşe Lebriz Berkem', 'description': 'actor'}, {'name': 'Yılmaz Erdoğan', 'description': 'author'}]"
Michiko & Hatchin,10/16/2008,"Action & Adventure, Comedy",Funimation,,TV Show,18+ (TV-MA),7.5/10,1,"[{'name': 'Suzuka Ohgo', 'description': 'actor'}, {'name': 'Maki Yoko', 'description': 'actor'}, {'name': 'Jun Murakami', 'description': 'actor'}, {'name': 'Kanji Tsuda', 'description': 'actor'}, {'name': 'Ken Mitsuishi', 'description': 'actor'}, {'name': 'Maki Sakai', 'description': 'actor'}, {'name': 'Masaki Miura', 'description': 'actor'}, {'name': 'Kaito Arai', 'description': 'actor'}, {'name': 'Hiroomi Sugino', 'description': 'actor'}, {'name': 'Alexandre Kassin', 'description': 'actor'}]"
Fish Tank Kings,5/19/2012,,Prime Video ,,TV Show,,6.1/10,3,[]
Cosmic Sin,3/12/2021,"Science-Fiction, Action & Adventure","Netflix, Prime Video",America,Movie,18+ (R),2.5/10,,"[{'name': 'Edward Drake', 'description': 'director'}, {'name': 'Bruce Willis', 'description': 'actor'}, {'name': 'Adelaide Kane', 'description': 'actor'}, {'name': 'Frank Grillo', 'description': 'actor'}, {'name': 'Lochlyn Munro', 'description': 'actor'}, {'name': 'Costas Mandylor', 'description': 'actor'}, {'name': 'Johnny Messner', 'description': 'actor'}, {'name': 'Brandon Thomas Lee', 'description': 'actor'}, {'name': 'Eva De Dominici', 'description': 'actor'}, {'name': 'Corey Large', 'description': 'actor'}, {'name': 'C.J. Perry', 'description': 'actor'}, {'name': 'Perrey Reeves', 'description': 'actor'}, {'name': 'Trevor Gretzky', 'description': 'actor'}, {'name': 'Robert Laenen', 'description': 'actor'}, {'name': 'Mark Rhynard', 'description': 'actor'}, {'name': 'Austin Humble', 'description': 'actor'}, {'name': 'Tabitha Woodman', 'description': 'actor'}, {'name': 'Everly Large', 'description': 'actor'}, {'name': 'Trevor Brotherton', 'description': 'actor'}, {'name': 'Francis Cronin', 'description': 'actor'}, {'name': 'Eric Daniel Stumpp', 'description': 'actor'}, {'name': 'Michelle L. Williams', 'description': 'actor'}, {'name': 'Corey Large', 'description': 'actor'}, {'name': 'Ali Jazayeri', 'description': 'actor'}]"
Spring,1/1/2011,"Drama, Romance",Kanopy,United Kingdom,Movie,,5.8/10,,"[{'name': 'Hong Khaou', 'description': 'director'}, {'name': ""Chris O'Donnell"", 'description': 'actor'}, {'name': 'Jonathan Keane', 'description': 'actor'}, {'name': 'Hong Khaou', 'description': 'actor'}, {'name': 'Richard Lonsdale', 'description': 'actor'}, {'name': 'Rebecca Mark-Lawson', 'description': 'actor'}, {'name': 'Hong Khaou', 'description': 'author'}]"
The Coldest Game,11/8/2019,"Thriller, Drama",Netflix,Poland,Movie,18+ (R),6.2/10,,"[{'name': 'Łukasz Kośmicki', 'description': 'director'}, {'name': 'Bill Pullman', 'description': 'actor'}, {'name': 'Lotte Verbeek', 'description': 'actor'}, {'name': 'Nicholas Farrell', 'description': 'actor'}, {'name': 'Corey Johnson', 'description': 'actor'}, {'name': 'Robert Więckiewicz', 'description': 'actor'}, {'name': 'James Bloor', 'description': 'actor'}, {'name': 'Aleksey Serebryakov', 'description': 'actor'}, {'name': 'Evgeniy Sidikhin', 'description': 'actor'}, {'name': 'Cezary Kosiński', 'description': 'actor'}, {'name': 'Aleksandr Lobanov', 'description': 'actor'}, {'name': 'Wojciech Mecwaldowski', 'description': 'actor'}, {'name': 'Magdalena Boczarska', 'description': 'actor'}, {'name': 'Andy Beckwith', 'description': 'actor'}, {'name': 'John Benfield', 'description': 'actor'}, {'name': 'Ludwiki Borkowski', 'description': 'actor'}, {'name': 'Małgorzata Klara', 'description': 'actor'}, {'name': 'Ksawery Szlenkier', 'description': 'actor'}, {'name': 'Daniel Baur', 'description': 'actor'}, {'name': 'Krzysztof Terej', 'description': 'actor'}, {'name': 'Piotr Wozniak-Starak', 'description': 'actor'}, {'name': 'Łukasz Kośmicki', 'description': 'author'}, {'name': 'Marcel Sawicki', 'description': 'author'}, {'name': 'Łukasz Targosz', 'description': 'actor'}]"
We Bought a Zoo,12/8/2011,"Comedy, Drama","Disney+, Prime Video",America,Movie,7+ (PG),7.1/10,,"[{'name': 'Cameron Crowe', 'description': 'director'}, {'name': 'Matt Damon', 'description': 'actor'}, {'name': 'Scarlett Johansson', 'description': 'actor'}, {'name': 'Thomas Haden Church', 'description': 'actor'}, {'name': 'Patrick Fugit', 'description': 'actor'}, {'name': 'Colin Ford', 'description': 'actor'}, {'name': 'Elle Fanning', 'description': 'actor'}, {'name': 'Maggie Elizabeth Jones', 'description': 'actor'}, {'name': 'John Michael Higgins', 'description': 'actor'}, {'name': 'Angus Macfadyen', 'description': 'actor'}, {'name': 'Peter Riegert', 'description': 'actor'}, {'name': 'Stephanie Szostak', 'description': 'actor'}, {'name': 'J.B. Smoove', 'description': 'actor'}, {'name': 'Carla Gallo', 'description': 'actor'}, {'name': 'Michael Panes', 'description': 'actor'}, {'name': 'Kym Whitley', 'description': 'actor'}, {'name': 'Todd Stanton', 'description': 'actor'}, {'name': 'Lauren Sánchez', 'description': 'actor'}, {'name': 'Roberto Montesinos', 'description': 'actor'}, {'name': 'Desi Lydic', 'description': 'actor'}, {'name': 'Erick Chavarria', 'description': 'actor'}, {'name': 'Sam Fox', 'description': 'actor'}, {'name': 'Cameron Crowe', 'description': 'actor'}, {'name': 'Julie Yorn', 'description': 'actor'}]"
The United States of Autism,4/5/2013,Family,Free Services,America,Movie,All (G),6.3/10,,"[{'name': 'Richard Everts', 'description': 'director'}]"
The Little Girl Who Lives Down the Lane,12/25/1976,"Mystery, Thriller","Free Services, Prime Video",Canada,Movie,7+ (PG),10-Jul,,"[{'name': 'Nicolas Gessner', 'description': 'director'}, {'name': 'Jodie Foster', 'description': 'actor'}, {'name': 'Martin Sheen', 'description': 'actor'}, {'name': 'Alexis Smith', 'description': 'actor'}, {'name': 'Mort Shuman', 'description': 'actor'}, {'name': 'Scott Jacoby', 'description': 'actor'}, {'name': 'Dorothy Davis', 'description': 'actor'}, {'name': 'Clesson Goodhue', 'description': 'actor'}, {'name': 'Hubert Noël', 'description': 'actor'}, {'name': 'Jacques Famery', 'description': 'actor'}, {'name': 'Mary Morter', 'description': 'actor'}, {'name': 'Julie Wildman', 'description': 'actor'}, {'name': 'Gib Rotherham', 'description': 'actor'}, {'name': 'Zev Braun', 'description': 'actor'}, {'name': 'Zev Braun', 'description': 'actor'}, {'name': 'Alfred Pariser', 'description': 'actor'}, {'name': 'Harold Greenberg', 'description': 'actor'}, {'name': 'Laird Koenig', 'description': 'author'}, {'name': 'Christian Gaubert', 'description': 'actor'}]"
Dorm,2/23/2006,"Horror, Thriller",Kanopy,Thailand,Movie,,6.8/10,,"[{'name': 'Songyos Sugmakanan', 'description': 'director'}, {'name': 'Charlie Trairat', 'description': 'actor'}, {'name': 'Chintara Sukapatana', 'description': 'actor'}, {'name': 'Sirachuch Chienthaworn', 'description': 'actor'}, {'name': 'Suttipong Tudpitakkul', 'description': 'actor'}, {'name': 'Jirat Sukchaloen', 'description': 'actor'}, {'name': 'Thanabodin Sukserisup', 'description': 'actor'}, {'name': 'Pakasit Pantural', 'description': 'actor'}, {'name': 'Nipawan Thaveepornsawand', 'description': 'actor'}, {'name': 'Chantavit Dhanasevi', 'description': 'actor'}, {'name': 'Mez Tharatorn', 'description': 'actor'}, {'name': 'Rachwin Wongviriya', 'description': 'actor'}, {'name': 'Chonlada Tiaosuwan', 'description': 'author'}, {'name': 'Songyos Sugmakanan', 'description': 'author'}, {'name': 'Vanridee Pongsittisak', 'description': 'author'}]"
The Earthing Movie,2/22/2019,Documentary,"Free Services, Prime Video",,Movie,,7.7/10,,[]
Apostasy,9/29/2017,Drama,"Free Services, Prime Video",United Kingdom,Movie,16+,6.9/10,,"[{'name': 'Daniel Kokotajlo', 'description': 'director'}, {'name': 'Siobhan Finneran', 'description': 'actor'}, {'name': 'Sacha Parkinson', 'description': 'actor'}, {'name': 'Molly Wright', 'description': 'actor'}, {'name': 'Robert Emms', 'description': 'actor'}, {'name': 'James Quinn', 'description': 'actor'}, {'name': 'James Foster', 'description': 'actor'}, {'name': 'Jessica Baglow', 'description': 'actor'}, {'name': 'Christian Foster', 'description': 'actor'}, {'name': 'Clare McGlinn', 'description': 'actor'}, {'name': 'Aqib Khan', 'description': 'actor'}, {'name': 'Bronwyn James', 'description': 'actor'}, {'name': 'Wasim Zakir', 'description': 'actor'}, {'name': 'Poppy Jhakra', 'description': 'actor'}, {'name': 'Steve Evets', 'description': 'actor'}, {'name': 'Claire Hackett', 'description': 'actor'}, {'name': 'James Puddephatt', 'description': 'actor'}, {'name': 'Jacqueline Pilton', 'description': 'actor'}, {'name': 'Chris Lindon', 'description': 'actor'}, {'name': 'Peter Slater', 'description': 'actor'}, {'name': 'Lewis Fletcher', 'description': 'actor'}, {'name': 'Harrison Newell-Parker', 'description': 'actor'}, {'name': 'Andrea Cornwell', 'description': 'actor'}, {'name': 'Marcie MacLellan', 'description': 'actor'}]"
Tuscany Beyond Expectations,10/4/2020,,Prime Video ,,Movie,,,,[]
Prince of Foxes,11/11/1949,"Action & Adventure, Drama",Prime Video ,America,Movie,,6.9/10,,"[{'name': 'Henry King', 'description': 'director'}, {'name': 'Tyrone Power', 'description': 'actor'}, {'name': 'Orson Welles', 'description': 'actor'}, {'name': 'Wanda Hendrix', 'description': 'actor'}, {'name': 'Marina Berti', 'description': 'actor'}, {'name': 'Katina Paxinou', 'description': 'actor'}, {'name': 'Everett Sloane', 'description': 'actor'}, {'name': 'Felix Aylmer', 'description': 'actor'}, {'name': 'Eduardo Ciannelli', 'description': 'actor'}, {'name': 'Sol C. Siegel', 'description': 'actor'}, {'name': 'Milton Krims', 'description': 'author'}, {'name': 'Samuel Shellabarger', 'description': 'author'}, {'name': 'Alfred Newman', 'description': 'actor'}]"
"South of Heaven, West of Hell",1/28/2000,Drama,"Free Services, Prime Video",America,Movie,18+ (R),4.1/10,,"[{'name': 'Dwight Yoakam', 'description': 'director'}, {'name': 'Dwight Yoakam', 'description': 'actor'}, {'name': 'Billy Bob Thornton', 'description': 'actor'}, {'name': 'Bridget Fonda', 'description': 'actor'}, {'name': 'Peter Fonda', 'description': 'actor'}, {'name': 'Paul Reubens', 'description': 'actor'}, {'name': 'Bud Cort', 'description': 'actor'}, {'name': 'Michael Jeter', 'description': 'actor'}, {'name': 'Vince Vaughn', 'description': 'actor'}, {'name': 'Scott Wilson', 'description': 'actor'}, {'name': 'Warren Zevon', 'description': 'actor'}, {'name': 'Joe Ely', 'description': 'actor'}, {'name': 'Natalie Canerday', 'description': 'actor'}, {'name': 'Marta Santamaria', 'description': 'actor'}, {'name': 'Darris Hatch', 'description': 'actor'}, {'name': 'Gray Frederickson', 'description': 'actor'}, {'name': 'Dwight Yoakam', 'description': 'author'}, {'name': 'Stan Bertheaud', 'description': 'author'}]"
D.L. Hughley: Unapologetic,9/22/2007,"Documentary, Comedy","HBO MAX, Prime Video",America,Movie,18+ (R),6.8/10,,"[{'name': 'Beth McCarthy-Miller', 'description': 'director'}, {'name': 'D. L. Hughley', 'description': 'actor'}, {'name': 'D. L. Hughley', 'description': 'author'}]"
Burj Khalifa: Dubai's Vertical City,3/10/2011,Documentary,Prime Video ,,Movie,,4.7/10,,[]
Joan Didion: The Center Will Not Hold,10/11/2017,Documentary,Netflix,America,Movie,,7.4/10,,"[{'name': 'Griffin Dunne', 'description': 'director'}, {'name': 'Joan Didion', 'description': 'actor'}, {'name': 'Griffin Dunne', 'description': 'actor'}, {'name': 'Hilton Als', 'description': 'actor'}, {'name': 'David Hare', 'description': 'actor'}, {'name': 'Phyllis Rifield', 'description': 'actor'}, {'name': 'Amy Robinson', 'description': 'actor'}, {'name': 'Shelley Wanger', 'description': 'actor'}, {'name': 'Tom Brokaw', 'description': 'actor'}, {'name': 'Harrison Ford', 'description': 'actor'}, {'name': 'Susanna Moore', 'description': 'actor'}, {'name': 'Vanessa Redgrave', 'description': 'actor'}, {'name': 'Robert Silvers', 'description': 'actor'}, {'name': 'Calvin Trillin', 'description': 'actor'}, {'name': 'Anna Wintour', 'description': 'actor'}, {'name': 'Patricia Krenwinkel', 'description': 'actor'}, {'name': 'Patricia Hearst', 'description': 'actor'}, {'name': 'Charles Manson', 'description': 'actor'}, {'name': 'Linda Kasabian', 'description': 'actor'}, {'name': 'Leslie Van Houten', 'description': 'actor'}, {'name': 'Janis Joplin', 'description': 'actor'}, {'name': 'Tuesday Weld', 'description': 'actor'}, {'name': 'Nathan Halpern', 'description': 'actor'}]"
I am not the Devil,4/13/2017,Action & Adventure,Prime Video ,,Movie,,,,"[{'name': 'Samuel Smith', 'description': 'director'}, {'name': 'Linda Louise Duan', 'description': 'actor'}, {'name': 'David Cheung', 'description': 'actor'}, {'name': 'Alexander Bracq', 'description': 'actor'}, {'name': 'Isky Fay', 'description': 'actor'}]"
Oil Spill of The Century,3/16/2018,Documentary,Disney+,France,Movie,13+ (PG-13),,,"[{'name': 'Fabrice Gardel', 'description': 'director'}, {'name': 'Josselin Mahot', 'description': 'director'}, {'name': 'Loick Peyron', 'description': 'actor'}]"
Chang: A Drama of the Wilderness,4/29/1927,"Action & Adventure, Documentary",Kanopy,America,Movie,,6.9/10,,"[{'name': 'Ernest B. Schoedsack', 'description': 'director'}, {'name': 'Merian C. Cooper', 'description': 'director'}, {'name': 'Wild Beasts', 'description': 'actor'}, {'name': 'Kru', 'description': 'actor'}, {'name': 'Chantui', 'description': 'actor'}, {'name': 'Ernest B. Schoedsack', 'description': 'actor'}, {'name': 'Merian C. Cooper', 'description': 'actor'}, {'name': 'Achmed Abdullah', 'description': 'author'}]"
What Lies Beyond... The Beginning,11/7/2014,"Comedy, Horror",Free Services,,Movie,,3.2/10,,"[{'name': 'Jarrod Knowles', 'description': 'director'}, {'name': 'Kary Musa', 'description': 'actor'}, {'name': 'Addys Guerra', 'description': 'actor'}, {'name': 'Melissa Pastrana', 'description': 'actor'}, {'name': 'Masha Silberberg', 'description': 'actor'}, {'name': 'Jarrod Knowles', 'description': 'author'}]"
Yes: Acoustic,6/20/2004,,Prime Video ,,Movie,,7.8/10,,[]
Maverick,9/22/1957,"Comedy, Action & Adventure","Free Services, Prime Video",America,TV Show,All (TV-G),8.1/10,5,"[{'name': 'Jack Kelly', 'description': 'actor'}, {'name': 'James Garner', 'description': 'actor'}, {'name': 'Roger Moore', 'description': 'actor'}, {'name': 'Coles Trapnell', 'description': 'actor'}, {'name': 'Roy Huggins', 'description': 'actor'}, {'name': 'William T. Orr', 'description': 'actor'}, {'name': 'Roy Huggins', 'description': 'actor'}]"
Near Death,2/13/2020,Science-Fiction,Free Services,,Movie,,8.8/10,,[]
Tum Haseen Main Jawan,7/24/1970,"Romance, Comedy","Free Services, Prime Video",India,Movie,,10-Jul,,"[{'name': 'Bhappi Sonie', 'description': 'director'}, {'name': 'Dharmendra', 'description': 'actor'}, {'name': 'Hema Malini', 'description': 'actor'}, {'name': 'Helen', 'description': 'actor'}, {'name': 'Iftekhar', 'description': 'actor'}, {'name': 'Pran', 'description': 'actor'}]"
Sons & Fathers,1/29/2013,Drama,Free Services,,Movie,,,,[]
The Living End,8/21/1992,"Romance, Drama","Kanopy, Prime Video",America,Movie,,6.4/10,,"[{'name': 'Gregg Araki', 'description': 'director'}, {'name': 'Mike Dytri', 'description': 'actor'}, {'name': 'Craig Gilmore', 'description': 'actor'}, {'name': 'Darcy Marta', 'description': 'actor'}, {'name': 'Mary Woronov', 'description': 'actor'}, {'name': 'Mark Finch', 'description': 'actor'}, {'name': 'Johanna Went', 'description': 'actor'}, {'name': 'Paul Bartel', 'description': 'actor'}, {'name': 'Scott Goetz', 'description': 'actor'}, {'name': 'Brett Vail', 'description': 'actor'}, {'name': 'Nicole Dillenberg', 'description': 'actor'}, {'name': 'Stephen Holman', 'description': 'actor'}, {'name': 'Magie Song', 'description': 'actor'}, {'name': 'Jon Gerrans', 'description': 'actor'}, {'name': 'Marcus Hu', 'description': 'actor'}, {'name': 'Evelyn Hu', 'description': 'actor'}, {'name': 'Henry S. Rosenthal', 'description': 'actor'}, {'name': 'Jon Jost', 'description': 'actor'}, {'name': 'Mike Thomas', 'description': 'actor'}, {'name': 'Gregg Araki', 'description': 'author'}, {'name': 'Cole Coonce', 'description': 'actor'}]"
A Leap to Take,6/26/2013,Drama,Fandor,,Movie,,,,[]
The Miracle of Marcelino,2/24/1955,"Drama, Comedy","Free Services, Prime Video",Italy,Movie,All (G),7.1/10,,"[{'name': 'Ladislao Vajda', 'description': 'director'}, {'name': 'Pablito Calvo', 'description': 'actor'}, {'name': 'Rafael Rivelles', 'description': 'actor'}, {'name': 'Antonio Vico', 'description': 'actor'}, {'name': 'Juan Calvo', 'description': 'actor'}, {'name': 'Fernando Rey', 'description': 'actor'}, {'name': 'José Nieto', 'description': 'actor'}, {'name': 'José Marco Davó', 'description': 'actor'}, {'name': 'Juanjo Menéndez', 'description': 'actor'}, {'name': 'Matilde F. Vilariño', 'description': 'actor'}, {'name': 'Adriano Domínguez', 'description': 'actor'}, {'name': 'José María Sánchez Silva', 'description': 'author'}]"
Looks Can Kill,11/3/2022,"Mystery, Thriller","Free Services, Prime Video",America,Movie,,4.9/10,,"[{'name': 'Jasmine Ebony Thomas', 'description': 'director'}, {'name': 'Sarah Alexandra Marks', 'description': 'actor'}, {'name': 'Abi Casson Thompson', 'description': 'actor'}, {'name': 'Danielle Scott', 'description': 'actor'}, {'name': 'Barbara Dabson', 'description': 'actor'}, {'name': 'Clint Gordon', 'description': 'actor'}, {'name': 'Antonia Whillans', 'description': 'actor'}, {'name': 'Mark Sears', 'description': 'actor'}, {'name': 'Matthew Baunsgard', 'description': 'actor'}, {'name': 'Paul Eibich', 'description': 'actor'}, {'name': 'Ray Whelan', 'description': 'actor'}, {'name': 'Mya Brown', 'description': 'actor'}, {'name': 'Darrell Griggs', 'description': 'actor'}, {'name': 'George Nettleton', 'description': 'actor'}, {'name': 'Rhys Waterfield', 'description': 'actor'}, {'name': 'Scott Jeffrey', 'description': 'actor'}]"
I Saw the Light,2/5/2016,"Biography, Drama","Starz, Prime Video",America,Movie,18+ (R),5.7/10,,"[{'name': 'Marc Abraham', 'description': 'director'}, {'name': 'Tom Hiddleston', 'description': 'actor'}, {'name': 'Elizabeth Olsen', 'description': 'actor'}, {'name': 'Wayne Pére', 'description': 'actor'}, {'name': 'David Krumholtz', 'description': 'actor'}, {'name': 'Wrenn Schmidt', 'description': 'actor'}, {'name': 'Bradley Whitford', 'description': 'actor'}, {'name': 'Josh Pais', 'description': 'actor'}, {'name': 'Cherry Jones', 'description': 'actor'}, {'name': 'James DuMont', 'description': 'actor'}, {'name': 'Joe Chrest', 'description': 'actor'}, {'name': 'Charlie Talbert', 'description': 'actor'}, {'name': 'Maddie Hasson', 'description': 'actor'}, {'name': 'Candice Harrison', 'description': 'actor'}, {'name': 'Cory Hart', 'description': 'actor'}, {'name': 'NM Garcia', 'description': 'actor'}, {'name': 'Caroline Hebert', 'description': 'actor'}, {'name': 'Justin Lebrun', 'description': 'actor'}, {'name': 'Casey Bond', 'description': 'actor'}, {'name': 'Joshua Brady', 'description': 'actor'}, {'name': 'Elliott Grey', 'description': 'actor'}, {'name': 'Emily Marie Palmer', 'description': 'actor'}, {'name': 'Aaron L. Gilbert', 'description': 'actor'}, {'name': 'Brett Ratner', 'description': 'actor'}]"
Beyond the Woods,2/5/2018,"Horror, Thriller","Free Services, Prime Video",Ireland,Movie,,4.6/10,,"[{'name': 'Sean Breathnach', 'description': 'director'}, {'name': 'Ross Mac Mahon', 'description': 'actor'}, {'name': 'John Ryan Howard', 'description': 'actor'}, {'name': 'Irene Kelleher', 'description': 'actor'}, {'name': 'Ruth Hayes', 'description': 'actor'}, {'name': 'Mark Griffin', 'description': 'actor'}, {'name': 'Claire Loy', 'description': 'actor'}, {'name': 'Alan Riordan', 'description': 'actor'}, {'name': 'Seán McGillicuddy', 'description': 'actor'}, {'name': 'Sean Breathnach', 'description': 'actor'}, {'name': ""Daniel O'Connell"", 'description': 'actor'}, {'name': 'Sean Breathnach', 'description': 'author'}]"
Motley's Law,10/15/2015,"Biography, Documentary","Kanopy, Prime Video",Afghanistan,Movie,,10-Jul,,"[{'name': 'Nicole Nielsen Horanyi', 'description': 'director'}]"
Pequeñas Victorias,8/20/2021,"Comedy, Drama","Free Services, Prime Video",,TV Show,,3.7/10,1,[]
M. Butterfly,9/9/1993,"Romance, Drama","Hoopla, Prime Video",America,Movie,18+ (R),6.7/10,,"[{'name': 'David Cronenberg', 'description': 'director'}, {'name': 'Jeremy Irons', 'description': 'actor'}, {'name': 'John Lone', 'description': 'actor'}, {'name': 'Barbara Sukowa', 'description': 'actor'}, {'name': 'Ian Richardson', 'description': 'actor'}, {'name': 'Annabel Leventon', 'description': 'actor'}, {'name': 'Shizuko Hoshi', 'description': 'actor'}, {'name': 'Richard McMillan', 'description': 'actor'}, {'name': 'Vernon Dobtcheff', 'description': 'actor'}, {'name': 'David Hemblen', 'description': 'actor'}, {'name': 'Damir Andrei', 'description': 'actor'}, {'name': 'Antony Parr', 'description': 'actor'}, {'name': 'Margaret Ma', 'description': 'actor'}, {'name': 'Tristram Jellinek', 'description': 'actor'}, {'name': 'Philip McGough', 'description': 'actor'}, {'name': 'David Neal', 'description': 'actor'}, {'name': 'Sean Hewitt', 'description': 'actor'}, {'name': 'Peter Messaline', 'description': 'actor'}, {'name': 'Michael Mehlmann', 'description': 'actor'}, {'name': 'Barbara Chilcott', 'description': 'actor'}, {'name': 'George Jonas', 'description': 'actor'}, {'name': 'Carl Zvonkin', 'description': 'actor'}, {'name': 'Gabriella Martinelli', 'description': 'actor'}, {'name': 'David Henry Hwang', 'description': 'actor'}]"
My Summer Prince,8/6/2016,"Comedy, Family","Hallmark, Prime Video",America,Movie,All (G),6.1/10,,"[{'name': 'Peter Sullivan', 'description': 'director'}, {'name': 'Taylor Cole', 'description': 'actor'}, {'name': 'Jack Turner', 'description': 'actor'}, {'name': 'Lauren Holly', 'description': 'actor'}, {'name': 'Marina Sirtis', 'description': 'actor'}, {'name': 'Vanessa Angel', 'description': 'actor'}, {'name': 'Kassandra Clementi', 'description': 'actor'}, {'name': 'Brian Dare', 'description': 'actor'}, {'name': 'Ashley Santos', 'description': 'actor'}, {'name': 'Walter Platz', 'description': 'actor'}, {'name': 'Nancy Peterson', 'description': 'actor'}, {'name': 'Lillian Grace Hale', 'description': 'actor'}, {'name': 'Melanie Nelson', 'description': 'actor'}, {'name': 'Lauren Call', 'description': 'actor'}, {'name': 'Raquel Baldwin', 'description': 'actor'}, {'name': 'Josh Whitaker', 'description': 'actor'}, {'name': 'Darya Gemmel', 'description': 'actor'}, {'name': 'Walter Mecham', 'description': 'actor'}, {'name': 'Brian Carlson', 'description': 'actor'}, {'name': 'Jessica Villeneuve', 'description': 'actor'}, {'name': 'Jacque Gray', 'description': 'actor'}, {'name': 'Heidi Mendez', 'description': 'actor'}, {'name': 'Barry Barnholtz', 'description': 'actor'}, {'name': 'Jeffrey Schenck', 'description': 'actor'}]"
Sadda Haq,4/10/2013,"Drama, Action & Adventure",Prime Video ,India,Movie,,7.2/10,,"[{'name': 'Mandeep Benipal', 'description': 'director'}, {'name': 'Kuljinder Singh Sidhu', 'description': 'actor'}, {'name': 'Gaurav Kakkar', 'description': 'actor'}, {'name': 'Dev Kharoud', 'description': 'actor'}, {'name': 'Dhriti Saharan', 'description': 'actor'}, {'name': 'Talwinder Bhullar', 'description': 'actor'}, {'name': 'Dinesh Sood', 'description': 'actor'}, {'name': 'Sandeep Kapoor', 'description': 'actor'}, {'name': 'Pramod Moutho', 'description': 'actor'}, {'name': 'Sudanshu Ghor', 'description': 'actor'}, {'name': 'Yaad Grewal', 'description': 'actor'}, {'name': 'Prince K.J. Singh', 'description': 'actor'}, {'name': 'Naginder Gakhar', 'description': 'actor'}, {'name': 'Gurpreet Bhangu', 'description': 'actor'}, {'name': 'Sunny Gill Ambersariya', 'description': 'actor'}, {'name': 'Gogi Kohli', 'description': 'actor'}, {'name': 'Ramniq Sandhu', 'description': 'actor'}, {'name': 'Sukhwinder Raj', 'description': 'actor'}, {'name': 'Himanshi Khurana', 'description': 'actor'}, {'name': 'Dinesh Sood', 'description': 'actor'}, {'name': 'Kuljinder Singh Sidhu', 'description': 'actor'}, {'name': 'Tirthadeep Roy', 'description': 'actor'}, {'name': 'Kuljinder Singh Sidhu', 'description': 'author'}]"
Shark in the Head,6/1/2004,"Comedy, Drama",Prime Video ,Czechia,Movie,,7.1/10,,"[{'name': 'Maria Procházková', 'description': 'director'}, {'name': 'Oldřich Kaiser', 'description': 'actor'}, {'name': 'Jana Krausová', 'description': 'actor'}, {'name': 'Jiří Lábus', 'description': 'actor'}, {'name': 'Vlasta Žehrová', 'description': 'actor'}, {'name': 'Kristýna Leichtová', 'description': 'actor'}, {'name': 'Petra Nesvačilová', 'description': 'actor'}, {'name': 'Ludmila Šafářová', 'description': 'actor'}, {'name': 'David Máj', 'description': 'actor'}, {'name': 'Kristina Kloubková', 'description': 'actor'}, {'name': 'Věra Tichánková', 'description': 'actor'}, {'name': 'Henrieta Hornáčková', 'description': 'actor'}, {'name': 'Michal Žabka', 'description': 'actor'}, {'name': 'Hana Vagnerová', 'description': 'actor'}, {'name': 'Eva Leimbergerová', 'description': 'actor'}, {'name': 'Renata Prokopová', 'description': 'actor'}, {'name': 'Václav Liška', 'description': 'actor'}, {'name': 'Maria Procházková', 'description': 'author'}]"
Big Time RV,7/27/2014,"Documentary, Home & Garden","Discovery+, Prime Video",,TV Show,All (TV-G),6.6/10,4,[]
Logan,9/10/2010,"Drama, Comedy",Free Services,America,Movie,,5.9/10,,"[{'name': 'Caleb Doyle', 'description': 'director'}, {'name': 'Kyle Lawrence', 'description': 'director'}, {'name': 'Leo Howard', 'description': 'actor'}, {'name': 'Patrick Probst', 'description': 'actor'}, {'name': 'Booboo Stewart', 'description': 'actor'}, {'name': 'Abigail Isom', 'description': 'actor'}, {'name': 'Nicole Carmela', 'description': 'actor'}, {'name': 'Colin Ritchie', 'description': 'actor'}, {'name': 'Emily Berry', 'description': 'actor'}, {'name': 'Tim Schall', 'description': 'actor'}, {'name': 'Christian Probst', 'description': 'actor'}, {'name': 'Caleb Doyle', 'description': 'actor'}, {'name': 'Fivel Stewart', 'description': 'actor'}, {'name': 'Booboo Stewart', 'description': 'actor'}, {'name': 'Kyle Lawrence', 'description': 'actor'}, {'name': 'Melissa Lawrence', 'description': 'actor'}, {'name': 'Nils Allen Stewart', 'description': 'actor'}, {'name': 'Brian Lawrence', 'description': 'actor'}, {'name': 'Brian Lawrence', 'description': 'author'}, {'name': 'Caleb Doyle', 'description': 'author'}, {'name': 'Kyle Lawrence', 'description': 'author'}, {'name': 'Matt Martin', 'description': 'author'}]"
I Am... Yours: An Intimate Performance at Wynn Las Vegas,11/23/2009,Documentary,Prime Video ,America,Movie,,8.4/10,,"[{'name': 'Nick Wickham', 'description': 'director'}, {'name': 'Beyoncé', 'description': 'actor'}, {'name': 'Matthew Dickens', 'description': 'author'}]"
The Art Lesson,10/24/2020,Drama,Prime Video ,,Movie,,,,[]
Neville Rumble,10/28/2015,"Romance, Thriller","Free Services, Prime Video",,Movie,,6.9/10,,"[{'name': 'Lee Price', 'description': 'director'}, {'name': 'Richard Miller', 'description': 'director'}, {'name': 'Sam Foster', 'description': 'actor'}, {'name': 'Gavin Fowler', 'description': 'actor'}, {'name': 'Mark Haldor', 'description': 'actor'}]"
The Human Spark,1/6/2010,Documentary,Prime Video ,,TV Show,All (TV-G),7.3/10,1,[]
The Other Wife,3/13/2016,"Thriller, Drama","Free Services, Prime Video",America,Movie,16+,5.4/10,,"[{'name': 'Nick Lyon', 'description': 'director'}, {'name': 'Kimberley Hews', 'description': 'actor'}, {'name': 'Lisa Goodman', 'description': 'actor'}, {'name': 'Christine Sclafani', 'description': 'actor'}, {'name': 'George Stumpf', 'description': 'actor'}, {'name': 'Molly Berg', 'description': 'actor'}, {'name': 'James Adam Tucker', 'description': 'actor'}, {'name': 'Candice Bolek', 'description': 'actor'}, {'name': 'Tonya Kay', 'description': 'actor'}, {'name': 'Nick Principe', 'description': 'actor'}, {'name': 'Melanie Martin', 'description': 'actor'}, {'name': 'Adam Meyer', 'description': 'author'}, {'name': 'Delondra Williams', 'description': 'author'}]"
Danganronpa 3: The End of Hope's Peak High School,7/14/2016,"Horror, Action & Adventure","Funimation, Prime Video",,TV Show,18+ (TV-MA),7.1/10,2,"[{'name': 'Minami Takayama', 'description': 'actor'}, {'name': 'Kana Hanazawa', 'description': 'actor'}, {'name': 'Nakahara Mai', 'description': 'actor'}, {'name': 'Megumi Toyoguchi', 'description': 'actor'}, {'name': 'Kanata Hongo', 'description': 'actor'}, {'name': 'Toshiyuki Morikawa', 'description': 'actor'}, {'name': 'Keiji Fujiwara', 'description': 'actor'}, {'name': 'Ai Kayano', 'description': 'actor'}, {'name': 'Miyuki Sawashiro', 'description': 'actor'}, {'name': 'Daisuke Kishio', 'description': 'actor'}, {'name': 'Kotono Mitsuishi', 'description': 'actor'}, {'name': 'Hiroki Yasumoto', 'description': 'actor'}, {'name': 'Romi Park', 'description': 'actor'}, {'name': 'Yoshimasa Hosoya', 'description': 'actor'}, {'name': 'Tomokazu Sugita', 'description': 'actor'}, {'name': 'Ami Koshimizu', 'description': 'actor'}, {'name': 'Suzuko Mimori', 'description': 'actor'}, {'name': 'Miho Arakawa', 'description': 'actor'}, {'name': 'Jun Fukuyama', 'description': 'actor'}, {'name': 'Yu Kobayashi', 'description': 'actor'}]"
American Perfekt,6/11/1997,"Drama, Crime","Free Services, Prime Video",America,Movie,18+ (R),5.9/10,,"[{'name': 'Paul Chart', 'description': 'director'}, {'name': 'Amanda Plummer', 'description': 'actor'}, {'name': 'Robert Forster', 'description': 'actor'}, {'name': 'David Thewlis', 'description': 'actor'}, {'name': 'Fairuza Balk', 'description': 'actor'}, {'name': 'Paul Sorvino', 'description': 'actor'}, {'name': 'Joanna Gleason', 'description': 'actor'}, {'name': 'Geoffrey Lewis', 'description': 'actor'}, {'name': 'Chris Sarandon', 'description': 'actor'}, {'name': 'Jay Patterson', 'description': 'actor'}, {'name': 'Judson Mills', 'description': 'actor'}, {'name': 'Rutanya Alda', 'description': 'actor'}, {'name': 'Paul Henry', 'description': 'actor'}, {'name': 'Belinda Balaski', 'description': 'actor'}, {'name': 'Jack Breschard', 'description': 'actor'}, {'name': 'Nathan Le Grand', 'description': 'actor'}, {'name': 'Sarah Bibb', 'description': 'actor'}, {'name': 'Lisa Long', 'description': 'actor'}, {'name': 'Irvin Kershner', 'description': 'actor'}, {'name': 'Avi Lerner', 'description': 'actor'}, {'name': 'Boaz Davidson', 'description': 'actor'}, {'name': 'Danny Dimbort', 'description': 'actor'}, {'name': 'Elie Samaha', 'description': 'actor'}, {'name': 'Trevor Short', 'description': 'actor'}]"
I'm Starving,9/21/2009,,Prime Video ,,Movie,,,,[]
Nirnayam,1/1/1995,"Action & Adventure, Thriller",Prime Video ,India,Movie,,7.1/10,,"[{'name': 'Sangeeth Sivan', 'description': 'director'}, {'name': 'Mohanlal', 'description': 'actor'}, {'name': 'Heera Rajgopal', 'description': 'actor'}, {'name': 'Nedumudi Venu', 'description': 'actor'}, {'name': 'Lalu Alex', 'description': 'actor'}, {'name': 'Jagadish', 'description': 'actor'}, {'name': 'Ratheesh', 'description': 'actor'}, {'name': 'Devan', 'description': 'actor'}, {'name': 'Sharat Saxena', 'description': 'actor'}, {'name': 'Cheriyan Kalpakavadi', 'description': 'author'}]"
The Curse of Humpty Dumpty,11/26/2021,Horror,"Free Services, Prime Video",,Movie,18+ (R),10-Apr,,"[{'name': 'Scott Jeffrey', 'description': 'director'}]"
The Castaway Cowboy,8/1/1974,Comedy,"Disney+, Prime Video",America,Movie,All (G),5.8/10,,"[{'name': 'Vincent McEveety', 'description': 'director'}, {'name': 'James Garner', 'description': 'actor'}, {'name': 'Vera Miles', 'description': 'actor'}, {'name': 'Eric Shea', 'description': 'actor'}, {'name': 'Robert Culp', 'description': 'actor'}, {'name': 'Manu Tupou', 'description': 'actor'}, {'name': 'Gregory Sierra', 'description': 'actor'}, {'name': 'Shug Fisher', 'description': 'actor'}, {'name': 'Kim Kahana', 'description': 'actor'}, {'name': 'Buddy Joe Hooker', 'description': 'actor'}, {'name': 'Elizabeth Smith', 'description': 'actor'}, {'name': 'Nephi Hannemann', 'description': 'actor'}, {'name': 'Lito Capiña', 'description': 'actor'}, {'name': 'Ralph Hanalei', 'description': 'actor'}, {'name': 'Lee Woodd', 'description': 'actor'}, {'name': 'Luis Delgado', 'description': 'actor'}, {'name': 'Patrick Sullivan Burke', 'description': 'actor'}, {'name': 'Jerry Velasco', 'description': 'actor'}, {'name': 'Ron W. Miller', 'description': 'actor'}, {'name': 'Winston Hibler', 'description': 'actor'}, {'name': 'Don Tait', 'description': 'author'}]"
Cock Fight: One Man's Battle Against the Chicken Industry,2/25/2015,Documentary,Free Services,,Movie,,,,[]
Stan Lee Presents: The Condor,3/21/2007,"Action & Adventure, Animation",Prime Video ,America,Movie,7+ (PG),4.7/10,,"[{'name': 'Steven E. Gordon', 'description': 'director'}, {'name': 'Wilmer Valderrama', 'description': 'actor'}, {'name': 'María Conchita Alonso', 'description': 'actor'}, {'name': 'Kathleen Barr', 'description': 'actor'}, {'name': 'Mary Elizabeth McGlynn', 'description': 'actor'}, {'name': 'Michael Dobson', 'description': 'actor'}, {'name': 'Cusse Mankuma', 'description': 'actor'}, {'name': 'Stan Lee', 'description': 'actor'}, {'name': 'Scott McNeil', 'description': 'actor'}, {'name': 'Rocky Solotoff', 'description': 'actor'}, {'name': 'Stan Lee', 'description': 'actor'}, {'name': 'Marv Wolfman', 'description': 'author'}, {'name': 'Larry Brown', 'description': 'actor'}]"
The President Show,4/27/2017,Comedy,"Free Services, Prime Video",America,TV Show,14+ (TV-14),10-Jun,2,"[{'name': 'Anthony Atamanuik', 'description': 'actor'}, {'name': 'Peter Grosz', 'description': 'actor'}]"
Miles Jupp: Fibber in the Heat,9/23/2014,Comedy,"Free Services, Prime Video",United Kingdom,Movie,,,,"[{'name': 'Neil Cox', 'description': 'director'}, {'name': 'Peter Searles', 'description': 'director'}, {'name': 'Miles Jupp', 'description': 'actor'}, {'name': 'Miles Jupp', 'description': 'author'}]"
Angel Eyes,5/15/2001,"Romance, Thriller",Prime Video ,America,Movie,18+ (R),5.6/10,,"[{'name': 'Luis Mandoki', 'description': 'director'}, {'name': 'Jennifer Lopez', 'description': 'actor'}, {'name': 'Jim Caviezel', 'description': 'actor'}, {'name': 'Jeremy Sisto', 'description': 'actor'}, {'name': 'Terrence Howard', 'description': 'actor'}, {'name': 'Sônia Braga', 'description': 'actor'}, {'name': 'Victor Argo', 'description': 'actor'}, {'name': 'Monet Mazur', 'description': 'actor'}, {'name': 'Shirley Knight', 'description': 'actor'}, {'name': 'Daniel Magder', 'description': 'actor'}, {'name': 'Guylaine St-Onge', 'description': 'actor'}, {'name': 'Connor McAuley', 'description': 'actor'}, {'name': 'Jeremy Ratchford', 'description': 'actor'}, {'name': 'Peter MacNeill', 'description': 'actor'}, {'name': 'Eldridge Hyndman', 'description': 'actor'}, {'name': 'Kari Matchett', 'description': 'actor'}, {'name': 'Michael Cameron', 'description': 'actor'}, {'name': 'Marcello Thedford', 'description': 'actor'}, {'name': 'Dave Cox', 'description': 'actor'}, {'name': 'Ron Payne', 'description': 'actor'}, {'name': 'Dan Petronijevic', 'description': 'actor'}, {'name': 'Stephen T. Kay', 'description': 'actor'}, {'name': 'Bruce Berman', 'description': 'actor'}, {'name': 'Elie Samaha', 'description': 'actor'}]"
Breaking the Taboo,6/3/2011,Documentary,Prime Video ,Brazil,Movie,13+ (PG-13),7.6/10,,"[{'name': 'Fernando Grostein Andrade', 'description': 'director'}, {'name': 'Fernando Henrique Cardoso', 'description': 'actor'}, {'name': 'Bill Clinton', 'description': 'actor'}, {'name': 'Jimmy Carter', 'description': 'actor'}, {'name': 'Dráuzio Varella', 'description': 'actor'}, {'name': 'Paulo Coelho', 'description': 'actor'}, {'name': 'Morgan Freeman', 'description': 'actor'}]"
Gravity was everywhere back then,5/10/2010,"Animation, Science-Fiction",Fandor,,Movie,,10-Jul,,"[{'name': 'Brent Green', 'description': 'director'}]"
"On the Other Hand, Death",1/1/2008,"Thriller, LGBTQ",Prime Video ,Canada,Movie,18+ (R),6.3/10,,"[{'name': 'Ron Oliver', 'description': 'director'}, {'name': 'Chad Allen', 'description': 'actor'}, {'name': 'Sebastian Spence', 'description': 'actor'}, {'name': 'Margot Kidder', 'description': 'actor'}, {'name': 'Daryl Shuttleworth', 'description': 'actor'}, {'name': 'Gabrielle Rose', 'description': 'actor'}, {'name': 'Nelson Wong', 'description': 'actor'}, {'name': 'Damon Runyan', 'description': 'actor'}, {'name': 'Lori Triolo', 'description': 'actor'}, {'name': 'William MacDonald', 'description': 'actor'}, {'name': 'Barclay Hope', 'description': 'actor'}, {'name': 'Kerry James', 'description': 'actor'}, {'name': 'David Orth', 'description': 'actor'}, {'name': 'Ralph Alderman', 'description': 'actor'}, {'name': 'Keegan MacIntosh', 'description': 'actor'}, {'name': 'James Shavick', 'description': 'actor'}, {'name': 'Paul Colichman', 'description': 'actor'}, {'name': 'Stephen P. Jarchow', 'description': 'actor'}, {'name': 'Gillian Horvath', 'description': 'author'}, {'name': 'Ron McGee', 'description': 'author'}]"
This Is Life with Lisa Ling,9/28/2014,Documentary,"HBO MAX, Prime Video",,TV Show,7+ (TV-PG),10-Aug,8,"[{'name': 'Lisa Ling', 'description': 'actor'}]"
16 Stones,10/1/2014,Action & Adventure,"Free Services, Prime Video",America,Movie,7+ (PG),10-May,,"[{'name': 'Brian Brough', 'description': 'director'}, {'name': 'Shona Kay', 'description': 'actor'}, {'name': 'Mason D. Davis', 'description': 'actor'}, {'name': 'Brittany Wiscombe', 'description': 'author'}]"
El Mariachi,9/4/1992,"Crime, Action & Adventure",Prime Video ,Mexico,Movie,18+ (R),6.8/10,,"[{'name': 'Robert Rodriguez', 'description': 'director'}, {'name': 'Carlos Gallardo', 'description': 'actor'}, {'name': 'Consuelo Gómez', 'description': 'actor'}, {'name': 'Jaime de Hoyos', 'description': 'actor'}, {'name': 'Peter Marquardt', 'description': 'actor'}, {'name': 'Reinol Martinez', 'description': 'actor'}, {'name': 'Ramiro Gomez', 'description': 'actor'}, {'name': 'Jesuso López', 'description': 'actor'}, {'name': 'Luis Baro', 'description': 'actor'}, {'name': 'Oscar Fabila', 'description': 'actor'}, {'name': 'Poncho Ramon', 'description': 'actor'}, {'name': 'Fernando Martinez', 'description': 'actor'}, {'name': 'Manuel Acosta', 'description': 'actor'}, {'name': 'Walter Vargas', 'description': 'actor'}, {'name': 'Roberto Martinez', 'description': 'actor'}, {'name': 'Virgen Delgado', 'description': 'actor'}, {'name': 'Juanita Vargas', 'description': 'actor'}, {'name': 'Yolanda Puga', 'description': 'actor'}, {'name': 'Jaime Rodriguez', 'description': 'actor'}, {'name': 'Luis Cadena', 'description': 'actor'}, {'name': 'Alfredo Martinez', 'description': 'actor'}, {'name': 'Gerardo Jaquez', 'description': 'actor'}, {'name': 'Carlos Gallardo', 'description': 'actor'}, {'name': 'Robert Rodriguez', 'description': 'actor'}]"
Prithvi Vallabh,1/1/1943,Drama,Prime Video ,India,Movie,,10-Aug,,"[{'name': 'Sohrab Modi', 'description': 'director'}, {'name': 'Sohrab Modi', 'description': 'actor'}, {'name': 'Durga Khote', 'description': 'actor'}, {'name': 'K.N. Singh', 'description': 'actor'}, {'name': 'K. M. Munshi', 'description': 'author'}]"
The String,5/12/2009,"Romance, Drama",Prime Video ,Belgium,Movie,,6.7/10,,"[{'name': 'Mehdi Ben Attia', 'description': 'director'}, {'name': 'Claudia Cardinale', 'description': 'actor'}, {'name': 'Antonin Stahly-Vishwanadan', 'description': 'actor'}, {'name': 'Salim Kechiouche', 'description': 'actor'}]"
A Mother on the Edge,5/3/2019,"Mystery, Thriller",Prime Video ,Canada,Movie,16+,5.4/10,,"[{'name': 'Jason Bourque', 'description': 'director'}, {'name': 'Kelly Thiebaud', 'description': 'actor'}, {'name': 'Matt Hamilton', 'description': 'actor'}, {'name': 'Lina Renna', 'description': 'actor'}, {'name': 'Alison Wandzura', 'description': 'actor'}, {'name': 'Phillip Mitchell', 'description': 'actor'}, {'name': 'Kimberley Shoniker', 'description': 'actor'}, {'name': 'Stefania Indelicato', 'description': 'actor'}, {'name': 'Shalyn Ferdinand', 'description': 'actor'}, {'name': 'Michelle Martin', 'description': 'actor'}, {'name': 'Matt Afonso', 'description': 'actor'}, {'name': 'Rocky Anderson', 'description': 'actor'}, {'name': 'Josh Byer', 'description': 'actor'}, {'name': 'Paralee Cook', 'description': 'actor'}, {'name': 'Debs Howard', 'description': 'actor'}, {'name': 'Paul A. Birkett', 'description': 'author'}]"
A Walk with Grace,11/5/2019,Romance,"Free Services, Prime Video",,Movie,16+,4.4/10,,"[{'name': 'Nick Kellis', 'description': 'director'}, {'name': 'Stephen Baldwin', 'description': 'actor'}, {'name': 'Joe Estevez', 'description': 'actor'}, {'name': 'Austin St. John', 'description': 'actor'}, {'name': 'Ashley Bratcher', 'description': 'actor'}, {'name': 'David Lee Smith', 'description': 'actor'}, {'name': 'Nicole Dambro', 'description': 'actor'}, {'name': 'Brenna Sherman', 'description': 'actor'}, {'name': 'Layla Cushman', 'description': 'actor'}, {'name': 'Lance Paul', 'description': 'actor'}, {'name': 'John French', 'description': 'actor'}, {'name': 'Bret Aaron Knower', 'description': 'actor'}, {'name': 'Jenni Kennedy', 'description': 'actor'}, {'name': 'Chris Minor', 'description': 'actor'}, {'name': 'Mishka Calderon', 'description': 'actor'}, {'name': 'Ian Grey', 'description': 'actor'}]"
The Silent Victim,1/18/2019,Drama,Prime Video ,,Movie,18+ (R),,,[]
Lovely Little Farm,6/10/2022,Family,Apple TV+,,TV Show,All (TV-G),7.7/10,1,"[{'name': 'Levi Howden', 'description': 'actor'}, {'name': 'Kassidi Roberts', 'description': 'actor'}, {'name': 'Barry McCarthy', 'description': 'actor'}, {'name': 'Micah Balfour', 'description': 'actor'}, {'name': 'Cicely Giddings', 'description': 'actor'}, {'name': 'Dominique Moore', 'description': 'actor'}]"
The Health of Hope,10/26/2018,Documentary,"Free Services, Prime Video",,Movie,,,,[]
Get Duked!,3/8/2019,"Action & Adventure, Thriller","Prime Video, Prime Video",United Kingdom,Movie,18+ (R),6.2/10,,"[{'name': 'Ninian Doff', 'description': 'director'}, {'name': 'Samuel Bottomley', 'description': 'actor'}, {'name': 'Viraj Juneja', 'description': 'actor'}, {'name': 'Rian Gordon', 'description': 'actor'}, {'name': 'Lewis Gribben', 'description': 'actor'}, {'name': 'Eddie Izzard', 'description': 'actor'}, {'name': 'Georgie Glen', 'description': 'actor'}, {'name': 'Kate Dickie', 'description': 'actor'}, {'name': 'Kevin Guthrie', 'description': 'actor'}, {'name': 'Jonathan Aris', 'description': 'actor'}, {'name': 'James Cosmo', 'description': 'actor'}, {'name': 'Brian Pettifer', 'description': 'actor'}, {'name': 'Alice Lowe', 'description': 'actor'}, {'name': 'Brian Coffey', 'description': 'actor'}, {'name': 'Laura Tunstall', 'description': 'actor'}, {'name': 'Matthew Plouffe', 'description': 'actor'}, {'name': 'Tobey Maguire', 'description': 'actor'}, {'name': 'Eddie Izzard', 'description': 'actor'}, {'name': 'Lia Buman', 'description': 'actor'}, {'name': 'Lucas Ochoa', 'description': 'actor'}, {'name': 'Marisa Clifford', 'description': 'actor'}, {'name': 'Richard G. Weinberg', 'description': 'actor'}, {'name': 'Thomas Benski', 'description': 'actor'}, {'name': 'Tim Headington', 'description': 'actor'}]"
Sal,9/3/2011,"Biography, Drama","Free Services, Prime Video",America,Movie,18+ (R),4.6/10,,"[{'name': 'James Franco', 'description': 'director'}, {'name': 'Val Lauren', 'description': 'actor'}, {'name': 'Jim Parrack', 'description': 'actor'}, {'name': 'James Franco', 'description': 'actor'}, {'name': 'Vince Jolivette', 'description': 'actor'}, {'name': 'Trevor Neuhoff', 'description': 'actor'}, {'name': 'Stacey Miller', 'description': 'actor'}, {'name': 'Brian Goodman', 'description': 'actor'}, {'name': 'Raymond T. Williams', 'description': 'actor'}, {'name': 'Boyd Smith', 'description': 'actor'}, {'name': 'Jacquelyn Deme', 'description': 'actor'}, {'name': 'Jason Fox', 'description': 'actor'}, {'name': 'Brian Lally', 'description': 'actor'}, {'name': 'Christian Olave', 'description': 'actor'}, {'name': 'Jocelyn Ayanna', 'description': 'actor'}, {'name': 'Felicity Bryant', 'description': 'actor'}, {'name': 'Tony Calle', 'description': 'actor'}, {'name': 'Joseph Michael Harris', 'description': 'actor'}, {'name': 'Stephen McCain', 'description': 'actor'}, {'name': 'Inbal Amirav', 'description': 'actor'}, {'name': 'Caroline Aragon', 'description': 'actor'}, {'name': 'Miles Levy', 'description': 'actor'}, {'name': 'Vince Jolivette', 'description': 'actor'}, {'name': 'Stacey Miller', 'description': 'author'}]"
Palmdale,9/9/2014,"Action & Adventure, Crime","Free Services, Prime Video",America,Movie,18+ (R),5.3/10,,"[{'name': 'Erich Kemp', 'description': 'director'}, {'name': 'Lackos', 'description': 'actor'}, {'name': 'Olivia Preciado', 'description': 'actor'}, {'name': 'Matt Callahan', 'description': 'actor'}, {'name': 'Eliot', 'description': 'actor'}, {'name': 'Tim Fox', 'description': 'actor'}, {'name': 'Kristopher Knight-Doyle', 'description': 'actor'}, {'name': 'Erich Kemp', 'description': 'author'}]"
Omen III: The Final Conflict,3/20/1981,"Drama, Horror","AMC, Prime Video",United Kingdom,Movie,18+ (R),5.5/10,,"[{'name': 'Graham Baker', 'description': 'director'}, {'name': 'Sam Neill', 'description': 'actor'}, {'name': 'Rossano Brazzi', 'description': 'actor'}, {'name': 'Don Gordon', 'description': 'actor'}, {'name': 'Lisa Harrow', 'description': 'actor'}, {'name': 'Barnaby Holm', 'description': 'actor'}, {'name': 'Mason Adams', 'description': 'actor'}, {'name': 'Robert Arden', 'description': 'actor'}, {'name': 'Leueen Willoughby', 'description': 'actor'}, {'name': 'Marc Boyle', 'description': 'actor'}, {'name': 'Milos Kirek', 'description': 'actor'}, {'name': 'Tommy Duggan', 'description': 'actor'}, {'name': 'Louis Mahoney', 'description': 'actor'}, {'name': 'Richard Oldfield', 'description': 'actor'}, {'name': 'Tony Vogel', 'description': 'actor'}, {'name': 'Arwen Holm', 'description': 'actor'}, {'name': 'Hugh Moxey', 'description': 'actor'}, {'name': 'William Fox', 'description': 'actor'}, {'name': 'John Baskcomb', 'description': 'actor'}, {'name': 'Norman Bird', 'description': 'actor'}, {'name': 'Marc Smith', 'description': 'actor'}, {'name': 'Arnold Diamond', 'description': 'actor'}, {'name': 'Andrew Birkin', 'description': 'actor'}, {'name': 'Harvey Bernhard', 'description': 'actor'}]"
Fast & Furious 6,5/21/2013,"Crime, Thriller","HBO MAX, Prime Video",Japan,Movie,13+ (PG-13),10-Jul,,"[{'name': 'Justin Lin', 'description': 'director'}, {'name': 'Vin Diesel', 'description': 'actor'}, {'name': 'Paul Walker', 'description': 'actor'}, {'name': 'Dwayne Johnson', 'description': 'actor'}, {'name': 'Jordana Brewster', 'description': 'actor'}, {'name': 'Michelle Rodriguez', 'description': 'actor'}, {'name': 'Tyrese Gibson', 'description': 'actor'}, {'name': 'Sung Kang', 'description': 'actor'}, {'name': 'Gal Gadot', 'description': 'actor'}, {'name': 'Ludacris', 'description': 'actor'}, {'name': 'Luke Evans', 'description': 'actor'}, {'name': 'Elsa Pataky', 'description': 'actor'}, {'name': 'Gina Carano', 'description': 'actor'}, {'name': 'Clara Paget', 'description': 'actor'}, {'name': 'Kim Kold', 'description': 'actor'}, {'name': 'Joe Taslim', 'description': 'actor'}, {'name': 'Samuel M. Stewart', 'description': 'actor'}, {'name': 'Benjamin Davies', 'description': 'actor'}, {'name': 'Matthew Stirling', 'description': 'actor'}, {'name': 'David Ajala', 'description': 'actor'}, {'name': 'Thure Lindhardt', 'description': 'actor'}, {'name': 'Shea Whigham', 'description': 'actor'}, {'name': 'Clayton Townsend', 'description': 'actor'}, {'name': 'Neal H. Moritz', 'description': 'actor'}]"
Deep Shock,9/17/2003,"Mystery, Thriller","Free Services, Prime Video",America,Movie,18+ (R),10-Mar,,"[{'name': 'Phillip J. Roth', 'description': 'director'}, {'name': 'David Keith', 'description': 'actor'}, {'name': 'Simmone Jade Mackinnon', 'description': 'actor'}, {'name': 'Mark Sheppard', 'description': 'actor'}, {'name': 'Sean Whalen', 'description': 'actor'}, {'name': 'Robert Zachar', 'description': 'actor'}, {'name': 'Richard Gnolfo', 'description': 'actor'}, {'name': 'Todd Kimsey', 'description': 'actor'}, {'name': 'Tyrone Pinkham', 'description': 'actor'}, {'name': 'Jeff Rank', 'description': 'actor'}, {'name': 'D.J. Johnson', 'description': 'actor'}, {'name': 'Velizar Binev', 'description': 'actor'}, {'name': 'Ivaylo Geraskov', 'description': 'actor'}, {'name': 'Jeffery Beach', 'description': 'actor'}, {'name': 'Phillip J. Roth', 'description': 'actor'}, {'name': 'James Hollensteiner', 'description': 'actor'}, {'name': 'Ken Olandt', 'description': 'actor'}, {'name': 'Michael Braun', 'description': 'actor'}, {'name': 'Richard Smith', 'description': 'actor'}, {'name': 'Thomas J. Niedermeyer Jr.', 'description': 'actor'}, {'name': 'Jeff Rank', 'description': 'author'}, {'name': 'Phillip J. Roth', 'description': 'author'}]"
My Dinner with Andre,10/11/1981,"Comedy, Drama","HBO MAX, Prime Video",America,Movie,7+ (PG),7.7/10,,"[{'name': 'Louis Malle', 'description': 'director'}, {'name': 'Wallace Shawn', 'description': 'actor'}, {'name': 'Andre Gregory', 'description': 'actor'}, {'name': 'Jean Lenauer', 'description': 'actor'}, {'name': 'Roy Butler', 'description': 'actor'}, {'name': 'Beverly Karp', 'description': 'actor'}, {'name': 'George W. George', 'description': 'actor'}, {'name': 'Andre Gregory', 'description': 'author'}, {'name': 'Wallace Shawn', 'description': 'author'}]"
Black Friday,11/2/2021,Animation,Free Services,,Movie,,,,[]
Britain's Best Home Cook,5/3/2018,Reality,Hulu,,TV Show,,7.7/10,2,"[{'name': 'Mary Berry', 'description': 'actor'}, {'name': 'Chris Bavin', 'description': 'actor'}, {'name': 'Claudia Winkleman', 'description': 'actor'}, {'name': 'Angela Hartnett', 'description': 'actor'}, {'name': 'Dan Doherty', 'description': 'actor'}]"
The Postie,11/11/2019,Comedy,Prime Video ,,Movie,,,,"[{'name': 'Jade Winters', 'description': 'director'}]"
Kaatrin Mozhi,11/16/2018,"Drama, Comedy","Prime Video, Prime Video",India,Movie,,7.4/10,,"[{'name': 'Radha Mohan', 'description': 'director'}, {'name': 'Jyothika', 'description': 'actor'}, {'name': 'Vidharth', 'description': 'actor'}, {'name': 'Lakshmi Manchu', 'description': 'actor'}, {'name': 'Elango Kumaravel', 'description': 'actor'}, {'name': 'M. S. Bhaskar', 'description': 'actor'}, {'name': 'Narayan Lucky', 'description': 'actor'}, {'name': 'Mayilsamy', 'description': 'actor'}, {'name': 'Silambarasan', 'description': 'actor'}, {'name': 'G Dhananjayan', 'description': 'actor'}, {'name': 'Lalitha Dhananjayan', 'description': 'actor'}, {'name': 'S Vikram Kumar', 'description': 'actor'}, {'name': 'Radha Mohan', 'description': 'author'}]"
Our House,5/1/2006,Drama,"Free Services, Prime Video",America,Movie,All (G),7.2/10,,"[{'name': 'Mark Griffiths', 'description': 'director'}, {'name': 'Doris Roberts', 'description': 'actor'}, {'name': 'Judy Reyes', 'description': 'actor'}, {'name': 'Ellen Geer', 'description': 'actor'}, {'name': 'Jeffrey Marcus', 'description': 'actor'}, {'name': 'Jim Cody Williams', 'description': 'actor'}, {'name': 'Stacy Solodkin', 'description': 'actor'}, {'name': 'E.J. Callahan', 'description': 'actor'}, {'name': 'Deborah Van Valkenburgh', 'description': 'actor'}, {'name': 'Mandy McMillian', 'description': 'actor'}, {'name': 'Gabe Cohen', 'description': 'actor'}, {'name': 'Ann Magnuson', 'description': 'actor'}, {'name': 'Shashawnee Hall', 'description': 'actor'}, {'name': 'Omar J. Dorsey', 'description': 'actor'}, {'name': 'Greg Evigan', 'description': 'actor'}, {'name': 'Michael Lach', 'description': 'author'}, {'name': 'Kevin Kiner', 'description': 'actor'}]"
Midnight Movie,10/24/2008,"Horror, Thriller",Prime Video ,America,Movie,18+ (R),10-May,,"[{'name': 'Jack Messitt', 'description': 'director'}, {'name': 'Rebekah Brandes', 'description': 'actor'}, {'name': 'Daniel Bonjour', 'description': 'actor'}, {'name': 'Greg Cirulnick', 'description': 'actor'}, {'name': 'Mandell Maughan', 'description': 'actor'}, {'name': 'Stan Ellsworth', 'description': 'actor'}, {'name': 'Melissa Steach', 'description': 'actor'}, {'name': 'Jon Briddell', 'description': 'actor'}, {'name': 'Brea Grant', 'description': 'actor'}, {'name': 'Michael Swan', 'description': 'actor'}, {'name': 'Carol Stanzione', 'description': 'actor'}, {'name': 'Jim Mahoney', 'description': 'actor'}, {'name': 'Arthur Roberts', 'description': 'actor'}, {'name': 'Dinora Walcott', 'description': 'actor'}, {'name': 'Christopher Page', 'description': 'actor'}, {'name': 'Henry Watkins', 'description': 'actor'}, {'name': 'Jack Messitt', 'description': 'actor'}, {'name': 'Kacy Andrews', 'description': 'actor'}, {'name': 'Michael Gleissner', 'description': 'actor'}, {'name': 'Jack Messitt', 'description': 'author'}, {'name': 'Mark Garbett', 'description': 'author'}]"
They Died with Their Boots On,11/20/1941,"Romance, Drama",Prime Video ,America,Movie,,7.2/10,,"[{'name': 'Raoul Walsh', 'description': 'director'}, {'name': 'Errol Flynn', 'description': 'actor'}, {'name': 'Olivia de Havilland', 'description': 'actor'}, {'name': 'Arthur Kennedy', 'description': 'actor'}, {'name': 'Charley Grapewin', 'description': 'actor'}, {'name': 'Gene Lockhart', 'description': 'actor'}, {'name': 'Anthony Quinn', 'description': 'actor'}, {'name': 'Stanley Ridges', 'description': 'actor'}, {'name': 'John Litel', 'description': 'actor'}, {'name': 'Walter Hampden', 'description': 'actor'}, {'name': 'Sydney Greenstreet', 'description': 'actor'}, {'name': 'Regis Toomey', 'description': 'actor'}, {'name': 'Hattie McDaniel', 'description': 'actor'}, {'name': 'G. P. Huntley', 'description': 'actor'}, {'name': 'Frank Wilcox', 'description': 'actor'}, {'name': 'Joe Sawyer', 'description': 'actor'}, {'name': 'Minor Watson', 'description': 'actor'}, {'name': 'Eddie Acuff', 'description': 'actor'}, {'name': 'Tod Andrews', 'description': 'actor'}, {'name': 'Cyril Archambault', 'description': 'actor'}, {'name': 'Irving Bacon', 'description': 'actor'}, {'name': 'Walter Baldwin', 'description': 'actor'}, {'name': 'Æneas MacKenzie', 'description': 'author'}, {'name': 'Wally Kline', 'description': 'author'}]"
When Women Rule the World,,"Comedy, Science-Fiction",Free Services,,Movie,,10-Mar,,"[{'name': 'Sheldon Silverstein', 'description': 'director'}, {'name': 'Anna Hera', 'description': 'actor'}, {'name': 'Francisco DeCun', 'description': 'actor'}, {'name': 'Chris Gooch', 'description': 'actor'}, {'name': 'Sandra Glagla', 'description': 'actor'}, {'name': 'Brielle Gearson', 'description': 'actor'}, {'name': 'Steve Belflower', 'description': 'actor'}, {'name': 'Sheldon Silverstein', 'description': 'author'}]"
The Inspector Wears Skirts II,1/1/1989,"Action & Adventure, Comedy","Prime Video, Prime Video",Hong Kong,Movie,,5.3/10,,"[{'name': 'Wellson Chin Sing-Wai', 'description': 'director'}, {'name': 'Sibelle Hu', 'description': 'actor'}, {'name': 'Sandra Ng Kwun-Yu', 'description': 'actor'}, {'name': 'Kara Hui', 'description': 'actor'}, {'name': 'May Lo Mei-Mei', 'description': 'actor'}, {'name': 'Angile Leung Wan Yui', 'description': 'actor'}, {'name': 'Regina Kent', 'description': 'actor'}, {'name': 'Amy Yip', 'description': 'actor'}, {'name': 'Joanna Chan Pui-San', 'description': 'actor'}, {'name': 'Tiffany Lau Yuk-Ting', 'description': 'actor'}, {'name': 'Tai Wan-Wai', 'description': 'actor'}, {'name': 'Bill Tung', 'description': 'actor'}, {'name': 'Melvin Wong Gam-Sam', 'description': 'actor'}, {'name': 'Stanley Fung', 'description': 'actor'}, {'name': 'Billy Lau', 'description': 'actor'}, {'name': 'Johnny Cheung Wa', 'description': 'actor'}, {'name': 'Go Shut-Fung', 'description': 'actor'}, {'name': 'Chan Daat-Gong', 'description': 'actor'}, {'name': 'Mars', 'description': 'actor'}, {'name': 'Jeffrey Falcon', 'description': 'actor'}, {'name': 'Ricky Hui', 'description': 'actor'}, {'name': 'Ken Lo', 'description': 'actor'}, {'name': 'Jackie Chan', 'description': 'actor'}]"
A Cadaver Christmas,4/2/2011,"Comedy, Horror","Free Services, Prime Video",America,Movie,,4.6/10,,"[{'name': 'Joe Zerull', 'description': 'director'}, {'name': 'Daniel Rairdin-Hale', 'description': 'actor'}, {'name': 'Yosh Hayashi', 'description': 'actor'}, {'name': 'Ben Hopkins', 'description': 'actor'}, {'name': 'Hanlon Smith-Dorsey', 'description': 'actor'}, {'name': 'Andrew Harvey', 'description': 'actor'}, {'name': 'Jessica Denney', 'description': 'actor'}, {'name': 'Susaan Jamshidi', 'description': 'actor'}, {'name': 'Daniel Rairdin-Hale', 'description': 'author'}, {'name': 'Hanlon Smith-Dorsey', 'description': 'author'}, {'name': 'Joe Zerull', 'description': 'author'}]"
10 Cent Pistol,7/24/2014,"Crime, Thriller","Free Services, Prime Video",America,Movie,18+ (R),4.6/10,,"[{'name': 'Michael C. Martin', 'description': 'director'}, {'name': 'Jena Malone', 'description': 'actor'}, {'name': 'JT Alexander', 'description': 'actor'}, {'name': 'Damon Alexander', 'description': 'actor'}, {'name': 'Joe Mantegna', 'description': 'actor'}, {'name': 'Thomas Ian Nicholas', 'description': 'actor'}, {'name': 'Adam Arkin', 'description': 'actor'}, {'name': 'Brendan Sexton III', 'description': 'actor'}, {'name': 'Jessica Szohr', 'description': 'actor'}, {'name': 'Emilio Rivera', 'description': 'actor'}, {'name': 'Joseph Julian Soria', 'description': 'actor'}, {'name': 'Colby French', 'description': 'actor'}, {'name': 'Amir Talai', 'description': 'actor'}, {'name': 'Justin Hires', 'description': 'actor'}, {'name': 'Kiko Ellsworth', 'description': 'actor'}, {'name': 'Steve Cell', 'description': 'actor'}, {'name': 'Dan Martin', 'description': 'actor'}, {'name': 'Kevin Brief', 'description': 'actor'}, {'name': 'Elaine Kagan', 'description': 'actor'}, {'name': 'Barbara Scolaro', 'description': 'actor'}, {'name': 'Adam Clark', 'description': 'actor'}, {'name': 'Alex Beh', 'description': 'actor'}, {'name': 'Damon Alexander', 'description': 'actor'}, {'name': 'JT Alexander', 'description': 'actor'}]"
The Gathering,12/4/1977,Drama,Prime Video ,,Movie,All (G),7.8/10,,"[{'name': 'Randal Kleiser', 'description': 'director'}, {'name': 'Edward Asner', 'description': 'actor'}, {'name': 'Maureen Stapleton', 'description': 'actor'}, {'name': 'Rebecca Balding', 'description': 'actor'}, {'name': 'Sarah Cunningham', 'description': 'actor'}, {'name': 'Bruce Davison', 'description': 'actor'}, {'name': 'Veronica Hamel', 'description': 'actor'}, {'name': 'James Karen', 'description': 'actor'}, {'name': 'Lawrence Pressman', 'description': 'actor'}, {'name': 'John Randolph', 'description': 'actor'}, {'name': 'Gail Strickland', 'description': 'actor'}, {'name': 'Edward Winter', 'description': 'actor'}, {'name': 'Stephanie Zimbalist', 'description': 'actor'}, {'name': 'Gregory Harrison', 'description': 'actor'}, {'name': 'Harry R. Sherman', 'description': 'actor'}, {'name': 'Joseph Barbera', 'description': 'actor'}, {'name': 'James Poe', 'description': 'author'}]"
Acquisitions Incorporated: The Series,6/8/2016,"Action & Adventure, Comedy",Prime Video ,,TV Show,18+ (TV-MA),7.6/10,1,[]
My Daily Routine,2/14/2011,"Animation, Biography",Fandor,America,Movie,,6.2/10,,"[{'name': 'David Lowery', 'description': 'director'}, {'name': 'David Lowery', 'description': 'actor'}]"
You Belong to Me,2/24/2002,"Drama, Mystery","Free Services, Prime Video",Canada,Movie,13+ (PG-13),5.9/10,,"[{'name': 'Paolo Barzman', 'description': 'director'}, {'name': 'Lesley-Anne Down', 'description': 'actor'}, {'name': 'Tony De Santis', 'description': 'actor'}, {'name': 'Barclay Hope', 'description': 'actor'}, {'name': 'Daniel Morgenroth', 'description': 'actor'}, {'name': 'Kate Trotter', 'description': 'actor'}, {'name': 'Michelle Nolden', 'description': 'actor'}, {'name': 'Lori Hallier', 'description': 'actor'}, {'name': 'Tony Rosato', 'description': 'actor'}, {'name': 'Alex Karzis', 'description': 'actor'}, {'name': 'Sandi Ross', 'description': 'actor'}, {'name': 'Michael A. Miranda', 'description': 'actor'}, {'name': 'Arnold Pinnock', 'description': 'actor'}, {'name': 'Robert Seeliger', 'description': 'actor'}, {'name': 'Ramona Milano', 'description': 'actor'}, {'name': 'Megan Fahlenbock', 'description': 'actor'}, {'name': 'Marvin Ishmael', 'description': 'actor'}, {'name': 'Tom Harvey', 'description': 'actor'}, {'name': 'Marie Ward', 'description': 'actor'}, {'name': 'Jennifer Hill', 'description': 'actor'}, {'name': 'Joe Matheson', 'description': 'actor'}, {'name': 'Kathy Imrie', 'description': 'actor'}, {'name': 'Lisa Parasyn', 'description': 'actor'}, {'name': 'John F.S. Laing', 'description': 'actor'}]"
The Capture of the Green River Killer,3/30/2008,"Drama, Crime","Free Services, Prime Video",,Movie,,10-Jul,,"[{'name': 'Tom Cavanagh', 'description': 'actor'}, {'name': 'Currie Graham', 'description': 'actor'}, {'name': 'Amy Davidson', 'description': 'actor'}, {'name': 'Ingrid Rogers', 'description': 'actor'}, {'name': 'Jessica Harmon', 'description': 'actor'}, {'name': 'Michelle Harrison', 'description': 'actor'}]"
BURN·E,11/17/2008,"Action & Adventure, Science-Fiction","Disney+, Prime Video",America,Movie,All (G),7.6/10,,"[{'name': 'Angus MacLane', 'description': 'director'}, {'name': 'Angus MacLane', 'description': 'actor'}, {'name': 'Tessa Swigart', 'description': 'actor'}, {'name': 'Ben Burtt', 'description': 'actor'}, {'name': 'Jeff Garlin', 'description': 'actor'}, {'name': 'Elissa Knight', 'description': 'actor'}, {'name': 'Andrew Stanton', 'description': 'actor'}, {'name': 'John Lasseter', 'description': 'actor'}]"
Cold Comfort,8/28/1989,"Thriller, Drama",Free Services,Canada,Movie,18+ (R),6.2/10,,"[{'name': 'Vic Sarin', 'description': 'director'}, {'name': 'Maury Chaykin', 'description': 'actor'}, {'name': 'Margaret Langrick', 'description': 'actor'}, {'name': 'Paul Gross', 'description': 'actor'}, {'name': 'Jayne Eastwood', 'description': 'actor'}, {'name': 'Ted Follows', 'description': 'actor'}, {'name': 'Richard Fitch', 'description': 'actor'}, {'name': 'Grant Roll', 'description': 'actor'}, {'name': 'Ilana Frank', 'description': 'actor'}, {'name': 'Ray Sager', 'description': 'actor'}, {'name': 'Dan Johnson', 'description': 'actor'}, {'name': 'Peter R. Simpson', 'description': 'actor'}, {'name': 'Elliot L. Sims', 'description': 'author'}, {'name': 'Richard Beattie', 'description': 'author'}, {'name': 'Jeff Danna', 'description': 'actor'}, {'name': 'Mychael Danna', 'description': 'actor'}]"
Oh! Invisible Man,10/16/2010,"Comedy, Science-Fiction",Prime Video ,Japan,Movie,,4.9/10,,"[{'name': 'Masakazu Migita', 'description': 'director'}, {'name': 'Emi Yanagimoto', 'description': 'actor'}, {'name': 'Yuri Murakami', 'description': 'actor'}, {'name': 'Enoku Shimegi', 'description': 'actor'}, {'name': 'Yû Kawana', 'description': 'actor'}, {'name': 'Maika Suzuki', 'description': 'actor'}, {'name': 'Akitoshi Ohtaki', 'description': 'actor'}, {'name': 'Shiko', 'description': 'actor'}, {'name': 'Ito Haruka', 'description': 'actor'}, {'name': 'Bob Suzuki', 'description': 'actor'}, {'name': 'Takashi Omoto', 'description': 'actor'}, {'name': 'Kôichi Ikari', 'description': 'actor'}, {'name': 'Takako Sato', 'description': 'actor'}, {'name': 'Yakan Nabe', 'description': 'actor'}, {'name': 'Yoshifumi Ikeda', 'description': 'actor'}, {'name': 'Meme', 'description': 'actor'}, {'name': 'Aya Mizusaki', 'description': 'actor'}, {'name': 'Mitsuko Hoshi', 'description': 'actor'}, {'name': 'Masakazu Migita', 'description': 'author'}, {'name': 'Etsuko Matsui', 'description': 'actor'}]"
Death Takes a Holiday,3/30/1934,"Fantasy, Romance","Free Services, Prime Video",America,Movie,,10-Jul,,"[{'name': 'Mitchell Leisen', 'description': 'director'}, {'name': 'Fredric March', 'description': 'actor'}, {'name': 'Evelyn Venable', 'description': 'actor'}, {'name': 'Guy Standing', 'description': 'actor'}, {'name': 'Katharine Alexander', 'description': 'actor'}, {'name': 'Gail Patrick', 'description': 'actor'}, {'name': 'Helen Westley', 'description': 'actor'}, {'name': 'Kathleen Howard', 'description': 'actor'}, {'name': 'Kent Taylor', 'description': 'actor'}, {'name': 'Henry Travers', 'description': 'actor'}, {'name': 'G. P. Huntley', 'description': 'actor'}, {'name': 'Otto Hoffman', 'description': 'actor'}, {'name': 'E. Lloyd Sheldon', 'description': 'actor'}, {'name': 'Gladys Lehman', 'description': 'author'}, {'name': 'Maxwell Anderson', 'description': 'author'}, {'name': 'Bernhard Kaun', 'description': 'actor'}, {'name': 'John Leipold', 'description': 'actor'}, {'name': 'Milan Roder', 'description': 'actor'}]"
Pass the Mic!,2/11/2003,,"Free Services, Prime Video",,Movie,,9.1/10,,[]
Seven Cities of Gold,10/7/1955,"Biography, History",Prime Video ,America,Movie,,5.9/10,,"[{'name': 'Robert D. Webb', 'description': 'director'}, {'name': 'Richard Egan', 'description': 'actor'}, {'name': 'Anthony Quinn', 'description': 'actor'}, {'name': 'Michael Rennie', 'description': 'actor'}, {'name': 'Jeffrey Hunter', 'description': 'actor'}, {'name': 'Rita Moreno', 'description': 'actor'}, {'name': 'Eduardo Noriega', 'description': 'actor'}, {'name': 'John Doucette', 'description': 'actor'}, {'name': 'Leslie Bradley', 'description': 'actor'}, {'name': 'Víctor Junco', 'description': 'actor'}, {'name': 'Julio Villarreal', 'description': 'actor'}, {'name': 'Ricardo Adalid', 'description': 'actor'}, {'name': 'Yerye Beirute', 'description': 'actor'}, {'name': 'Guillermo Calles', 'description': 'actor'}, {'name': 'Kathleen Crowley', 'description': 'actor'}, {'name': 'Gilda Fontana', 'description': 'actor'}, {'name': 'Pedro Galván', 'description': 'actor'}, {'name': 'Eduardo González Pliego', 'description': 'actor'}, {'name': 'Jaime González Quiñones', 'description': 'actor'}, {'name': 'Juan Jose Hurtado', 'description': 'actor'}, {'name': 'Miguel Inclán', 'description': 'actor'}, {'name': 'Jack Mower', 'description': 'actor'}, {'name': 'Barbara McLean', 'description': 'actor'}, {'name': 'Robert D. Webb', 'description': 'actor'}]"
The Goldwyn Follies,2/4/1938,Romance,"Kanopy, Prime Video",America,Movie,,5.3/10,,"[{'name': 'George Marshall', 'description': 'director'}, {'name': 'Adolphe Menjou', 'description': 'actor'}, {'name': 'Vera Zorina', 'description': 'actor'}, {'name': 'Kenny Baker', 'description': 'actor'}, {'name': 'Andrea Leeds', 'description': 'actor'}, {'name': 'Edgar Bergen', 'description': 'actor'}, {'name': 'Helen Jepson', 'description': 'actor'}, {'name': 'Phil Baker', 'description': 'actor'}, {'name': 'Bobby Clark', 'description': 'actor'}, {'name': 'Ella Logan', 'description': 'actor'}, {'name': 'Jerome Cowan', 'description': 'actor'}, {'name': 'Charles Kullmann', 'description': 'actor'}, {'name': 'Nydia Westman', 'description': 'actor'}, {'name': 'Frank Shields', 'description': 'actor'}, {'name': 'Alan Ladd', 'description': 'actor'}, {'name': 'Samuel Goldwyn', 'description': 'actor'}, {'name': 'Ben Hecht', 'description': 'author'}]"
Prithviraj,11/13/2020,"Drama, Action & Adventure","Prime Video, Prime Video",India,Movie,,,,"[{'name': 'Dr. Chandraprakash Dwivedi', 'description': 'director'}, {'name': 'Akshay Kumar', 'description': 'actor'}, {'name': 'Manushi Chhillar', 'description': 'actor'}, {'name': 'Sanjay Dutt', 'description': 'actor'}, {'name': 'Manav Vij', 'description': 'actor'}, {'name': 'Sonu Sood', 'description': 'actor'}, {'name': 'Ashutosh Rana', 'description': 'actor'}, {'name': 'Aditya Chopra', 'description': 'actor'}, {'name': 'Dr. Chandraprakash Dwivedi', 'description': 'author'}]"
The Box,5/15/2003,"Romance, Crime",Fandor,,Movie,18+ (R),4.9/10,,"[{'name': 'Richard Pepin', 'description': 'director'}, {'name': 'James Russo', 'description': 'actor'}, {'name': 'Theresa Russell', 'description': 'actor'}, {'name': 'Brad Dourif', 'description': 'actor'}, {'name': 'Mark Parra', 'description': 'actor'}, {'name': 'Steve Railsback', 'description': 'actor'}, {'name': 'Jon Polito', 'description': 'actor'}, {'name': 'Michael Rooker', 'description': 'actor'}, {'name': 'John Snyder', 'description': 'actor'}, {'name': 'Lee Weaver', 'description': 'actor'}, {'name': 'Joe Palese', 'description': 'actor'}, {'name': 'Lucille M. Oliver', 'description': 'actor'}, {'name': 'Andrée Bernard', 'description': 'actor'}, {'name': 'Meadow Williams', 'description': 'actor'}, {'name': 'Carlos Lauchu', 'description': 'actor'}, {'name': 'Nils Allen Stewart', 'description': 'actor'}, {'name': 'Ben Maccabee', 'description': 'actor'}, {'name': 'Stephane Kay', 'description': 'actor'}, {'name': 'David Shoshan', 'description': 'actor'}, {'name': 'James Russo', 'description': 'actor'}, {'name': 'Richard Pepin', 'description': 'actor'}, {'name': 'Yakov Bentsvi', 'description': 'actor'}, {'name': 'James Russo', 'description': 'author'}]"
Long Strange Trip,6/2/2017,"Action & Adventure, Documentary","Free Services, Prime Video",America,TV Show,18+ (TV-MA),8.2/10,1,"[{'name': 'Jerry Garcia', 'description': 'actor'}, {'name': 'Bob Weir', 'description': 'actor'}, {'name': 'Phil Lesh', 'description': 'actor'}]"
Pit Pony,2/5/1999,"Family, Drama",Free Services,Canada,TV Show,All (TV-G),7.8/10,2,"[{'name': 'Elliot Page', 'description': 'actor'}, {'name': 'Denny Doherty', 'description': 'actor'}, {'name': 'Anna Wedlock', 'description': 'actor'}, {'name': 'Alex Wrathell', 'description': 'actor'}, {'name': 'Shaun Smyth', 'description': 'actor'}, {'name': 'Jeremy Akerman', 'description': 'actor'}]"
The Patrol,10/4/2013,Drama,"Free Services, Prime Video",Morocco,Movie,13+ (PG-13),4.2/10,,"[{'name': 'Tom Petch', 'description': 'director'}, {'name': 'Owain Arthur', 'description': 'actor'}, {'name': 'Nicholas Beveney', 'description': 'actor'}, {'name': 'Daniel Fraser', 'description': 'actor'}, {'name': 'Alex McNally', 'description': 'actor'}, {'name': 'Oliver Mott', 'description': 'actor'}, {'name': 'Ben Righton', 'description': 'actor'}, {'name': 'Nav Sidhu', 'description': 'actor'}, {'name': 'Tom Petch', 'description': 'actor'}, {'name': 'Tom Stuart', 'description': 'actor'}, {'name': 'Tom Petch', 'description': 'author'}]"
Louie Anderson Presents,7/6/2011,"Comedy, Documentary",Prime Video ,,Movie,18+ (R),5.6/10,,[]
Follow Your Nose,1/1/2015,Sport,"Free Services, Prime Video",,Movie,,,,[]
The Wings of Eagles,1/31/1957,Drama,"HBO MAX, Prime Video",America,Movie,,6.6/10,,"[{'name': 'John Ford', 'description': 'director'}, {'name': 'John Wayne', 'description': 'actor'}, {'name': 'Dan Dailey', 'description': 'actor'}, {'name': ""Maureen O'Hara"", 'description': 'actor'}, {'name': 'Ward Bond', 'description': 'actor'}, {'name': 'Ken Curtis', 'description': 'actor'}, {'name': 'Edmund Lowe', 'description': 'actor'}, {'name': 'Kenneth Tobey', 'description': 'actor'}, {'name': 'James Todd', 'description': 'actor'}, {'name': 'Barry Kelley', 'description': 'actor'}, {'name': 'Sig Ruman', 'description': 'actor'}, {'name': ""Henry O'Neill"", 'description': 'actor'}, {'name': 'Willis Bouchey', 'description': 'actor'}, {'name': 'Dorothy Jordan', 'description': 'actor'}, {'name': 'Evelyn Rudie', 'description': 'actor'}, {'name': 'Charles Schnee', 'description': 'actor'}, {'name': 'Frank Fenton', 'description': 'author'}, {'name': 'Frank Wead', 'description': 'author'}, {'name': 'William Wister Haines', 'description': 'author'}, {'name': 'Jeff Alexander', 'description': 'actor'}]"
Before We Say Goodbye,1/1/2010,"Romance, Family","Free Services, Prime Video",,Movie,13+ (PG-13),7.6/10,,[]
Sinfidelity,8/16/2020,"Drama, Thriller","Hoopla, Prime Video",America,Movie,16+,10-May,,"[{'name': 'Tamar Halpern', 'description': 'director'}, {'name': 'Piper Blair', 'description': 'actor'}, {'name': 'Heather Baverman', 'description': 'actor'}, {'name': 'Aidan Bristow', 'description': 'actor'}, {'name': 'Anne Nichols', 'description': 'actor'}, {'name': 'Caroline Cole', 'description': 'actor'}, {'name': 'Henry Frost', 'description': 'actor'}, {'name': 'Blythe Howard', 'description': 'actor'}, {'name': 'Mark Jude Sullivan', 'description': 'actor'}, {'name': 'Jade Tailor', 'description': 'actor'}, {'name': 'Daniel Bruckner', 'description': 'author'}, {'name': 'Tamar Halpern', 'description': 'author'}]"
Sharkansas Women's Prison Massacre,11/4/2015,"Horror, Science-Fiction","Free Services, Prime Video",America,Movie,,10-Mar,,"[{'name': 'Jim Wynorski', 'description': 'director'}, {'name': 'Dominique Swain', 'description': 'actor'}, {'name': 'Traci Lords', 'description': 'actor'}, {'name': 'Christine Nguyen', 'description': 'actor'}, {'name': 'Cindy Lucas', 'description': 'actor'}, {'name': 'Amy Holt', 'description': 'actor'}, {'name': 'John Callahan', 'description': 'actor'}, {'name': 'Corey Landis', 'description': 'actor'}, {'name': 'Chris De Christopher', 'description': 'actor'}, {'name': 'Skye McDonald', 'description': 'actor'}, {'name': 'Tabitha Marie', 'description': 'actor'}, {'name': 'Serafin Falcon', 'description': 'actor'}, {'name': 'Oscar DeRosa', 'description': 'actor'}, {'name': 'John Archer Lundgren', 'description': 'actor'}, {'name': 'Steve Goldenberg', 'description': 'actor'}, {'name': 'Robert Hummel', 'description': 'actor'}, {'name': 'Rafael Diaz-Wagner', 'description': 'actor'}, {'name': 'Alberto Delgado Jr.', 'description': 'actor'}, {'name': 'Alex Nunez', 'description': 'actor'}, {'name': 'Jim Wynorski', 'description': 'author'}, {'name': 'William Dever', 'description': 'author'}, {'name': 'Chuck Cirino', 'description': 'actor'}]"
W 3sixty5,5/5/2015,"Biography, Documentary",Prime Video ,,Movie,13+ (PG-13),6.9/10,,[]
Tortured for Christ,3/5/2018,"Documentary, Drama","Free Services, Prime Video",Romania,Movie,13+ (PG-13),7.1/10,,"[{'name': 'John Grooters', 'description': 'director'}, {'name': 'Emil Măndănac', 'description': 'actor'}, {'name': 'Raluca Botez', 'description': 'actor'}, {'name': 'Eduard Adam', 'description': 'actor'}, {'name': 'Virgil Aioanei', 'description': 'actor'}, {'name': 'Bogdan Albulescu', 'description': 'actor'}, {'name': 'Adrian Anghel', 'description': 'actor'}, {'name': 'Cătălin Babliuc', 'description': 'actor'}, {'name': 'Dimitrii Bogomaz', 'description': 'actor'}, {'name': 'Eugen Cristea', 'description': 'actor'}, {'name': 'Petru Dumitrescu De Hillerin', 'description': 'actor'}, {'name': 'Razvan Dinu', 'description': 'actor'}, {'name': 'Bogdan Dumitrescu', 'description': 'actor'}, {'name': 'Alexandru Fainisi', 'description': 'actor'}, {'name': 'Elias Ferkin', 'description': 'actor'}, {'name': 'Andrei Geavela', 'description': 'actor'}, {'name': 'Alexandru Mike Ghe', 'description': 'actor'}, {'name': 'Ionut Grama', 'description': 'actor'}, {'name': 'Ionut Ionescu', 'description': 'actor'}, {'name': 'Nicodim Ungureanu', 'description': 'actor'}, {'name': 'Steve Cleary', 'description': 'author'}]"
Bill Monroe: Father of Bluegrass Music,5/31/1993,"Documentary, Musical",Prime Video ,,Movie,,7.8/10,,"[{'name': 'Steve Gebhardt', 'description': 'director'}, {'name': 'Bill Monroe', 'description': 'actor'}, {'name': 'Roy Acuff', 'description': 'actor'}, {'name': 'Jerry Garcia', 'description': 'actor'}, {'name': 'Paul McCartney', 'description': 'actor'}, {'name': 'Emmylou Harris', 'description': 'actor'}, {'name': 'Dolly Parton', 'description': 'actor'}, {'name': 'Marty Stuart', 'description': 'actor'}, {'name': 'Earl Scruggs', 'description': 'actor'}, {'name': 'Larry Nager', 'description': 'author'}]"
An Impossible Love,11/7/2018,"Romance, Drama","Free Services, Prime Video",Belgium,Movie,,10-Jul,,"[{'name': 'Catherine Corsini', 'description': 'director'}, {'name': 'Virginie Efira', 'description': 'actor'}, {'name': 'Niels Schneider', 'description': 'actor'}, {'name': 'Camille Berthomier', 'description': 'actor'}, {'name': 'Estelle Lescure', 'description': 'actor'}, {'name': 'Ambre Hasaj', 'description': 'actor'}, {'name': 'Sasha Alessandri-Torrès Garcia', 'description': 'actor'}, {'name': 'Iliana Zabeth', 'description': 'actor'}, {'name': 'Coralie Russier', 'description': 'actor'}, {'name': 'Gaël Kamilindi', 'description': 'actor'}, {'name': 'Simon Bakhouche', 'description': 'actor'}, {'name': 'Catherine Morlot', 'description': 'actor'}, {'name': 'Didier Sandre', 'description': 'actor'}, {'name': 'Pierre Salvadori', 'description': 'actor'}, {'name': 'Arthur Igual', 'description': 'actor'}, {'name': 'Elisabeth Perez', 'description': 'actor'}, {'name': 'Catherine Corsini', 'description': 'author'}, {'name': 'Christine Angot', 'description': 'author'}, {'name': 'Laurette Polmanss', 'description': 'author'}, {'name': 'Grégoire Hetzel', 'description': 'actor'}]"
Depeche Mode: 101,4/27/1989,"Documentary, Musical","Hoopla, Prime Video",United Kingdom,Movie,18+ (R),8.1/10,,"[{'name': 'Chris Hegedus', 'description': 'director'}, {'name': 'D. A. Pennebaker', 'description': 'director'}, {'name': 'David Dawkins', 'description': 'director'}, {'name': 'Dave Gahan', 'description': 'actor'}, {'name': 'Martin Gore', 'description': 'actor'}, {'name': 'Andy Fletcher', 'description': 'actor'}, {'name': 'Alan Wilder', 'description': 'actor'}, {'name': 'Frazer Pennebaker', 'description': 'actor'}]"
Fisher,11/17/2021,"Horror, Drama","Free Services, Prime Video",America,Movie,,3.4/10,,"[{'name': 'Cassandra Bryson', 'description': 'director'}, {'name': 'Lilly Leann Wright', 'description': 'actor'}, {'name': 'Jessie Bell', 'description': 'actor'}, {'name': 'Mia Naipaul', 'description': 'actor'}, {'name': 'Blaine Rincon', 'description': 'actor'}, {'name': 'Sage Lawrence', 'description': 'actor'}, {'name': 'Zach Meiser', 'description': 'actor'}, {'name': 'Alexander Chastain', 'description': 'actor'}, {'name': 'Dakota Evans', 'description': 'actor'}, {'name': 'Jeremy Hawkins', 'description': 'actor'}, {'name': 'Zachary Rodrigues-Gardner', 'description': 'actor'}, {'name': 'Shellyta Chatman', 'description': 'actor'}, {'name': 'Zach Kinsey', 'description': 'actor'}, {'name': 'Nasim Bowlus', 'description': 'actor'}, {'name': 'Brian Parks', 'description': 'actor'}, {'name': 'Cassandra Bryson', 'description': 'actor'}, {'name': 'Cassandra Bryson', 'description': 'author'}]"
The Battery,10/13/2012,"Horror, Drama","Free Services, Prime Video",America,Movie,,6.3/10,,"[{'name': 'Jeremy Gardner', 'description': 'director'}, {'name': 'Jeremy Gardner', 'description': 'actor'}, {'name': 'Adam Cronheim', 'description': 'actor'}, {'name': 'Niels Bolle', 'description': 'actor'}, {'name': ""Alana O'Brien"", 'description': 'actor'}, {'name': 'Jamie Pantanella', 'description': 'actor'}, {'name': 'Larry Fessenden', 'description': 'actor'}, {'name': 'Kelly McQuade', 'description': 'actor'}, {'name': 'Matt Bacco', 'description': 'actor'}, {'name': 'Elise Stella', 'description': 'actor'}, {'name': 'Adam Cronheim', 'description': 'actor'}, {'name': 'Christian Stella', 'description': 'actor'}, {'name': 'Douglas A. Plomitallo', 'description': 'actor'}, {'name': 'Jeremy Gardner', 'description': 'actor'}, {'name': 'Jamie Pantanella', 'description': 'actor'}, {'name': 'Kelly McQuade', 'description': 'actor'}, {'name': 'Matt Bacco', 'description': 'actor'}, {'name': 'Jeremy Gardner', 'description': 'author'}]"
His and Her Christmas,12/19/2005,"Comedy, Family","Free Services, Prime Video",Canada,Movie,7+ (PG),10-May,,"[{'name': 'Farhad Mann', 'description': 'director'}, {'name': 'Dina Meyer', 'description': 'actor'}, {'name': 'David Sutcliffe', 'description': 'actor'}, {'name': 'April Telek', 'description': 'actor'}, {'name': 'Scott Swanson', 'description': 'actor'}, {'name': 'Campbell Lane', 'description': 'actor'}, {'name': 'Garry Chalk', 'description': 'actor'}, {'name': 'Paula Devicq', 'description': 'actor'}, {'name': 'Kyle Cassie', 'description': 'actor'}, {'name': 'Alistair Abell', 'description': 'actor'}, {'name': 'Alexia Fast', 'description': 'actor'}, {'name': 'Tony Alcantar', 'description': 'actor'}, {'name': 'Scott E. Miller', 'description': 'actor'}, {'name': 'Karen Khunkhun', 'description': 'actor'}, {'name': 'Peter Sullivan', 'description': 'author'}]"
Iliza Shlesinger: War Paint,1/1/2013,"Stand-up & Talk, Comedy","Free Services, Prime Video",America,Movie,,6.6/10,,"[{'name': 'Jay Chapman', 'description': 'director'}, {'name': 'Iliza Shlesinger', 'description': 'actor'}, {'name': 'Steve Krueger', 'description': 'actor'}, {'name': 'Brian Volk-Weiss', 'description': 'actor'}, {'name': 'Iliza Shlesinger', 'description': 'actor'}, {'name': 'Jack Vaughn', 'description': 'actor'}, {'name': 'Kara Baker', 'description': 'actor'}, {'name': 'Iliza Shlesinger', 'description': 'author'}]"
Enter the Fat Dragon,1/23/2020,"Action & Adventure, Crime","Free Services, Prime Video",China,Movie,16+,5.7/10,,"[{'name': 'Aman Chang', 'description': 'director'}, {'name': 'Kenji Tanigaki', 'description': 'director'}, {'name': 'Donnie Yen', 'description': 'actor'}, {'name': 'Teresa Mo', 'description': 'actor'}, {'name': 'Wong Jing', 'description': 'actor'}, {'name': 'Niki Chow', 'description': 'actor'}, {'name': 'Naoto Takenaka', 'description': 'actor'}, {'name': 'Tetsu Watanabe', 'description': 'actor'}, {'name': 'Hiro Hayama', 'description': 'actor'}, {'name': 'Louis Cheung', 'description': 'actor'}, {'name': 'Lin Qiu-Nan', 'description': 'actor'}, {'name': 'Wong Cho-lam', 'description': 'actor'}, {'name': 'Jim Chim Sui-Man', 'description': 'actor'}, {'name': 'Anthony Chan Yau', 'description': 'actor'}, {'name': 'Philip Ng', 'description': 'actor'}, {'name': 'Jerry Lamb Hiu-Fung', 'description': 'actor'}, {'name': 'Lawrence Chou', 'description': 'actor'}, {'name': 'Bob Lam', 'description': 'actor'}, {'name': 'Tyson Chak', 'description': 'actor'}, {'name': 'Andrew Yan Hua', 'description': 'actor'}, {'name': 'Yu Kang', 'description': 'actor'}, {'name': 'Min Hun Fung', 'description': 'actor'}, {'name': 'Joey Iwanaga', 'description': 'actor'}, {'name': 'Connie Wong Nga-Lam', 'description': 'actor'}]"
Sweet Dreams,,"Drama, Thriller",Free Services,,Movie,,,,[]
I am Thor,11/20/2015,"Musical, Documentary","Free Services, Prime Video",America,Movie,,10-Jul,,"[{'name': 'Ryan Wise', 'description': 'director'}, {'name': 'Jon Mikl Thor', 'description': 'actor'}, {'name': 'Lou Ferrigno', 'description': 'actor'}, {'name': 'John Holmstrom', 'description': 'actor'}, {'name': 'Nik Turner', 'description': 'actor'}, {'name': 'John Fasano', 'description': 'actor'}, {'name': 'Alan Higbee', 'description': 'actor'}]"
Welcome to Soldier Ride,7/18/2014,Documentary,"Free Services, Prime Video",,Movie,16+,8.8/10,,[]
In Full Bloom... Transcending Gender,1/1/2015,"Biography, Documentary","Kanopy, Prime Video",,Movie,,,,"[{'name': 'Michael Brewer', 'description': 'director'}, {'name': 'David Gaddas', 'description': 'actor'}, {'name': 'Gizelle Messina', 'description': 'actor'}, {'name': 'Jazzmun Nichcala Crayton', 'description': 'actor'}, {'name': 'Maria Ronan', 'description': 'actor'}, {'name': 'Nadia Milan', 'description': 'actor'}, {'name': 'Helen Wong', 'description': 'actor'}]"
Whale,3/6/2010,Drama,"Free Services, Prime Video",,Movie,,7.7/10,,"[{'name': 'Amir Motlagh', 'description': 'director'}, {'name': 'Amir Motlagh', 'description': 'actor'}, {'name': 'Amir Motlagh', 'description': 'author'}]"
Snapshot,12/31/2014,Thriller,Free Services,America,Movie,,6.3/10,,"[{'name': 'Frankie Latina', 'description': 'director'}, {'name': 'Sasha Grey', 'description': 'actor'}, {'name': 'Danny Trejo', 'description': 'actor'}, {'name': 'Kelly Cunningham', 'description': 'actor'}, {'name': 'Mark Borchardt', 'description': 'actor'}, {'name': 'Kumar Pallana', 'description': 'actor'}, {'name': 'Andrew Swant', 'description': 'actor'}, {'name': 'Cade Carradine', 'description': 'actor'}, {'name': 'Mike Schank', 'description': 'actor'}, {'name': 'Gina Nadine Brown', 'description': 'actor'}, {'name': 'Norman Lasca', 'description': 'actor'}, {'name': ""Eamonn O'Neill"", 'description': 'actor'}, {'name': 'Justin Linnemeier', 'description': 'actor'}, {'name': 'Didier Leplae', 'description': 'actor'}, {'name': 'Randy Russell', 'description': 'actor'}, {'name': 'Sean Williamson', 'description': 'actor'}, {'name': 'Gilbert Trejo', 'description': 'author'}]"
Weaving Worlds,11/1/2008,Documentary,Prime Video ,,Movie,,8.1/10,,[]
Tanner Hall Forever,10/6/2020,"Documentary, Sport","Free Services, Prime Video",,Movie,,,,"[{'name': 'Constantine Papanicolaou', 'description': 'director'}, {'name': 'Tanner Hall', 'description': 'actor'}, {'name': 'Constantine Papanicolaou', 'description': 'author'}]"
Dead on Time,,"Drama, Action & Adventure",Prime Video ,America,Movie,,4.5/10,,"[{'name': 'Rish Mustaine', 'description': 'director'}, {'name': 'Michael Madsen', 'description': 'actor'}, {'name': 'John Sjogren', 'description': 'actor'}, {'name': 'Mohammed Zouaoui', 'description': 'actor'}, {'name': 'Scott Colton', 'description': 'actor'}]"
The Uncanny,8/24/1977,"Drama, Horror","Free Services, Prime Video",Canada,Movie,,5.7/10,,"[{'name': 'Denis Héroux', 'description': 'director'}, {'name': 'Peter Cushing', 'description': 'actor'}, {'name': 'Ray Milland', 'description': 'actor'}, {'name': 'Joan Greenwood', 'description': 'actor'}, {'name': 'Susan Penhaligon', 'description': 'actor'}, {'name': 'Donald Pleasence', 'description': 'actor'}, {'name': 'Samantha Eggar', 'description': 'actor'}, {'name': 'John Vernon', 'description': 'actor'}, {'name': 'Roland Culver', 'description': 'actor'}, {'name': 'Simon Williams', 'description': 'actor'}, {'name': 'Alexandra Stewart', 'description': 'actor'}, {'name': 'Donald Pilon', 'description': 'actor'}, {'name': 'Chloe Franks', 'description': 'actor'}, {'name': 'Katrina Holden Bronson', 'description': 'actor'}, {'name': 'Renée Girard', 'description': 'actor'}, {'name': 'Catherine Bégin', 'description': 'actor'}, {'name': 'Jean LeClerc', 'description': 'actor'}, {'name': 'Sean McCann', 'description': 'actor'}, {'name': 'Claude Héroux', 'description': 'actor'}, {'name': 'Milton Subotsky', 'description': 'actor'}, {'name': 'René Dupont', 'description': 'actor'}, {'name': 'Harold Greenberg', 'description': 'actor'}, {'name': 'Richard R. St. Johns', 'description': 'actor'}, {'name': 'Robert A. Kanto', 'description': 'actor'}]"
Now What?!,12/9/2016,"Drama, Comedy",Prime Video ,,TV Show,18+ (TV-MA),7.4/10,3,"[{'name': 'Paul Galliano', 'description': 'actor'}, {'name': 'David Millbern', 'description': 'actor'}, {'name': 'David Millbern', 'description': 'actor'}]"
Letters from the Big Man,11/11/2011,"Science-Fiction, Drama",Prime Video ,America,Movie,,6.3/10,,"[{'name': 'Christopher Munch', 'description': 'director'}, {'name': 'Lily Rabe', 'description': 'actor'}, {'name': 'Jason Butler Harner', 'description': 'actor'}, {'name': 'Isaac C. Singleton Jr.', 'description': 'actor'}, {'name': 'Jim Cody Williams', 'description': 'actor'}, {'name': 'Fiona Dourif', 'description': 'actor'}, {'name': 'Don McManus', 'description': 'actor'}, {'name': 'Karen Black', 'description': 'actor'}, {'name': 'Skyler Brigmann', 'description': 'actor'}, {'name': 'Gregory Bennett', 'description': 'actor'}, {'name': 'Jessica Noboa', 'description': 'actor'}, {'name': 'Christopher Munch', 'description': 'author'}]"
Chuck D Presents Band in the House,4/9/2013,,Free Services,,Movie,,,,[]
Back Door to Heaven,4/19/1939,"Drama, Crime","Free Services, Prime Video",America,Movie,All (G),6.1/10,,"[{'name': 'William K. Howard', 'description': 'director'}, {'name': 'Wallace Ford', 'description': 'actor'}, {'name': 'Patricia Ellis', 'description': 'actor'}, {'name': 'Aline MacMahon', 'description': 'actor'}, {'name': 'Van Heflin', 'description': 'actor'}, {'name': 'Douglas McMullen', 'description': 'actor'}, {'name': 'George J. Lewis', 'description': 'actor'}, {'name': 'Bruce Evans', 'description': 'actor'}, {'name': 'Stuart Erwin', 'description': 'actor'}, {'name': 'Bert Frohman', 'description': 'actor'}, {'name': 'Georgette Harvey', 'description': 'actor'}, {'name': 'Helen Christian', 'description': 'actor'}, {'name': 'Jimmy Lydon', 'description': 'actor'}, {'name': 'Anita Magee', 'description': 'actor'}, {'name': 'Raymond Roe', 'description': 'actor'}, {'name': 'William Redfield', 'description': 'actor'}, {'name': 'Kenneth LeRoy', 'description': 'actor'}, {'name': 'David Johnson', 'description': 'actor'}, {'name': 'William Harrigan', 'description': 'actor'}, {'name': 'Jane Seymour', 'description': 'actor'}, {'name': 'Alfred Webster', 'description': 'actor'}, {'name': 'Robert Wildhack', 'description': 'actor'}, {'name': 'John Bright', 'description': 'author'}, {'name': 'Robert Tasker', 'description': 'author'}]"
The Beckoning,2/7/2009,"Horror, Mystery",Free Services,Spain,Movie,18+ (R),5.3/10,,"[{'name': 'Elio Quiroga', 'description': 'director'}, {'name': 'Ana Torrent', 'description': 'actor'}, {'name': 'Francisco Boira', 'description': 'actor'}, {'name': 'Héctor Colomé', 'description': 'actor'}, {'name': 'Rocío Muñoz-Cobo', 'description': 'actor'}, {'name': 'Francisco Casares', 'description': 'actor'}, {'name': 'Julio Perillán', 'description': 'actor'}, {'name': 'Elio Quiroga', 'description': 'author'}]"
Champions of the Wave,,Documentary,Prime Video ,,Movie,All (G),,,[]
Jesus in Athens,6/6/2019,,Prime Video ,,Movie,,,,"[{'name': 'Peter Hansen', 'description': 'director'}, {'name': 'Darren Carlson', 'description': 'actor'}, {'name': 'Darren Carlson', 'description': 'actor'}]"
The Ayahuasca Experience,11/29/2020,Documentary,"Free Services, Prime Video",,Movie,,,,[]
Improving Your Intuition,10/10/1997,Documentary,Prime Video ,,Movie,,,,[]
Shava Ni Girdhari Lal,12/17/2021,"Romance, Comedy","Prime Video, Prime Video",India,Movie,,5.4/10,,"[{'name': 'Gippy Grewal', 'description': 'director'}, {'name': 'Gippy Grewal', 'description': 'actor'}, {'name': 'Neeru Bajwa', 'description': 'actor'}, {'name': 'Himanshi Khurana', 'description': 'actor'}, {'name': 'Tanu Grewal', 'description': 'actor'}, {'name': 'Karamjit Anmol', 'description': 'actor'}, {'name': 'Raghveer Boli', 'description': 'actor'}, {'name': 'Yami Gautam', 'description': 'actor'}, {'name': 'Gurpreet Ghuggi', 'description': 'actor'}, {'name': 'Parminder Gill', 'description': 'actor'}, {'name': 'Sara Gurpal', 'description': 'actor'}, {'name': 'Rana Ranbir', 'description': 'actor'}, {'name': 'Prince Kanwaljit Singh', 'description': 'actor'}, {'name': 'Sardar Sohi', 'description': 'actor'}, {'name': 'Gurpreet Bhangu', 'description': 'actor'}, {'name': 'Harinder Bhullar', 'description': 'actor'}, {'name': 'Akshita', 'description': 'actor'}, {'name': 'Ashu Munish Sahni', 'description': 'actor'}, {'name': 'Gippy Grewal', 'description': 'actor'}, {'name': 'Vashu Bhagnani', 'description': 'actor'}, {'name': 'Rana Ranbir', 'description': 'author'}]"
My Blueberry Nights,11/28/2007,"Romance, Drama","Free Services, Prime Video",China,Movie,13+ (PG-13),6.6/10,,"[{'name': 'Wong Kar-wai', 'description': 'director'}, {'name': 'Norah Jones', 'description': 'actor'}, {'name': 'Jude Law', 'description': 'actor'}, {'name': 'David Strathairn', 'description': 'actor'}, {'name': 'Rachel Weisz', 'description': 'actor'}, {'name': 'Natalie Portman', 'description': 'actor'}, {'name': 'Cat Power', 'description': 'actor'}, {'name': 'Frankie Faison', 'description': 'actor'}, {'name': 'Michael Delano', 'description': 'actor'}, {'name': 'Chad R. Davis', 'description': 'actor'}, {'name': 'Katya Blumenberg', 'description': 'actor'}, {'name': 'John Malloy', 'description': 'actor'}, {'name': 'Demetrius Butler', 'description': 'actor'}, {'name': 'Adriane Lenox', 'description': 'actor'}, {'name': 'Benjamin Kanes', 'description': 'actor'}, {'name': 'Michael Hartnett', 'description': 'actor'}, {'name': 'Michael May', 'description': 'actor'}, {'name': 'Jesse Garon', 'description': 'actor'}, {'name': 'Sam Hill', 'description': 'actor'}, {'name': 'Tracy Elizabeth Blackwell', 'description': 'actor'}, {'name': 'Audrei Kairen', 'description': 'actor'}, {'name': 'Bill Hollis', 'description': 'actor'}, {'name': 'Jacky Pang Yee Wah', 'description': 'actor'}, {'name': 'Jean-Louis Piel', 'description': 'actor'}]"
Repo Man,2/20/1984,"Science-Fiction, Comedy",Prime Video ,America,Movie,18+ (R),6.9/10,,"[{'name': 'Alex Cox', 'description': 'director'}, {'name': 'Harry Dean Stanton', 'description': 'actor'}, {'name': 'Emilio Estevez', 'description': 'actor'}, {'name': 'Tracey Walter', 'description': 'actor'}, {'name': 'Olivia Barash', 'description': 'actor'}, {'name': 'Sy Richardson', 'description': 'actor'}, {'name': 'Susan Barnes', 'description': 'actor'}, {'name': 'Fox Harris', 'description': 'actor'}, {'name': 'Tom Finnegan', 'description': 'actor'}, {'name': 'Del Zamora', 'description': 'actor'}, {'name': 'Eddie Velez', 'description': 'actor'}, {'name': 'Zander Schloss', 'description': 'actor'}, {'name': 'Jennifer Balgobin', 'description': 'actor'}, {'name': 'Dick Rude', 'description': 'actor'}, {'name': 'Miguel Sandoval', 'description': 'actor'}, {'name': 'Vonetta McGee', 'description': 'actor'}, {'name': 'Richard Foronjy', 'description': 'actor'}, {'name': 'Bruce White', 'description': 'actor'}, {'name': 'Sue Kiel', 'description': 'actor'}, {'name': 'Helen Martin', 'description': 'actor'}, {'name': 'Angelique Pettyjohn', 'description': 'actor'}, {'name': 'Con Covert', 'description': 'actor'}, {'name': 'Jonathan Wacks', 'description': 'actor'}, {'name': 'Peter McCarthy', 'description': 'actor'}]"
Shadow Run,1/1/1998,"Mystery, Thriller",Prime Video ,United Kingdom,Movie,16+,4.3/10,,"[{'name': 'Geoffrey Reeve', 'description': 'director'}, {'name': 'Michael Caine', 'description': 'actor'}, {'name': 'James Fox', 'description': 'actor'}, {'name': 'Christopher Cazenove', 'description': 'actor'}, {'name': 'Kenneth Colley', 'description': 'actor'}, {'name': 'Matthew Pochin', 'description': 'actor'}, {'name': 'Rae Barker', 'description': 'actor'}, {'name': 'Rupert Frazer', 'description': 'actor'}, {'name': 'Leslie Grantham', 'description': 'actor'}, {'name': 'Tim Healy', 'description': 'actor'}, {'name': 'Katherine Reeve', 'description': 'actor'}, {'name': 'Angela Douglas', 'description': 'actor'}, {'name': 'Maurice Thorogood', 'description': 'actor'}, {'name': 'Paul McEwan', 'description': 'actor'}, {'name': 'Emma Reeve', 'description': 'actor'}, {'name': 'Richard Tuck', 'description': 'actor'}, {'name': 'John Bray', 'description': 'actor'}, {'name': 'Christopher Morgan', 'description': 'actor'}, {'name': 'Khan Bonfils', 'description': 'actor'}, {'name': 'Phil Swinburne', 'description': 'actor'}, {'name': 'Paul Conde', 'description': 'actor'}, {'name': 'John Ironstone', 'description': 'actor'}, {'name': 'Geoffrey Reeve', 'description': 'actor'}, {'name': 'Desmond Lowden', 'description': 'author'}]"
Destroyed In Seconds,8/21/2008,"Animation, Documentary","Discovery+, Prime Video",America,TV Show,7+ (TV-PG),6.9/10,2,"[{'name': 'Ron Pitts', 'description': 'actor'}]"
My Design Rules,4/1/2020,Reality,"Free Services, Prime Video",,TV Show,,7.5/10,12,[]
Toxic Apocalypse,12/25/2015,"Thriller, Action & Adventure","Free Services, Prime Video",United Kingdom,Movie,,4.7/10,,"[{'name': 'Marc Hamill', 'description': 'director'}, {'name': 'Carl Hamill', 'description': 'actor'}, {'name': 'Heather Percival', 'description': 'actor'}, {'name': 'M.J. Simpson', 'description': 'actor'}, {'name': 'Chris Postlethwaite', 'description': 'actor'}, {'name': 'Tom Robinson', 'description': 'actor'}, {'name': 'Shane Buckley', 'description': 'actor'}, {'name': 'David Hardware', 'description': 'actor'}, {'name': 'Ron Hamill', 'description': 'actor'}, {'name': 'Carl Hamill', 'description': 'actor'}, {'name': 'Marc Hamill', 'description': 'actor'}, {'name': 'Carl Hamill', 'description': 'author'}, {'name': 'Marc Hamill', 'description': 'author'}]"
All Hat,9/11/2007,Comedy,"Free Services, Prime Video",Canada,Movie,18+ (R),5.1/10,,"[{'name': 'Leonard Farlinger', 'description': 'director'}, {'name': 'Rachael Leigh Cook', 'description': 'actor'}, {'name': 'Luke Kirby', 'description': 'actor'}, {'name': 'Keith Carradine', 'description': 'actor'}, {'name': 'Lisa Ray', 'description': 'actor'}, {'name': 'Graham Greene', 'description': 'actor'}, {'name': 'Ernie Hudson', 'description': 'actor'}, {'name': 'Jennifer Jonas', 'description': 'actor'}, {'name': 'Brad Smith', 'description': 'author'}, {'name': 'Bill Frisell', 'description': 'actor'}]"
Climax,3/5/2021,"Crime, Thriller","Prime Video, Prime Video",India,Movie,,7.8/10,,"[{'name': 'Bhavani Shankar Kaipa', 'description': 'director'}, {'name': 'Rajendra Prasad', 'description': 'actor'}, {'name': 'Sasha Singh', 'description': 'actor'}, {'name': 'Sri Reddy', 'description': 'actor'}, {'name': 'Prudhviraj', 'description': 'actor'}, {'name': 'Sivashankar Master', 'description': 'actor'}, {'name': 'Karunakar Reddy', 'description': 'actor'}, {'name': 'Rajeshwar Reddy', 'description': 'actor'}, {'name': 'Bhavani Shankar Kaipa', 'description': 'author'}]"
Fielder's Choice,6/18/2005,"Drama, Family",Prime Video ,,Movie,All (G),5.6/10,,"[{'name': 'Kevin Connor', 'description': 'director'}, {'name': 'George Segal', 'description': 'actor'}, {'name': 'Chad Lowe', 'description': 'actor'}, {'name': 'Marin Hinkle', 'description': 'actor'}, {'name': 'Bodhi Elfman', 'description': 'actor'}, {'name': 'Ellen Greene', 'description': 'actor'}, {'name': 'Charles Napier', 'description': 'actor'}, {'name': 'Dena Dietrich', 'description': 'actor'}, {'name': 'Miriam Flynn', 'description': 'actor'}, {'name': 'Dan Roberts', 'description': 'author'}, {'name': 'Scott Huebscher', 'description': 'author'}]"
ReMastered: The Two Killings of Sam Cooke,2/8/2019,"Thriller, Documentary",Netflix,,Movie,18+ (R),7.2/10,,"[{'name': 'Kelly Duane', 'description': 'director'}, {'name': 'Sam Cooke', 'description': 'actor'}, {'name': 'Jim Brown', 'description': 'actor'}, {'name': 'Quincy Jones', 'description': 'actor'}, {'name': 'Smokey Robinson', 'description': 'actor'}, {'name': 'Dionne Warwick', 'description': 'actor'}, {'name': 'Jeff Zimbalist', 'description': 'actor'}, {'name': 'Michael Zimbalist', 'description': 'actor'}, {'name': 'Jeff Zimbalist', 'description': 'author'}, {'name': 'Michael Zimbalist', 'description': 'author'}, {'name': 'Daniel Lessner', 'description': 'actor'}]"
Namaste Yoga,4/4/2005,Sport,"Free Services, Prime Video",,TV Show,,8.4/10,4,[]
"Very Nice, Very Nice",12/31/1961,"Comedy, Animation","Fandor, Prime Video",Canada,Movie,,6.8/10,,"[{'name': 'Arthur Lipsett', 'description': 'director'}, {'name': 'Colin Low', 'description': 'actor'}, {'name': 'Tom Daly', 'description': 'actor'}]"
Thrill Factor,8/12/2015,"Documentary, Reality","Free Services, Prime Video",America,TV Show,All (TV-G),6.8/10,1,"[{'name': 'Tory Belleci', 'description': 'actor'}, {'name': 'Kari Byron', 'description': 'actor'}]"
Nick Cobb: Broke-ish,,,Prime Video ,,Movie,,,,[]
Atrocious,10/28/2015,"Drama, Horror",Free Services,Mexico,Movie,,5.1/10,,"[{'name': 'Lex Ortega', 'description': 'director'}, {'name': 'David Aboussafy', 'description': 'actor'}, {'name': 'Laurette Flores', 'description': 'actor'}, {'name': 'Aleyda Gallardo', 'description': 'actor'}, {'name': 'Dana Karvelas', 'description': 'actor'}, {'name': 'Orlando Moguel', 'description': 'actor'}, {'name': 'Miguel Angel Nava', 'description': 'actor'}, {'name': 'Lex Ortega', 'description': 'actor'}, {'name': 'Carlos Padilla', 'description': 'actor'}, {'name': 'Julio Rivera', 'description': 'actor'}, {'name': 'Florencia Ríos', 'description': 'actor'}, {'name': 'Carlos Valencia', 'description': 'actor'}]"
Echoes,7/5/2014,"Drama, Horror","Free Services, Prime Video",America,Movie,,4.3/10,,"[{'name': 'Nils Timm', 'description': 'director'}, {'name': 'Steven Brand', 'description': 'actor'}, {'name': 'Kevin Brewerton', 'description': 'actor'}, {'name': 'Ivory Dortch', 'description': 'actor'}, {'name': 'Kate French', 'description': 'actor'}, {'name': 'Steve Hanks', 'description': 'actor'}, {'name': 'Billy Wirth', 'description': 'actor'}, {'name': 'Nils Timm', 'description': 'author'}]"
I Am Greta,11/13/2020,"Biography, Documentary",Hulu,Germany,Movie,16+,7.7/10,,"[{'name': 'Nathan Grossman', 'description': 'director'}, {'name': 'Greta Thunberg', 'description': 'actor'}, {'name': 'Arnold Schwarzenegger', 'description': 'actor'}, {'name': 'António Guterres', 'description': 'actor'}, {'name': 'Malena Ernman', 'description': 'actor'}, {'name': 'Svante Thunberg', 'description': 'actor'}, {'name': 'Pope Francis', 'description': 'actor'}, {'name': 'Donald Trump', 'description': 'actor'}, {'name': 'Vladimir Putin', 'description': 'actor'}, {'name': 'Jair Bolsonaro', 'description': 'actor'}, {'name': 'Cecilia Nessen', 'description': 'actor'}, {'name': 'Fredrik Heinig', 'description': 'actor'}, {'name': 'Helena Ingelsten', 'description': 'actor'}, {'name': 'Jutta Krug', 'description': 'actor'}, {'name': 'Axel Arnö', 'description': 'actor'}, {'name': 'Christiane Hinz', 'description': 'actor'}, {'name': ""Dana O'Keefe"", 'description': 'actor'}, {'name': 'Mandy Chang', 'description': 'actor'}, {'name': 'Pelle Nilsson', 'description': 'actor'}, {'name': 'Peter Modestij', 'description': 'actor'}, {'name': 'Philip Westgren', 'description': 'actor'}, {'name': 'Nathan Grossman', 'description': 'author'}]"
Robot Monster,6/25/1953,"Horror, Science-Fiction","Free Services, Prime Video",America,Movie,,2.9/10,,"[{'name': 'Phil Tucker', 'description': 'director'}, {'name': 'George Nader', 'description': 'actor'}, {'name': 'Claudia Barrett', 'description': 'actor'}, {'name': 'Gregory Moffett', 'description': 'actor'}, {'name': 'John Mylong', 'description': 'actor'}, {'name': 'Selena Royle', 'description': 'actor'}, {'name': 'Pamela Paulson', 'description': 'actor'}, {'name': 'George Barrows', 'description': 'actor'}, {'name': 'John Brown', 'description': 'actor'}, {'name': 'Phil Tucker', 'description': 'actor'}, {'name': 'Al Zimbalist', 'description': 'actor'}, {'name': 'Wyott Ordung', 'description': 'author'}, {'name': 'Elmer Bernstein', 'description': 'actor'}]"
La mort d'Auguste,12/15/2015,"Drama, Crime",Prime Video ,France,Movie,,10-Jul,,"[{'name': 'Denis Malleval', 'description': 'director'}, {'name': 'Bruno Solo', 'description': 'actor'}, {'name': 'Antoine Duléry', 'description': 'actor'}, {'name': 'Jean-Pierre Darroussin', 'description': 'actor'}, {'name': 'Anne Baudoux', 'description': 'actor'}, {'name': 'Jérémy Charbonnel', 'description': 'actor'}, {'name': 'Olivia Brunaux', 'description': 'actor'}, {'name': 'Julie Judd', 'description': 'actor'}, {'name': 'Georges Simenon', 'description': 'author'}]"
Punk: Attitude,7/4/2005,Documentary,Prime Video ,America,Movie,,7.4/10,,"[{'name': 'Don Letts', 'description': 'director'}, {'name': 'Jello Biafra', 'description': 'actor'}, {'name': 'Henry Rollins', 'description': 'actor'}, {'name': 'Jim Jarmusch', 'description': 'actor'}, {'name': 'Wayne Kramer', 'description': 'actor'}, {'name': 'Glenn Branca', 'description': 'actor'}, {'name': 'Thurston Moore', 'description': 'actor'}, {'name': 'Poly Styrene', 'description': 'actor'}, {'name': 'John Cale', 'description': 'actor'}, {'name': 'Bob Gruen', 'description': 'actor'}, {'name': 'Chrissie Hynde', 'description': 'actor'}, {'name': 'David Johansen', 'description': 'actor'}, {'name': 'Tommy Ramone', 'description': 'actor'}, {'name': 'Siouxsie Sioux', 'description': 'actor'}, {'name': 'Glen Matlock', 'description': 'actor'}, {'name': 'Ari Up', 'description': 'actor'}, {'name': 'Don Letts', 'description': 'author'}]"
Armed and Dangerous,8/15/1986,"Crime, Comedy","HBO MAX, Prime Video",America,Movie,13+ (PG-13),5.7/10,,"[{'name': 'Mark L. Lester', 'description': 'director'}, {'name': 'John Candy', 'description': 'actor'}, {'name': 'Eugene Levy', 'description': 'actor'}, {'name': 'Robert Loggia', 'description': 'actor'}, {'name': 'Meg Ryan', 'description': 'actor'}, {'name': 'Kenneth McMillan', 'description': 'actor'}, {'name': 'Brion James', 'description': 'actor'}, {'name': 'Jonathan Banks', 'description': 'actor'}, {'name': 'Don Stroud', 'description': 'actor'}, {'name': 'Larry Hankin', 'description': 'actor'}, {'name': 'Steve Railsback', 'description': 'actor'}, {'name': 'Tony Burton', 'description': 'actor'}, {'name': 'David Hess', 'description': 'actor'}, {'name': 'James Tolkan', 'description': 'actor'}, {'name': ""Tom 'Tiny' Lister Jr."", 'description': 'actor'}, {'name': 'Bruce Kirby', 'description': 'actor'}, {'name': 'Glenn Withrow', 'description': 'actor'}, {'name': 'Judy Landers', 'description': 'actor'}, {'name': 'Stacy Keach, Sr.', 'description': 'actor'}, {'name': 'Brian Grazer', 'description': 'actor'}, {'name': 'James Keach', 'description': 'actor'}, {'name': 'Brian Grazer', 'description': 'author'}, {'name': 'Harold Ramis', 'description': 'author'}, {'name': 'Peter Torokvei', 'description': 'author'}]"
Stormhouse,6/15/2011,"Mystery, Thriller",Prime Video ,United Kingdom,Movie,18+ (R),4.1/10,,"[{'name': 'Dan Turner', 'description': 'director'}, {'name': 'Grant Masters', 'description': 'actor'}, {'name': 'Patrick Flynn', 'description': 'actor'}, {'name': 'Grahame Fox', 'description': 'actor'}, {'name': 'Munir Khairdin', 'description': 'actor'}, {'name': 'Martin Delaney', 'description': 'actor'}, {'name': 'James Capel', 'description': 'actor'}, {'name': 'Anthony Mark Streeter', 'description': 'actor'}, {'name': 'Frankie Fitzgerald', 'description': 'actor'}, {'name': 'Andrew Hall', 'description': 'actor'}, {'name': 'Jordan Pitt', 'description': 'actor'}, {'name': 'Marlon Williams', 'description': 'actor'}, {'name': 'Dean Fisher', 'description': 'actor'}, {'name': 'Jason Arnopp', 'description': 'actor'}, {'name': 'Dan Turner', 'description': 'author'}, {'name': 'Jason Arnopp', 'description': 'author'}, {'name': 'Sam Watts', 'description': 'actor'}]"
"Gene Autry, World's Greatest Cowboy",,,Free Services,,Movie,,,,"[{'name': 'Sandy Oliveri', 'description': 'director'}]"
The Hybrids Family,10/1/2016,"Action & Adventure, Comedy","Free Services, Prime Video",,Movie,7+ (PG),5.2/10,,"[{'name': 'Tony Randel', 'description': 'director'}, {'name': 'Paul Sorvino', 'description': 'actor'}, {'name': 'Carolyn Hennesy', 'description': 'actor'}, {'name': 'Mojean Aria', 'description': 'actor'}, {'name': 'Philip Willingham', 'description': 'actor'}, {'name': 'Anne Leighton', 'description': 'actor'}, {'name': 'Tony Randel', 'description': 'actor'}]"
Black Beauty,1/1/1971,"Family, Drama","Starz, Prime Video",United Kingdom,Movie,All (G),5.4/10,,"[{'name': 'James Hill', 'description': 'director'}, {'name': 'Mark Lester', 'description': 'actor'}, {'name': 'Walter Slezak', 'description': 'actor'}, {'name': 'Peter Lee Lawrence', 'description': 'actor'}, {'name': 'Uschi Glas', 'description': 'actor'}, {'name': 'Patrick Mower', 'description': 'actor'}, {'name': 'Maria Rohm', 'description': 'actor'}, {'name': 'Eddie Golden', 'description': 'actor'}, {'name': 'Clive Geraghty', 'description': 'actor'}, {'name': 'John Hoey', 'description': 'actor'}, {'name': 'Patrick Gardiner', 'description': 'actor'}, {'name': 'Brian McGrath', 'description': 'actor'}, {'name': 'Ronan Smith', 'description': 'actor'}, {'name': 'John Franklyn', 'description': 'actor'}, {'name': 'Margaret Lacey', 'description': 'actor'}, {'name': 'John Nettleton', 'description': 'actor'}, {'name': 'Malcolm B. Heyworth', 'description': 'actor'}, {'name': 'Peter L. Andrews', 'description': 'actor'}, {'name': 'Tony Tenser', 'description': 'actor'}, {'name': 'Anna Sewell', 'description': 'author'}, {'name': 'Wolf Mankowitz', 'description': 'author'}]"
Planet Dinosaur,9/14/2011,"Action & Adventure, Horror",Prime Video ,,TV Show,7+ (TV-PG),8.1/10,1,"[{'name': 'John Hurt', 'description': 'actor'}, {'name': 'Nigel Paterson', 'description': 'author'}, {'name': 'Tom Brass', 'description': 'author'}, {'name': 'Nigel Paterson', 'description': 'actor'}, {'name': 'Phil Dobree', 'description': 'actor'}]"
Khumba,7/18/2013,"Animation, Action & Adventure","Free Services, Prime Video",South Africa,Movie,All (G),5.6/10,,"[{'name': 'Anthony Silverston', 'description': 'director'}, {'name': 'Jake T. Austin', 'description': 'actor'}, {'name': 'Liam Neeson', 'description': 'actor'}, {'name': 'Steve Buscemi', 'description': 'actor'}, {'name': 'AnnaSophia Robb', 'description': 'actor'}, {'name': 'Laurence Fishburne', 'description': 'actor'}, {'name': 'Richard E. Grant', 'description': 'actor'}, {'name': 'Loretta Devine', 'description': 'actor'}, {'name': 'Anika Noni Rose', 'description': 'actor'}, {'name': 'Catherine Tate', 'description': 'actor'}, {'name': 'Jennifer Cody', 'description': 'actor'}, {'name': 'Charlie Adler', 'description': 'actor'}, {'name': 'Dee Bradley Baker', 'description': 'actor'}, {'name': 'Jeff Bennett', 'description': 'actor'}, {'name': 'Roger L. Jackson', 'description': 'actor'}, {'name': 'Julianna Rose', 'description': 'actor'}, {'name': 'Sam Riegel', 'description': 'actor'}, {'name': 'Bryce Papenbrook', 'description': 'actor'}, {'name': 'Hope Levy', 'description': 'actor'}, {'name': 'Stephanie Sheh', 'description': 'actor'}, {'name': 'Anthony Silverston', 'description': 'author'}, {'name': 'Raffaella Delle Donne', 'description': 'author'}]"
Detour,1/20/2017,"Action & Adventure, Thriller","fuboTV, Prime Video",South Africa,Movie,18+ (R),6.2/10,,"[{'name': 'Christopher Smith', 'description': 'director'}, {'name': 'Tye Sheridan', 'description': 'actor'}, {'name': 'Bel Powley', 'description': 'actor'}, {'name': 'Emory Cohen', 'description': 'actor'}, {'name': 'Stephen Moyer', 'description': 'actor'}, {'name': 'John Lynch', 'description': 'actor'}, {'name': 'Jared Abrahamson', 'description': 'actor'}, {'name': 'Gbenga Akinnagbe', 'description': 'actor'}, {'name': 'Deon Lotz', 'description': 'actor'}, {'name': 'Reine Swart', 'description': 'actor'}, {'name': 'Tamer Burjaq', 'description': 'actor'}, {'name': 'Daniel Fox', 'description': 'actor'}, {'name': 'Kal Weber', 'description': 'actor'}, {'name': 'Compton Ross', 'description': 'actor'}, {'name': 'Jason Newmark', 'description': 'actor'}, {'name': 'Julie Baines', 'description': 'actor'}, {'name': 'Phil Hunt', 'description': 'actor'}, {'name': 'Stephen Kelliher', 'description': 'actor'}, {'name': 'Casey van der Touw', 'description': 'actor'}, {'name': 'Elliot Ross', 'description': 'actor'}, {'name': 'Fenella Ross', 'description': 'actor'}, {'name': 'Hilary Davis', 'description': 'actor'}, {'name': 'Christopher Smith', 'description': 'author'}]"
#RichKids of Beverly Hills,1/19/2014,Reality,"fuboTV, Prime Video",,TV Show,14+ (TV-14),2.9/10,4,"[{'name': 'Dorothy Wang', 'description': 'actor'}, {'name': 'Jonny Drubel', 'description': 'actor'}, {'name': 'Brendan Fitzpatrick', 'description': 'actor'}, {'name': 'EJ Johnson', 'description': 'actor'}, {'name': 'Bianca Espada', 'description': 'actor'}, {'name': 'Morgan Stewart', 'description': 'actor'}, {'name': 'Roxy Sowlaty', 'description': 'actor'}, {'name': 'Taylor Ann Hasselhoff', 'description': 'actor'}]"
Killing Lazarus,1/1/2015,"Crime, Thriller","Free Services, Prime Video",,Movie,,6.9/10,,"[{'name': 'Desmond Faison', 'description': 'director'}, {'name': 'Brent Huff', 'description': 'actor'}, {'name': 'Jahmela Biggs', 'description': 'actor'}, {'name': 'Deji LaRay', 'description': 'actor'}, {'name': 'Shayla Hale', 'description': 'actor'}, {'name': 'Elizabeth Grullon', 'description': 'actor'}, {'name': 'Jamila Webb', 'description': 'actor'}, {'name': 'Joseph Callari', 'description': 'actor'}, {'name': 'Billy Mayo', 'description': 'actor'}, {'name': 'David Hill', 'description': 'actor'}, {'name': 'Desmond Faison', 'description': 'author'}]"
Tom and Jerry Tales,9/23/2006,"Comedy, Family",Prime Video ,America,TV Show,All (TV-G),7.3/10,2,"[{'name': 'Frank Welker', 'description': 'actor'}, {'name': 'Michael Donovan', 'description': 'actor'}, {'name': 'Nicole Oliver', 'description': 'actor'}, {'name': 'Reece Thompson', 'description': 'actor'}, {'name': 'Tom Kenny', 'description': 'actor'}, {'name': 'Don Brown', 'description': 'actor'}, {'name': 'David Kaye', 'description': 'actor'}, {'name': 'Janyse Jaud', 'description': 'actor'}, {'name': 'Scott McNeil', 'description': 'actor'}, {'name': 'Sam Vincent', 'description': 'actor'}, {'name': 'Joseph Barbera', 'description': 'actor'}, {'name': 'Joseph Barbera', 'description': 'actor'}, {'name': 'William Hanna', 'description': 'actor'}]"
The Law of Ueki,4/4/2005,"Animation, Action & Adventure","Free Services, Prime Video",,TV Show,7+ (TV-PG),7.2/10,1,"[{'name': 'Romi Park', 'description': 'actor'}, {'name': 'Tomoko Kawakami', 'description': 'actor'}, {'name': 'Tsubasa Fukuchi', 'description': 'actor'}]"
Hatchet,4/27/2006,"Comedy, Horror","Free Services, Prime Video",America,Movie,18+ (R),5.6/10,,"[{'name': 'Adam Green', 'description': 'director'}, {'name': 'Tamara Feldman', 'description': 'actor'}, {'name': 'Kane Hodder', 'description': 'actor'}, {'name': 'Joleigh Fioravanti', 'description': 'actor'}, {'name': 'Joel David Moore', 'description': 'actor'}, {'name': 'Mercedes McNab', 'description': 'actor'}, {'name': 'Deon Richmond', 'description': 'actor'}, {'name': 'Joel Murray', 'description': 'actor'}, {'name': 'Parry Shen', 'description': 'actor'}, {'name': 'Richard Riehle', 'description': 'actor'}, {'name': 'Patrika Darbo', 'description': 'actor'}, {'name': 'Robert Englund', 'description': 'actor'}, {'name': 'Joshua Leonard', 'description': 'actor'}, {'name': 'Tony Todd', 'description': 'actor'}, {'name': 'John Carl Buechler', 'description': 'actor'}, {'name': 'Rileah Vanderbilt', 'description': 'actor'}, {'name': 'Adam Weisman', 'description': 'actor'}, {'name': 'Adam Green', 'description': 'actor'}, {'name': 'Will Barratt', 'description': 'actor'}, {'name': 'Cory Neal', 'description': 'actor'}, {'name': 'Sarah Elbert', 'description': 'actor'}, {'name': 'Scott Altomare', 'description': 'actor'}, {'name': 'Andrew Mysko', 'description': 'actor'}, {'name': 'Roman Kindrachuk', 'description': 'actor'}]"
Tar,10/2/2020,"Horror, Action & Adventure","Free Services, Prime Video",,Movie,,10-May,,"[{'name': 'Aaron Wolf', 'description': 'director'}, {'name': 'Timothy Bottoms', 'description': 'actor'}, {'name': 'Graham Greene', 'description': 'actor'}, {'name': 'Aaron Wolf', 'description': 'actor'}, {'name': 'Emily Peachey', 'description': 'actor'}, {'name': 'Max Perlich', 'description': 'actor'}, {'name': 'Nicole Alexandra Shipley', 'description': 'actor'}, {'name': 'Tiffany Shepis', 'description': 'actor'}, {'name': 'Stuart Stone', 'description': 'actor'}, {'name': 'Sandy Danto', 'description': 'actor'}, {'name': 'Andrew Kappel', 'description': 'actor'}, {'name': 'Timothy Nuttall', 'description': 'actor'}, {'name': 'Aaron Wolf', 'description': 'actor'}, {'name': 'Dan Wolf', 'description': 'actor'}, {'name': 'Timothy Nuttall', 'description': 'actor'}, {'name': 'Aaron Wolf', 'description': 'author'}, {'name': 'Timothy Nuttall', 'description': 'author'}]"
Rocket Hunter,1/3/2020,Action & Adventure,"Free Services, Prime Video",America,Movie,13+ (PG-13),1.4/10,,"[{'name': 'Christopher Forbes', 'description': 'director'}, {'name': 'Sophie Adams', 'description': 'actor'}, {'name': 'Jezibell Anat', 'description': 'actor'}, {'name': 'Ronald Blanton', 'description': 'actor'}, {'name': 'Wayne Blanton', 'description': 'actor'}, {'name': 'Kayla Coppa', 'description': 'actor'}, {'name': 'Ryan Cruce', 'description': 'actor'}, {'name': 'Kelly Forbes', 'description': 'actor'}, {'name': 'Charlie Gabel', 'description': 'actor'}, {'name': 'Stephen Gilliam', 'description': 'actor'}, {'name': 'John H. Greene', 'description': 'actor'}, {'name': 'Barry W. Jerald Jr.', 'description': 'actor'}, {'name': 'Catherine Jerald', 'description': 'actor'}, {'name': 'Lin Laffitte', 'description': 'actor'}, {'name': 'Ethan McGee', 'description': 'actor'}, {'name': 'Brad Owens', 'description': 'actor'}, {'name': 'Corbin Rivers', 'description': 'actor'}, {'name': 'Eric E. Poe', 'description': 'actor'}, {'name': 'Joseph Zuchowski', 'description': 'actor'}]"
Attack of the 50 Foot Woman,5/18/1958,"Horror, Science-Fiction",Prime Video ,America,Movie,7+ (PG),10-May,,"[{'name': 'Nathan H. Juran', 'description': 'director'}, {'name': 'Allison Hayes', 'description': 'actor'}, {'name': 'William Hudson', 'description': 'actor'}, {'name': 'Yvette Vickers', 'description': 'actor'}, {'name': 'Roy Gordon', 'description': 'actor'}, {'name': 'George Douglas', 'description': 'actor'}, {'name': 'Otto Waldis', 'description': 'actor'}, {'name': 'Eileen Stevens', 'description': 'actor'}, {'name': 'Michael Ross', 'description': 'actor'}, {'name': 'Frank Chase', 'description': 'actor'}, {'name': 'Ken Terrell', 'description': 'actor'}, {'name': 'Bernard Woolner', 'description': 'actor'}, {'name': 'Jacques R. Marquette', 'description': 'actor'}, {'name': 'Mark Hanna', 'description': 'author'}, {'name': 'Ronald Stein', 'description': 'actor'}]"
Scooby Goes Hollywood,1/1/1980,"Comedy, Animation",Prime Video ,America,Movie,All (G),5.9/10,,"[{'name': 'Ray Patterson', 'description': 'director'}, {'name': 'Hal Smith', 'description': 'actor'}, {'name': 'Casey Kasem', 'description': 'actor'}, {'name': 'Don Messick', 'description': 'actor'}, {'name': 'Ginny McSwain', 'description': 'actor'}, {'name': 'Marilyn Schreffler', 'description': 'actor'}, {'name': 'Frank Welker', 'description': 'actor'}, {'name': 'Heather North', 'description': 'actor'}, {'name': 'Patricia Stevens', 'description': 'actor'}, {'name': 'Joan Gerber', 'description': 'actor'}, {'name': 'Rip Taylor', 'description': 'actor'}, {'name': 'Michael Bell', 'description': 'actor'}, {'name': 'Stan Jones', 'description': 'actor'}, {'name': 'Pat Fraley', 'description': 'actor'}, {'name': 'Edie Lehmann Boddicker', 'description': 'actor'}, {'name': 'Paul DeKorte', 'description': 'actor'}, {'name': 'Michael Redman', 'description': 'actor'}, {'name': 'Debbie Hall', 'description': 'actor'}, {'name': 'Robert Tebow', 'description': 'actor'}, {'name': 'Don Jurwich', 'description': 'actor'}, {'name': 'Joseph Barbera', 'description': 'actor'}, {'name': 'William Hanna', 'description': 'actor'}, {'name': 'Dick Robbins', 'description': 'author'}, {'name': 'Duane Poole', 'description': 'author'}]"
Cranford,11/18/2007,"Animation, Drama","BritBox, Prime Video",United Kingdom,TV Show,7+ (TV-PG),8.3/10,2,"[{'name': 'Eileen Atkins', 'description': 'actor'}, {'name': 'Judi Dench', 'description': 'actor'}, {'name': 'Lisa Dillon', 'description': 'actor'}, {'name': 'Simon Woods', 'description': 'actor'}, {'name': 'Claudie Blakley', 'description': 'actor'}, {'name': 'Philip Glenister', 'description': 'actor'}, {'name': 'Julia McKenzie', 'description': 'actor'}, {'name': 'Lesley Manville', 'description': 'actor'}, {'name': 'Imelda Staunton', 'description': 'actor'}, {'name': 'Alex Jennings', 'description': 'actor'}, {'name': 'Andrew Buchan', 'description': 'actor'}, {'name': 'Alexander Nathan Etel', 'description': 'actor'}, {'name': 'Dean Lennox Kelly', 'description': 'actor'}, {'name': 'Joseph McFadden', 'description': 'actor'}, {'name': 'Kimberley Nixon', 'description': 'actor'}, {'name': 'Greg Wise', 'description': 'actor'}, {'name': 'Julia Sawalha', 'description': 'actor'}, {'name': 'Finty Williams', 'description': 'actor'}, {'name': 'Adrian Scarborough', 'description': 'actor'}, {'name': 'John Bowe', 'description': 'actor'}, {'name': 'Selina Griffiths', 'description': 'actor'}, {'name': 'Sue Birtwistle', 'description': 'actor'}, {'name': 'Kate Harwood', 'description': 'actor'}, {'name': 'Rebecca Eaton', 'description': 'actor'}]"
Sunny,7/23/2008,"Romance, Drama","Free Services, Prime Video",South Korea,Movie,,6.5/10,,"[{'name': 'Lee Joon-ik', 'description': 'director'}, {'name': 'Soo Ae', 'description': 'actor'}, {'name': 'Jung Jin-young', 'description': 'actor'}, {'name': 'Jung Kyung-ho', 'description': 'actor'}, {'name': 'Ju Jin-mo', 'description': 'actor'}, {'name': 'Shin Hyun-Tak', 'description': 'actor'}, {'name': 'Uhm Tae-woong', 'description': 'actor'}, {'name': 'Jo Mi-ryung', 'description': 'actor'}, {'name': 'Shin Jung-geun', 'description': 'actor'}, {'name': 'Ji Il-joo', 'description': 'actor'}, {'name': 'Yang Young-Jo', 'description': 'actor'}, {'name': 'Kim Byung-Oh', 'description': 'actor'}, {'name': 'Kim Tae-hyun', 'description': 'actor'}, {'name': 'Lee Yeong-seok', 'description': 'actor'}, {'name': 'Kim Hee-chang', 'description': 'actor'}, {'name': 'Lee Joo-sil', 'description': 'actor'}, {'name': 'Lee Joon-hyuk', 'description': 'actor'}, {'name': 'Cho Chul-hyun', 'description': 'actor'}, {'name': 'Oh Seung-hyeon', 'description': 'actor'}, {'name': 'Choi Seok-hwan', 'description': 'author'}, {'name': 'Bang Jun-seok', 'description': 'actor'}, {'name': 'Lee Byung-hoon', 'description': 'actor'}]"
Cop-Out,1/1/1991,"Action & Adventure, Thriller",Prime Video ,America,Movie,18+ (R),4.3/10,,"[{'name': 'Lawrence L. Simeone', 'description': 'director'}, {'name': 'Dave Buff', 'description': 'actor'}, {'name': 'Kathryn Luster', 'description': 'actor'}, {'name': 'Dan Ranger', 'description': 'actor'}, {'name': 'Reggie De Mornay', 'description': 'actor'}, {'name': 'Jesse Galante', 'description': 'actor'}, {'name': 'Lawrence L. Simeone', 'description': 'actor'}, {'name': 'Kimberley Casey', 'description': 'actor'}, {'name': 'David Winters', 'description': 'actor'}, {'name': 'Lawrence L. Simeone', 'description': 'author'}]"
Star Wars Vehicle Flythroughs,5/4/2021,"Documentary, Science-Fiction",Disney+,,TV Show,,6.2/10,1,[]
The King of Marvin Gardens,10/12/1972,"Thriller, Drama","Prime Video, Prime Video",America,Movie,18+ (R),6.5/10,,"[{'name': 'Bob Rafelson', 'description': 'director'}, {'name': 'Jack Nicholson', 'description': 'actor'}, {'name': 'Bruce Dern', 'description': 'actor'}, {'name': 'Ellen Burstyn', 'description': 'actor'}, {'name': 'Julia Anne Robinson', 'description': 'actor'}, {'name': 'Scatman Crothers', 'description': 'actor'}, {'name': 'Charles LaVine', 'description': 'actor'}, {'name': 'John P. Ryan', 'description': 'actor'}, {'name': 'Sully Boyar', 'description': 'actor'}, {'name': 'Josh Mostel', 'description': 'actor'}, {'name': 'Arnold Williams', 'description': 'actor'}, {'name': 'William Pabst', 'description': 'actor'}, {'name': 'Garry Goodrow', 'description': 'actor'}, {'name': 'Imogene Bliss', 'description': 'actor'}, {'name': 'Ann Thomas', 'description': 'actor'}, {'name': 'Tom Overton', 'description': 'actor'}, {'name': 'Maxwell Goldberg', 'description': 'actor'}, {'name': 'Van Kirksey', 'description': 'actor'}, {'name': 'Tony King', 'description': 'actor'}, {'name': 'Jerry Fujikawa', 'description': 'actor'}, {'name': 'Conrad Yama', 'description': 'actor'}, {'name': 'Scott Howard', 'description': 'actor'}, {'name': 'Bob Rafelson', 'description': 'actor'}, {'name': 'Harold Schneider', 'description': 'actor'}]"
Tiny House Hunting,12/22/2014,"Home & Garden, Reality","Free Services, Prime Video",,TV Show,,6.9/10,4,[]
All About Eva,12/31/2019,"Drama, Thriller",Free Services,,Movie,,5.4/10,,"[{'name': 'Ferdia MacAnna', 'description': 'director'}, {'name': 'David Keating', 'description': 'actor'}]"
The True Adventures of Wolfboy,12/8/2019,"Action & Adventure, Drama","Free Services, Prime Video",America,Movie,13+ (PG-13),5.7/10,,"[{'name': 'Martin Krejčí', 'description': 'director'}, {'name': 'Jaeden Martell', 'description': 'actor'}, {'name': 'Sophie Giannamore', 'description': 'actor'}, {'name': 'John Turturro', 'description': 'actor'}, {'name': 'Eve Hewson', 'description': 'actor'}, {'name': 'Chris Messina', 'description': 'actor'}, {'name': 'Michelle Wilson', 'description': 'actor'}, {'name': 'Chloë Sevigny', 'description': 'actor'}, {'name': 'Stephen McKinley Henderson', 'description': 'actor'}, {'name': 'Melissa Mandisa', 'description': 'actor'}, {'name': 'Colin Patrick Farrell', 'description': 'actor'}, {'name': 'Kate Thulin', 'description': 'actor'}, {'name': 'Bob Rusch', 'description': 'actor'}, {'name': 'Doug Crane', 'description': 'actor'}, {'name': 'Caitlyn Stephenson', 'description': 'actor'}, {'name': 'J.J. Alfieri', 'description': 'actor'}, {'name': 'Joshua R. Aragon', 'description': 'actor'}, {'name': 'Chris Drexel', 'description': 'actor'}, {'name': 'Michael Alan Collette', 'description': 'actor'}, {'name': 'Greg Hinaman', 'description': 'actor'}, {'name': 'Scott Matheny', 'description': 'actor'}, {'name': 'Perris K. Fortson', 'description': 'actor'}, {'name': 'Benjamin Blake', 'description': 'actor'}, {'name': 'Declan Baldwin', 'description': 'actor'}]"
Lucian Freud: Portraits,6/9/2004,"Biography, Documentary",Kanopy,,Movie,,7.2/10,,"[{'name': 'Jake Auerbach', 'description': 'director'}, {'name': 'Lucian Freud', 'description': 'actor'}]"
No Time to Die,9/29/2021,"Thriller, Action & Adventure","Prime Video, Prime Video",United Kingdom,Movie,13+ (PG-13),7.3/10,,"[{'name': 'Cary Joji Fukunaga', 'description': 'director'}, {'name': 'Daniel Craig', 'description': 'actor'}, {'name': 'Léa Seydoux', 'description': 'actor'}, {'name': 'Rami Malek', 'description': 'actor'}, {'name': 'Lashana Lynch', 'description': 'actor'}, {'name': 'Ralph Fiennes', 'description': 'actor'}, {'name': 'Ben Whishaw', 'description': 'actor'}, {'name': 'Naomie Harris', 'description': 'actor'}, {'name': 'Rory Kinnear', 'description': 'actor'}, {'name': 'Jeffrey Wright', 'description': 'actor'}, {'name': 'Billy Magnussen', 'description': 'actor'}, {'name': 'Christoph Waltz', 'description': 'actor'}, {'name': 'David Dencik', 'description': 'actor'}, {'name': 'Ana de Armas', 'description': 'actor'}, {'name': 'Dali Benssalah', 'description': 'actor'}, {'name': 'Lisa-Dorah Sonnet', 'description': 'actor'}, {'name': 'Coline Defaud', 'description': 'actor'}, {'name': 'Mathilde Bourbin', 'description': 'actor'}, {'name': 'Hugh Dennis', 'description': 'actor'}, {'name': 'Priyanga Burford', 'description': 'actor'}, {'name': 'Joe Grossi', 'description': 'actor'}, {'name': 'Nicola Olivieri', 'description': 'actor'}, {'name': 'Barbara Broccoli', 'description': 'actor'}, {'name': 'Michael G. Wilson', 'description': 'actor'}]"
Katekyō Hitman Reborn!,10/7/2006,"Action & Adventure, Anime",Free Services,,TV Show,14+ (TV-14),7.7/10,9,"[{'name': 'Takashi Kondō', 'description': 'actor'}, {'name': 'Toshinobu Iida', 'description': 'actor'}, {'name': 'Kenjirou Tsuda', 'description': 'actor'}, {'name': 'Yukari Kokubun', 'description': 'actor'}, {'name': 'Yuka Terasaki', 'description': 'actor'}, {'name': 'Junko Takeuchi', 'description': 'actor'}, {'name': 'Satomi Akesaka', 'description': 'actor'}, {'name': 'Suguru Inoue', 'description': 'actor'}, {'name': 'Hidenobu Kiuchi', 'description': 'actor'}, {'name': 'Daisuke Namikawa', 'description': 'actor'}, {'name': 'Yoshiro Kataoka', 'description': 'actor'}, {'name': 'Akira Amano', 'description': 'actor'}]"
Parental Discretion with Stefanie Wilder-Taylor,10/1/2012,Family,Prime Video ,,TV Show,,6.8/10,3,[]
Kono Yuusha ga Ore Tueee Kuse ni Shinchou Sugiru,10/1/2019,"Animation, Action & Adventure","Hulu, Prime Video",,TV Show,14+ (TV-14),7.4/10,1,[]
Return to El Salvador,1/1/2010,Documentary,Prime Video ,,Movie,,9.3/10,,[]
The Gallows,7/10/2015,"Horror, Thriller",Prime Video ,America,Movie,16+,4.2/10,,"[{'name': 'Chris Lofing', 'description': 'director'}, {'name': 'Travis Cluff', 'description': 'director'}, {'name': 'Cassidy Gifford', 'description': 'actor'}, {'name': 'Ryan Shoos', 'description': 'actor'}, {'name': 'Pfeifer Brown', 'description': 'actor'}, {'name': 'Reese Mishler', 'description': 'actor'}, {'name': 'Price T. Morgan', 'description': 'actor'}, {'name': 'Mackie Burt', 'description': 'actor'}, {'name': 'Travis Cluff', 'description': 'actor'}, {'name': 'Melissa Bratton', 'description': 'actor'}, {'name': 'Theo Burkhardt', 'description': 'actor'}, {'name': 'David Herrera', 'description': 'actor'}, {'name': 'Alexa Benson', 'description': 'actor'}, {'name': 'Rebecca Dowty', 'description': 'actor'}, {'name': 'Dean Schnider', 'description': 'actor'}, {'name': 'Jason Blum', 'description': 'actor'}, {'name': 'Chris Lofing', 'description': 'author'}, {'name': 'Travis Cluff', 'description': 'author'}]"
My Reputation,1/25/1946,"Drama, Romance",Prime Video ,America,Movie,,6.9/10,,"[{'name': 'Curtis Bernhardt', 'description': 'director'}, {'name': 'Barbara Stanwyck', 'description': 'actor'}, {'name': 'George Brent', 'description': 'actor'}, {'name': 'Warner Anderson', 'description': 'actor'}, {'name': 'Lucile Watson', 'description': 'actor'}, {'name': 'John Ridgely', 'description': 'actor'}, {'name': 'Eve Arden', 'description': 'actor'}, {'name': 'Jerome Cowan', 'description': 'actor'}, {'name': 'Esther Dale', 'description': 'actor'}, {'name': 'Scotty Beckett', 'description': 'actor'}, {'name': 'Bobby Cooper', 'description': 'actor'}, {'name': 'Leona Maricle', 'description': 'actor'}, {'name': 'Mary Servoss', 'description': 'actor'}, {'name': 'Cecil Cunningham', 'description': 'actor'}, {'name': 'Janis Wilson', 'description': 'actor'}, {'name': 'Ann E. Todd', 'description': 'actor'}, {'name': 'Oliver Blake', 'description': 'actor'}, {'name': 'Bess Flowers', 'description': 'actor'}, {'name': 'Sam McDaniel', 'description': 'actor'}, {'name': 'Bert Moorhouse', 'description': 'actor'}, {'name': 'Henry Blanke', 'description': 'actor'}, {'name': 'Jack L. Warner', 'description': 'actor'}, {'name': 'Catherine Turney', 'description': 'author'}, {'name': 'Clare Jaynes', 'description': 'author'}]"
October Moon 2: November Son,7/10/2008,"Horror, Thriller",Prime Video ,,Movie,,4.1/10,,"[{'name': 'Jason Paul Collum', 'description': 'director'}, {'name': ""Judith O'Dea"", 'description': 'actor'}, {'name': 'Brinke Stevens', 'description': 'actor'}, {'name': 'Sacha Sacket', 'description': 'actor'}, {'name': 'Lloyd Pedersen', 'description': 'actor'}, {'name': 'Jerod Howard', 'description': 'actor'}, {'name': 'Tina Ona Paukstelis', 'description': 'actor'}, {'name': 'Darcey Vanderhoef', 'description': 'actor'}, {'name': 'Ashley J. Anderson', 'description': 'actor'}, {'name': 'Debbie Rochon', 'description': 'actor'}, {'name': 'Robyn Griggs', 'description': 'actor'}, {'name': 'Karen Dilloo', 'description': 'actor'}, {'name': 'Walter Rhone', 'description': 'actor'}, {'name': 'Sean Michael Lambrecht', 'description': 'actor'}, {'name': 'Jason Satterfield', 'description': 'actor'}, {'name': 'Jason Paul Collum', 'description': 'actor'}, {'name': 'Jason Paul Collum', 'description': 'actor'}, {'name': 'Jason Paul Collum', 'description': 'author'}]"
Prince of Smoke,,Documentary,Prime Video ,,Movie,,8.7/10,,[]
IQ Supremacy,1/1/2017,,Prime Video ,,Movie,,,,[]
Periya Kudumbam,9/1/1995,Drama,"Prime Video, Prime Video",India,Movie,,5.2/10,,"[{'name': 'K. S. Ravikumar', 'description': 'director'}, {'name': 'Prabhu Ganesan', 'description': 'actor'}, {'name': 'Kanaka', 'description': 'actor'}, {'name': 'Vinita', 'description': 'actor'}, {'name': 'Manorama', 'description': 'actor'}, {'name': 'Vijayakumar', 'description': 'actor'}, {'name': 'Lakshmi', 'description': 'actor'}, {'name': 'Vagai Chandrasekar', 'description': 'actor'}, {'name': 'Chithra', 'description': 'actor'}, {'name': 'Goundamani', 'description': 'actor'}, {'name': 'Senthil', 'description': 'actor'}, {'name': 'K. S. Ravikumar', 'description': 'actor'}, {'name': 'Kitty', 'description': 'actor'}, {'name': 'Ponnambalam', 'description': 'actor'}, {'name': 'Thalapathi Dinesh', 'description': 'actor'}, {'name': 'Vinu Chakravarthy', 'description': 'actor'}, {'name': 'Sathyapriya', 'description': 'actor'}, {'name': 'Vichitra', 'description': 'actor'}, {'name': 'Kalyan Kumar', 'description': 'actor'}, {'name': 'Sathyakala', 'description': 'actor'}, {'name': 'Crane Manohar', 'description': 'actor'}, {'name': 'Ilaiyaraaja', 'description': 'actor'}]"
Juncture,10/6/2007,"Action & Adventure, Thriller","Free Services, Prime Video",America,Movie,18+ (R),10-May,,"[{'name': 'James Seale', 'description': 'director'}, {'name': 'Kristine Blackport', 'description': 'actor'}, {'name': 'Jason Coviello', 'description': 'actor'}, {'name': 'Bill LeVasseur', 'description': 'actor'}, {'name': 'Tom Doyle', 'description': 'actor'}, {'name': 'Jeff Nicholson', 'description': 'actor'}, {'name': 'Nadiya A. Jackson', 'description': 'actor'}, {'name': 'Robert Gosnell', 'description': 'author'}]"
Bang For Your Buck,4/3/2009,"Home & Garden, Reality","Discovery+, Prime Video",,TV Show,,6.3/10,8,[]
Frankenstein General Hospital,3/1/1988,"Horror, Comedy",Free Services,America,Movie,18+ (R),3.5/10,,"[{'name': 'Deborah Romare', 'description': 'director'}, {'name': 'Mark Blankfield', 'description': 'actor'}, {'name': 'Leslie Jordan', 'description': 'actor'}, {'name': 'Jonathan Farwell', 'description': 'actor'}, {'name': 'Kathy Shower', 'description': 'actor'}, {'name': 'Irwin Keyes', 'description': 'actor'}, {'name': 'Hamilton Mitchell', 'description': 'actor'}, {'name': 'Lou Cutell', 'description': 'actor'}, {'name': 'Katie Caple', 'description': 'actor'}, {'name': 'Dorothy Patterson', 'description': 'actor'}, {'name': 'Mark DeCarlo', 'description': 'actor'}, {'name': 'Bunky Jones', 'description': 'actor'}, {'name': 'Joleen Lutz', 'description': 'actor'}, {'name': 'Ben Stein', 'description': 'actor'}, {'name': 'Bobby Pickett', 'description': 'actor'}, {'name': 'Dimitri Villard', 'description': 'actor'}, {'name': 'Mary Shelley', 'description': 'author'}, {'name': 'Michael Kelly', 'description': 'author'}, {'name': 'Robert Deel', 'description': 'author'}]"
The Woman Who Wasn't There,4/13/2012,"Animation, Documentary","Free Services, Prime Video",America,Movie,,6.8/10,,"[{'name': 'Angelo Guglielmo', 'description': 'director'}, {'name': 'Amy Rapp', 'description': 'actor'}, {'name': 'Angelo Guglielmo', 'description': 'actor'}, {'name': 'Meredith Vieira', 'description': 'actor'}, {'name': 'Ron Simon', 'description': 'actor'}, {'name': 'Ross Kauffman', 'description': 'actor'}]"
The Bronze Buckaroo,1/1/1939,Action & Adventure,Free Services,America,Movie,,4.9/10,,"[{'name': 'Richard C. Kahn', 'description': 'director'}, {'name': 'Herb Jeffries', 'description': 'actor'}, {'name': 'Lucius Brooks', 'description': 'actor'}, {'name': 'Artie Young', 'description': 'actor'}, {'name': 'F.E. Miller', 'description': 'actor'}, {'name': 'Spencer Williams', 'description': 'actor'}, {'name': 'Clarence Brooks', 'description': 'actor'}, {'name': 'Lee Calmes', 'description': 'actor'}, {'name': 'Earle Morris', 'description': 'actor'}, {'name': 'Rollie Hardin', 'description': 'actor'}, {'name': 'Tom Southern', 'description': 'actor'}, {'name': 'John Thomas', 'description': 'actor'}, {'name': 'Richard C. Kahn', 'description': 'actor'}, {'name': 'Richard C. Kahn', 'description': 'author'}, {'name': 'Lew Porter', 'description': 'actor'}]"
Space Voyages,12/23/2013,Documentary,"Paramount+, Prime Video",,TV Show,All (TV-G),8.3/10,1,[]
Maayanadhi,1/31/2020,"Drama, Family","Prime Video, Prime Video",India,Movie,,6.6/10,,"[{'name': 'Ashok Thiagarajan', 'description': 'director'}, {'name': 'Venba', 'description': 'actor'}, {'name': 'Adukalam Naren', 'description': 'actor'}, {'name': 'Abi Saravanan', 'description': 'actor'}, {'name': 'Appukutty', 'description': 'actor'}, {'name': 'Durga Venugopal', 'description': 'actor'}, {'name': 'Ashok Thiagarajan', 'description': 'actor'}, {'name': 'K Moorthykannan', 'description': 'actor'}, {'name': 'Ashok Thiagarajan', 'description': 'author'}, {'name': 'Bhavatharini', 'description': 'actor'}]"
Cold Skin,10/20/2017,"Science-Fiction, Thriller","Free Services, Prime Video",France,Movie,16+,10-Jun,,"[{'name': 'Xavier Gens', 'description': 'director'}, {'name': 'Ray Stevenson', 'description': 'actor'}, {'name': 'David Oakes', 'description': 'actor'}, {'name': 'Aura Garrido', 'description': 'actor'}, {'name': 'Winslow Iwaki', 'description': 'actor'}, {'name': 'John Benfield', 'description': 'actor'}, {'name': 'Ben Temple', 'description': 'actor'}, {'name': 'Iván González', 'description': 'actor'}, {'name': 'Alejandro Rod', 'description': 'actor'}, {'name': 'Julien Blaschke', 'description': 'actor'}, {'name': 'Damián Montesdeoca', 'description': 'actor'}, {'name': 'Israel Bodero', 'description': 'actor'}, {'name': 'Roberto Rincón', 'description': 'actor'}, {'name': ""Denise O'Dell"", 'description': 'actor'}, {'name': 'Mark Albela', 'description': 'actor'}, {'name': 'Eron Sheean', 'description': 'author'}, {'name': 'Jesús Olmo', 'description': 'author'}]"
Alien Agenda,,Documentary,Free Services,,Movie,,,,[]
Outland,5/22/1981,"Science-Fiction, Action & Adventure",Prime Video ,United Kingdom,Movie,18+ (R),6.6/10,,"[{'name': 'Peter Hyams', 'description': 'director'}, {'name': 'Sean Connery', 'description': 'actor'}, {'name': 'Peter Boyle', 'description': 'actor'}, {'name': 'Frances Sternhagen', 'description': 'actor'}, {'name': 'James B. Sikking', 'description': 'actor'}, {'name': 'Kika Markham', 'description': 'actor'}, {'name': 'Clarke Peters', 'description': 'actor'}, {'name': 'Steven Berkoff', 'description': 'actor'}, {'name': 'John Ratzenberger', 'description': 'actor'}, {'name': 'Nicholas Barnes', 'description': 'actor'}, {'name': 'Manning Redwood', 'description': 'actor'}, {'name': 'Marc Boyle', 'description': 'actor'}, {'name': 'Pat Starr', 'description': 'actor'}, {'name': 'Hal Galili', 'description': 'actor'}, {'name': 'Angus MacInnes', 'description': 'actor'}, {'name': 'Stuart Milligan', 'description': 'actor'}, {'name': 'Eugene Lipinski', 'description': 'actor'}, {'name': 'Norman Chancer', 'description': 'actor'}, {'name': 'Richard Hammar', 'description': 'actor'}, {'name': 'Isabelle Lucas', 'description': 'actor'}, {'name': 'James Berwick', 'description': 'actor'}, {'name': 'Sharon Duce', 'description': 'actor'}, {'name': 'Richard A. Roth', 'description': 'actor'}, {'name': 'Peter Hyams', 'description': 'author'}]"
Liquor House Comedy presents Brown Sugar Night,4/24/2020,Documentary,"Free Services, Prime Video",,Movie,,9.7/10,,[]
FPS: First Person Shooter,8/1/2015,"Drama, Horror","Free Services, Prime Video",Germany,Movie,,4.1/10,,"[{'name': 'Andreas Tom', 'description': 'director'}, {'name': 'Stephan Weyte', 'description': 'actor'}, {'name': 'Atlanta Amanda Lützelschwab', 'description': 'actor'}, {'name': 'Hans Lützelschwab', 'description': 'actor'}, {'name': 'Sascha Strack', 'description': 'actor'}, {'name': 'Ines Klein', 'description': 'actor'}, {'name': 'Andreas Tom', 'description': 'author'}]"
Rudolph the Red-Nosed Reindeer,11/11/1948,"Animation, Fantasy","Free Services, Prime Video",America,Movie,All (G),6.3/10,,"[{'name': 'Max Fleischer', 'description': 'director'}, {'name': 'Paul Wing', 'description': 'actor'}, {'name': 'Max Fleischer', 'description': 'actor'}]"
The Church,1/1/2015,"Horror, Thriller",Prime Video ,America,Movie,,2.8/10,,"[{'name': 'Dom Frank', 'description': 'director'}, {'name': 'Clint Howard', 'description': 'actor'}, {'name': 'Bill Moseley', 'description': 'actor'}, {'name': 'Ashley C. Williams', 'description': 'actor'}, {'name': 'Lisa Wilcox', 'description': 'actor'}]"
Monster in the Closet,5/15/1986,"Comedy, Horror",Prime Video ,America,Movie,7+ (PG),4.9/10,,"[{'name': 'Bob Dahlin', 'description': 'director'}, {'name': 'Donald Grant', 'description': 'actor'}, {'name': 'Denise DuBarry', 'description': 'actor'}, {'name': 'Henry Gibson', 'description': 'actor'}, {'name': 'Paul Walker', 'description': 'actor'}, {'name': 'Claude Akins', 'description': 'actor'}, {'name': 'Howard Duff', 'description': 'actor'}, {'name': 'Donald Moffat', 'description': 'actor'}, {'name': 'Paul Dooley', 'description': 'actor'}, {'name': 'John Carradine', 'description': 'actor'}, {'name': 'Frank Ashmore', 'description': 'actor'}, {'name': 'Stella Stevens', 'description': 'actor'}, {'name': 'Fergie', 'description': 'actor'}, {'name': 'Kevin Peter Hall', 'description': 'actor'}, {'name': 'Kenneth Kessler', 'description': 'actor'}, {'name': 'Lloyd Kaufman', 'description': 'actor'}]"
Career Girl,1/11/1944,"Drama, Musical","Prime Video, Prime Video",America,Movie,,5.5/10,,"[{'name': 'Wallace Fox', 'description': 'director'}, {'name': 'Frances Langford', 'description': 'actor'}, {'name': 'Edward Norris', 'description': 'actor'}, {'name': 'Iris Adrian', 'description': 'actor'}, {'name': 'Craig Woods', 'description': 'actor'}, {'name': 'Linda Brent', 'description': 'actor'}, {'name': 'Alex Craig', 'description': 'actor'}, {'name': 'Ariel Heath', 'description': 'actor'}, {'name': 'Lorraine Krueger', 'description': 'actor'}, {'name': 'Gladys Blake', 'description': 'actor'}, {'name': 'Charles Judels', 'description': 'actor'}, {'name': 'Charles Williams', 'description': 'actor'}, {'name': 'Renee Helms', 'description': 'actor'}, {'name': 'Marcy McGuire', 'description': 'actor'}, {'name': 'Bess Flowers', 'description': 'actor'}, {'name': 'Eddie Kane', 'description': 'actor'}, {'name': 'Sam Neuman', 'description': 'author'}]"
The Flood,9/19/2020,"History, Drama","Free Services, Prime Video",Australia,Movie,,4.4/10,,"[{'name': 'Victoria Wharfe McIntyre', 'description': 'director'}, {'name': 'Alexis Lane', 'description': 'actor'}, {'name': 'Shaka Cook', 'description': 'actor'}, {'name': 'Dean Kyrwood', 'description': 'actor'}, {'name': 'Dalara Williams', 'description': 'actor'}, {'name': 'Karen Garnsey', 'description': 'actor'}, {'name': 'Peter McAllum', 'description': 'actor'}, {'name': 'Simone Landers', 'description': 'actor'}, {'name': 'Aaron Jeffery', 'description': 'actor'}, {'name': 'Susannah Bayes-Morton', 'description': 'actor'}, {'name': 'Rob Flanagan', 'description': 'actor'}, {'name': 'Benedict Wall', 'description': 'actor'}, {'name': 'Keith Learn', 'description': 'actor'}, {'name': 'Maci-Grace Johnson', 'description': 'actor'}, {'name': 'Tyson Towney', 'description': 'actor'}, {'name': 'Socratis Otto', 'description': 'actor'}, {'name': 'Eddie Baroo', 'description': 'actor'}, {'name': 'Brendan Bacon', 'description': 'actor'}, {'name': 'Will Usic', 'description': 'actor'}, {'name': 'Michael McStay', 'description': 'actor'}, {'name': 'Vida Elaine Brown', 'description': 'actor'}, {'name': 'Paul James McLeod', 'description': 'actor'}, {'name': 'Amadeo Marquez-Perez', 'description': 'actor'}, {'name': 'Craig Deeker', 'description': 'actor'}]"
A Lover's Lost Control,8/2/1915,Comedy,Fandor,America,Movie,,10-Jun,,"[{'name': 'Charles Avery', 'description': 'director'}, {'name': 'Syd Chaplin', 'description': 'director'}, {'name': 'Syd Chaplin', 'description': 'actor'}, {'name': 'Phyllis Allen', 'description': 'actor'}, {'name': 'Joy Lewis', 'description': 'actor'}, {'name': 'Wayland Trask', 'description': 'actor'}, {'name': 'Jay Belasco', 'description': 'actor'}, {'name': 'Billie Bennett', 'description': 'actor'}, {'name': 'Minnie Chaplin', 'description': 'actor'}, {'name': 'Charles Lakin', 'description': 'actor'}, {'name': 'Grover Ligon', 'description': 'actor'}, {'name': 'Wesley Ruggles', 'description': 'actor'}, {'name': 'Josef Swickard', 'description': 'actor'}, {'name': 'Mack Sennett', 'description': 'actor'}]"
Eastern Bandits,4/21/2012,"Drama, History",Free Services,China,Movie,,5.4/10,,"[{'name': 'Yang Shupeng', 'description': 'director'}, {'name': 'Huang Xiaoming', 'description': 'actor'}, {'name': 'Zhang Xinyi', 'description': 'actor'}, {'name': 'Zhang Yi', 'description': 'actor'}, {'name': 'Tino Bao', 'description': 'actor'}, {'name': 'Ni Jingyang', 'description': 'actor'}, {'name': 'Gao Qunshu', 'description': 'actor'}, {'name': 'Waise Lee', 'description': 'actor'}, {'name': 'Liang Jing', 'description': 'actor'}, {'name': 'Jiang Shan', 'description': 'actor'}, {'name': 'Guo Wei', 'description': 'actor'}, {'name': 'Xiaobei Zhang', 'description': 'author'}]"
Press Play,6/16/2022,Romance,Prime Video ,,Movie,13+ (PG-13),5.5/10,,"[{'name': 'Greg Björkman', 'description': 'director'}, {'name': 'Clara Rugaard', 'description': 'actor'}, {'name': 'Lewis Pullman', 'description': 'actor'}, {'name': 'Danny Glover', 'description': 'actor'}, {'name': 'Lyrica Okano', 'description': 'actor'}, {'name': 'Christina Chang', 'description': 'actor'}, {'name': 'Matt Walsh', 'description': 'actor'}, {'name': 'Francis Chung', 'description': 'actor'}, {'name': 'Jonathan Schwartz', 'description': 'actor'}, {'name': 'Josh Boone', 'description': 'actor'}, {'name': 'Logan Lerman', 'description': 'actor'}, {'name': 'Paul O. Davis', 'description': 'actor'}, {'name': 'Greg Björkman', 'description': 'author'}, {'name': 'James Bachelor', 'description': 'author'}]"
Not Waving but Drowning,6/6/2012,Drama,"Free Services, Prime Video",America,Movie,13+ (PG-13),5.8/10,,"[{'name': 'Devyn Waitt', 'description': 'director'}, {'name': 'Vanessa Ray', 'description': 'actor'}, {'name': 'Megan Guinan', 'description': 'actor'}, {'name': 'Adam Driver', 'description': 'actor'}, {'name': 'Lynn Cohen', 'description': 'actor'}, {'name': 'Scott Bryce', 'description': 'actor'}, {'name': 'Isabelle McNally', 'description': 'actor'}, {'name': 'Lili Reinhart', 'description': 'actor'}, {'name': 'Devyn Waitt', 'description': 'author'}]"
Ice Kings,8/12/2006,"Documentary, Sport","Free Services, Prime Video",,Movie,All (G),8.4/10,,[]
Blue Note Records: Beyond the Notes,6/14/2019,Documentary,Prime Video ,Switzerland,Movie,All (G),7.3/10,,"[{'name': 'Sophie Huber', 'description': 'director'}, {'name': 'Don Was', 'description': 'actor'}, {'name': 'Herbie Hancock', 'description': 'actor'}, {'name': 'Lou Donaldson', 'description': 'actor'}, {'name': 'Wayne Shorter', 'description': 'actor'}, {'name': 'Norah Jones', 'description': 'actor'}, {'name': 'Robert Glasper', 'description': 'actor'}, {'name': 'Rudy Van Gelder', 'description': 'actor'}, {'name': 'Michael Cuscuna', 'description': 'actor'}, {'name': 'Ambrose Akinmusire', 'description': 'actor'}, {'name': 'Derrick Hodge', 'description': 'actor'}, {'name': 'Keith Lewis', 'description': 'actor'}, {'name': 'Lionel Loueke', 'description': 'actor'}, {'name': 'Terrace Martin', 'description': 'actor'}, {'name': 'Ali Shaheed Muhammad', 'description': 'actor'}, {'name': 'Kendrick Scott', 'description': 'actor'}, {'name': 'Marcus Strickland', 'description': 'actor'}, {'name': 'Art Blakey', 'description': 'actor'}, {'name': 'Clifford Brown', 'description': 'actor'}, {'name': 'John Coltrane', 'description': 'actor'}, {'name': 'Miles Davis', 'description': 'actor'}, {'name': 'Kendrick Lamar', 'description': 'actor'}, {'name': 'Sophie Huber', 'description': 'author'}]"
Quest for Camelot,5/15/1998,"Animation, Fantasy","Hoopla, Prime Video",America,Movie,All (G),6.2/10,,"[{'name': 'Frederik Du Chau', 'description': 'director'}, {'name': 'Jessalyn Gilsig', 'description': 'actor'}, {'name': 'Andrea Corr', 'description': 'actor'}, {'name': 'Cary Elwes', 'description': 'actor'}, {'name': 'Bryan White', 'description': 'actor'}, {'name': 'Gary Oldman', 'description': 'actor'}, {'name': 'Eric Idle', 'description': 'actor'}, {'name': 'Don Rickles', 'description': 'actor'}, {'name': 'Jane Seymour', 'description': 'actor'}, {'name': 'Céline Dion', 'description': 'actor'}, {'name': 'Pierce Brosnan', 'description': 'actor'}, {'name': 'Steve Perry', 'description': 'actor'}, {'name': 'Bronson Pinchot', 'description': 'actor'}, {'name': 'Jaleel White', 'description': 'actor'}, {'name': 'Gabriel Byrne', 'description': 'actor'}, {'name': 'John Gielgud', 'description': 'actor'}, {'name': 'Frank Welker', 'description': 'actor'}, {'name': 'Jack Angel', 'description': 'actor'}, {'name': 'Sarah Freeman', 'description': 'actor'}, {'name': 'Sherry Lynn', 'description': 'actor'}, {'name': 'Mickie McGowan', 'description': 'actor'}, {'name': 'Dalisa Cohen', 'description': 'actor'}, {'name': 'David Seidler', 'description': 'author'}, {'name': 'Jacqueline Feather', 'description': 'author'}]"
Moonlight Butterfly,3/18/2022,Drama,Prime Video ,,Movie,,5.5/10,,"[{'name': 'Joel Lamangan', 'description': 'director'}, {'name': 'Christine Bermas', 'description': 'actor'}, {'name': 'Kit Thompson', 'description': 'actor'}, {'name': 'Albie Casiño', 'description': 'actor'}, {'name': 'Ivan Carapiet', 'description': 'actor'}, {'name': 'Quinn Carrillo', 'description': 'actor'}, {'name': 'Jim Pebanco', 'description': 'actor'}, {'name': 'Jolo Estrada', 'description': 'actor'}, {'name': 'Tanya Gomez', 'description': 'actor'}]"
Daniel's Daughter,1/12/2008,"Drama, Romance","Free Services, Prime Video",Canada,Movie,7+ (PG),10-Jun,,"[{'name': 'Neill Fearnley', 'description': 'director'}, {'name': 'Laura Leighton', 'description': 'actor'}, {'name': 'Sebastian Spence', 'description': 'actor'}, {'name': 'Brandon Firla', 'description': 'actor'}, {'name': 'Kelli Fox', 'description': 'actor'}, {'name': 'Derek McGrath', 'description': 'actor'}, {'name': 'London Angelis', 'description': 'actor'}, {'name': 'Martin Doyle', 'description': 'actor'}, {'name': 'Brad Borbridge', 'description': 'actor'}, {'name': 'Barry Flatman', 'description': 'actor'}, {'name': 'Brendan Wall', 'description': 'actor'}, {'name': 'McKenzi Scott', 'description': 'actor'}, {'name': 'Shae Norris', 'description': 'actor'}, {'name': 'Caprice Herjavec', 'description': 'actor'}, {'name': 'Ruth Marshall', 'description': 'actor'}, {'name': 'Dorly Jean-Louis', 'description': 'actor'}, {'name': 'Neill Fearnley', 'description': 'actor'}, {'name': 'David Till', 'description': 'actor'}, {'name': 'Tracy Rosen', 'description': 'author'}]"
Other People's Money,10/18/1991,"Drama, Romance","HBO, Prime Video",America,Movie,18+ (R),6.2/10,,"[{'name': 'Norman Jewison', 'description': 'director'}, {'name': 'Danny DeVito', 'description': 'actor'}, {'name': 'Gregory Peck', 'description': 'actor'}, {'name': 'Penelope Ann Miller', 'description': 'actor'}, {'name': 'Piper Laurie', 'description': 'actor'}, {'name': 'Dean Jones', 'description': 'actor'}, {'name': 'R.D. Call', 'description': 'actor'}, {'name': 'Mo Gaffney', 'description': 'actor'}, {'name': 'Bette Henritze', 'description': 'actor'}, {'name': 'Tom Aldredge', 'description': 'actor'}, {'name': 'Leila Kenzle', 'description': 'actor'}, {'name': 'Cullen O. Johnson', 'description': 'actor'}, {'name': 'Denise Lynne Roberts', 'description': 'actor'}, {'name': 'Norman Jewison', 'description': 'actor'}, {'name': 'Ric Kidney', 'description': 'actor'}, {'name': 'Alvin Sargent', 'description': 'author'}, {'name': 'Jerry Sterner', 'description': 'author'}, {'name': 'David Newman', 'description': 'actor'}]"
Vazhkai,12/23/1949,,"Prime Video, Prime Video",,Movie,,7.1/10,,[]
Theosophy: Life's mysteries revealed,2/8/2018,Documentary,Prime Video ,,TV Show,,,1,[]
Ardaas,3/11/2016,"Family, Drama",Prime Video ,India,Movie,,8.3/10,,"[{'name': 'Gippy Grewal', 'description': 'director'}, {'name': 'Gippy Grewal', 'description': 'actor'}, {'name': 'Gurpreet Ghuggi', 'description': 'actor'}, {'name': 'Karamjit Anmol', 'description': 'actor'}, {'name': 'Rana Ranbir', 'description': 'actor'}, {'name': 'Parminder Gill', 'description': 'actor'}, {'name': 'Isha Rikhi', 'description': 'actor'}, {'name': 'Mandy Takhar', 'description': 'actor'}, {'name': 'Aditya Singh', 'description': 'actor'}, {'name': 'Aman Khatkar', 'description': 'actor'}, {'name': 'Pushpinder Happy', 'description': 'actor'}, {'name': 'Sukhjinder Bachu', 'description': 'actor'}, {'name': 'Vinod Aswal', 'description': 'actor'}, {'name': 'Gippy Grewal', 'description': 'author'}]"
The Frightened Bride,4/15/1952,Drama,Fandor,United Kingdom,Movie,,10-Jun,,"[{'name': 'Terence Young', 'description': 'director'}, {'name': 'Michael Denison', 'description': 'actor'}, {'name': 'Mai Zetterling', 'description': 'actor'}, {'name': 'Jane Hylton', 'description': 'actor'}, {'name': 'André Morell', 'description': 'actor'}, {'name': 'Flora Robson', 'description': 'actor'}, {'name': 'Dennis Price', 'description': 'actor'}, {'name': 'Peter Burton', 'description': 'actor'}, {'name': 'Barbara Blair', 'description': 'actor'}, {'name': 'Mervyn Johns', 'description': 'actor'}, {'name': 'Naunton Wayne', 'description': 'actor'}, {'name': 'Celia Lipton', 'description': 'actor'}, {'name': 'Don Phillips', 'description': 'actor'}, {'name': 'Joan Hickson', 'description': 'actor'}, {'name': 'Hugh Dempster', 'description': 'actor'}, {'name': 'Michael Ward', 'description': 'actor'}, {'name': 'Olive Sloane', 'description': 'actor'}, {'name': 'Sid James', 'description': 'actor'}, {'name': 'Raymond Stross', 'description': 'actor'}, {'name': 'Audrey Erskine-Lindop', 'description': 'author'}, {'name': 'Dudley Leslie', 'description': 'author'}, {'name': 'Hans May', 'description': 'actor'}]"
The Flowers,9/25/2020,Comedy,Prime Video ,,TV Show,,8.8/10,1,[]
Out of Omaha,11/10/2018,Documentary,"Kanopy, Prime Video",,Movie,,6.1/10,,"[{'name': 'J. Clay Tweel', 'description': 'director'}]"
Wounded,8/24/2012,"Action & Adventure, Comedy",Prime Video ,,Movie,,4.7/10,,[]
The Junk Shop,12/17/1965,"Drama, Comedy",The Criterion Channel,,Movie,,6.6/10,,"[{'name': 'Juraj Herz', 'description': 'director'}, {'name': 'Václav Halama', 'description': 'actor'}, {'name': 'František Ketzek', 'description': 'actor'}, {'name': 'Bobina Marsatová', 'description': 'actor'}, {'name': 'Libuše Palečková', 'description': 'actor'}, {'name': 'Jan Vlček', 'description': 'actor'}, {'name': 'Olga Novotná', 'description': 'actor'}, {'name': 'Ruzena Vlcková', 'description': 'actor'}, {'name': 'Radim Cvrcek', 'description': 'actor'}, {'name': 'Karel Hadrbolec', 'description': 'actor'}, {'name': 'Antonín Dimitrov', 'description': 'actor'}, {'name': 'Ivana Klíčníková', 'description': 'actor'}, {'name': 'František Pelikán', 'description': 'actor'}, {'name': 'Věra Pokorná', 'description': 'actor'}, {'name': 'Václav Soldát', 'description': 'actor'}, {'name': 'Karel Veselý', 'description': 'actor'}, {'name': 'M. Cirmonová', 'description': 'actor'}, {'name': 'A. Mukenšnáblová', 'description': 'actor'}, {'name': 'L. Rubínová', 'description': 'actor'}, {'name': 'Ivo Gübel', 'description': 'actor'}, {'name': 'Ota Motyčka', 'description': 'actor'}, {'name': 'Marie Rosůlková', 'description': 'actor'}, {'name': 'Karel Feix', 'description': 'actor'}, {'name': 'Bohumil Hrabal', 'description': 'author'}]"
Bad Parents,10/18/2012,"Comedy, Drama",Free Services,America,Movie,,3.4/10,,"[{'name': 'Caytha Jentis', 'description': 'director'}, {'name': 'Janeane Garofalo', 'description': 'actor'}, {'name': 'Christopher Titus', 'description': 'actor'}, {'name': 'Michael Boatman', 'description': 'actor'}, {'name': 'Kristen Johnston', 'description': 'actor'}, {'name': 'Cheri Oteri', 'description': 'actor'}, {'name': 'Rebecca Budig', 'description': 'actor'}, {'name': 'Lauren Francesca', 'description': 'actor'}, {'name': 'Reiko Aylesworth', 'description': 'actor'}, {'name': 'Rosie Gunther', 'description': 'actor'}, {'name': 'Bill Sage', 'description': 'actor'}, {'name': 'Lauren Sudol', 'description': 'actor'}, {'name': 'Debbie Philips', 'description': 'actor'}, {'name': 'Bradley White', 'description': 'actor'}, {'name': 'Mike DiGiacinto', 'description': 'actor'}, {'name': 'Collin Biddle', 'description': 'actor'}, {'name': 'Jacqueline Laurita', 'description': 'actor'}, {'name': 'Osborn Focht', 'description': 'actor'}, {'name': 'Ben Bailey', 'description': 'actor'}, {'name': 'Signy Coleman', 'description': 'actor'}, {'name': 'Michael Billy', 'description': 'actor'}, {'name': 'Nick Mennell', 'description': 'actor'}, {'name': 'Caytha Jentis', 'description': 'author'}]"
The Short Films of Matthew Modine,6/4/2013,Drama,Prime Video ,,Movie,18+ (R),,,[]
Njan Kanda Kanavu,9/5/2020,Fantasy,Prime Video ,,Movie,,,,[]
Tomorrow We Live,9/23/1942,"Action & Adventure, Crime",Free Services,America,Movie,,4.5/10,,"[{'name': 'Edgar G. Ulmer', 'description': 'director'}, {'name': 'Ricardo Cortez', 'description': 'actor'}, {'name': 'Jean Parker', 'description': 'actor'}, {'name': 'Emmett Lynn', 'description': 'actor'}, {'name': 'William Marshall', 'description': 'actor'}, {'name': 'Rose Anne Stevens', 'description': 'actor'}, {'name': 'Ray Miller', 'description': 'actor'}, {'name': 'Frank Hagney', 'description': 'actor'}, {'name': 'Rex Lease', 'description': 'actor'}, {'name': 'Jack Ingram', 'description': 'actor'}, {'name': 'Barbara Slater', 'description': 'actor'}, {'name': 'Jane Hale', 'description': 'actor'}, {'name': 'Richard Cramer', 'description': 'actor'}, {'name': 'Curley Dresden', 'description': 'actor'}, {'name': 'Jack Hendricks', 'description': 'actor'}, {'name': ""William H. O'Brien"", 'description': 'actor'}, {'name': 'Seymour Nebenzal', 'description': 'actor'}, {'name': 'Bart Lytton', 'description': 'author'}]"
Beatrice,,"Drama, Fantasy",Prime Video ,,Movie,,8.6/10,,[]
Out Stealing Horses,3/8/2019,"Mystery, Drama","Hulu, Prime Video",Denmark,Movie,,6.5/10,,"[{'name': 'Hans Petter Moland', 'description': 'director'}, {'name': 'Stellan Skarsgård', 'description': 'actor'}, {'name': 'Tobias Santelmann', 'description': 'actor'}, {'name': 'Danica Ćurčić', 'description': 'actor'}, {'name': 'Pål Sverre Hagen', 'description': 'actor'}, {'name': 'Bjørn Floberg', 'description': 'actor'}, {'name': 'Anders Baasmo Christiansen', 'description': 'actor'}, {'name': 'Jon Ranes', 'description': 'actor'}, {'name': 'Gard B. Eidsvold', 'description': 'actor'}, {'name': 'Ane Ulimoen Øverli', 'description': 'actor'}, {'name': 'Jan Gunnar Røise', 'description': 'actor'}, {'name': 'Maria Alm Norell', 'description': 'actor'}, {'name': 'Peter Sjöquist', 'description': 'actor'}, {'name': 'Tone Beate Mostraum', 'description': 'actor'}, {'name': 'Håkon Øverås', 'description': 'actor'}, {'name': 'Marie Gade Denessen', 'description': 'actor'}, {'name': 'Turid Øversveen', 'description': 'actor'}, {'name': 'Hans Petter Moland', 'description': 'author'}, {'name': 'Per Petterson', 'description': 'author'}]"
Mystery Woman: Wild West Mystery,3/18/2006,"Crime, Mystery",Prime Video ,America,Movie,,6.4/10,,"[{'name': 'David S. Cass Sr.', 'description': 'director'}, {'name': 'Kellie Martin', 'description': 'actor'}, {'name': 'Clarence Williams III', 'description': 'actor'}, {'name': 'Nina Siemaszko', 'description': 'actor'}, {'name': 'Casey Sander', 'description': 'actor'}, {'name': 'Bruce Boxleitner', 'description': 'actor'}, {'name': 'Joe Stevens', 'description': 'actor'}, {'name': 'Barbara Niven', 'description': 'actor'}]"
Shun Li and the Poet,9/23/2011,Drama,"Free Services, Prime Video",Italy,Movie,,7.2/10,,"[{'name': 'Andrea Segre', 'description': 'director'}, {'name': 'Zhao Tao', 'description': 'actor'}, {'name': 'Rade Šerbedžija', 'description': 'actor'}, {'name': 'Marco Paolini', 'description': 'actor'}, {'name': 'Roberto Citran', 'description': 'actor'}, {'name': 'Giuseppe Battiston', 'description': 'actor'}, {'name': 'Giordano Bacci', 'description': 'actor'}, {'name': 'Spartaco Mainardi', 'description': 'actor'}, {'name': 'Zhong Cheng', 'description': 'actor'}, {'name': 'Wang Yuan', 'description': 'actor'}, {'name': 'Amleto Voltolina', 'description': 'actor'}, {'name': 'Andrea Pennacchi', 'description': 'actor'}, {'name': 'Guo Qiang Xu', 'description': 'actor'}, {'name': 'Sara Perini', 'description': 'actor'}, {'name': 'Federico Hu', 'description': 'actor'}, {'name': 'Hi Zhijian', 'description': 'actor'}, {'name': 'Ni Jamin', 'description': 'actor'}, {'name': 'Francesca Feder', 'description': 'actor'}, {'name': 'Francesco Bonsembiante', 'description': 'actor'}, {'name': 'Nicola Rosada', 'description': 'actor'}, {'name': 'Andrea Segre', 'description': 'author'}, {'name': 'Marco Pettenello', 'description': 'author'}, {'name': 'François Couturier', 'description': 'actor'}]"
A Wreck Without You,8/1/2019,"Drama, Comedy",Free Services,America,Movie,,10-Apr,,"[{'name': 'Greg Derasmo', 'description': 'director'}, {'name': 'Alexander Roberts', 'description': 'actor'}, {'name': 'Rya Meyers', 'description': 'actor'}, {'name': 'Camille Hendricks', 'description': 'actor'}]"
Rumblestrips,12/6/2013,Drama,Prime Video ,,Movie,,5.9/10,,[]
The Cape Town Affair,1/1/1967,"Action & Adventure, Thriller",Free Services,South Africa,Movie,,4.2/10,,"[{'name': 'Robert D. Webb', 'description': 'director'}, {'name': 'James Brolin', 'description': 'actor'}, {'name': 'Jacqueline Bisset', 'description': 'actor'}, {'name': 'Claire Trevor', 'description': 'actor'}, {'name': 'Bob Courtney', 'description': 'actor'}, {'name': 'John Whiteley', 'description': 'actor'}, {'name': 'Gordon Mulholland', 'description': 'actor'}, {'name': 'Siegfried Mynhardt', 'description': 'actor'}, {'name': 'Hyman Kirstein', 'description': 'actor'}, {'name': 'Harold Medford', 'description': 'author'}, {'name': 'Samuel Fuller', 'description': 'author'}]"
Alaska: Spirit of the Wild,9/3/1998,"Animation, Documentary",Free Services,America,Movie,,7.1/10,,"[{'name': 'George Casey', 'description': 'director'}, {'name': 'Charlton Heston', 'description': 'actor'}, {'name': 'George Casey', 'description': 'actor'}, {'name': 'Paul Novros', 'description': 'actor'}, {'name': 'Ernest H. Cockrell', 'description': 'actor'}, {'name': 'George R. Farris', 'description': 'actor'}, {'name': 'S. Reed Morian', 'description': 'actor'}, {'name': 'Mose Richards', 'description': 'author'}]"
Wayunagu,1/11/2017,Action & Adventure,Prime Video ,,Movie,,,,[]
Elvira's Movie Macabre: Hercules and the Captive Women,1/1/2012,,"Prime Video, Prime Video",,Movie,,,,[]
DarkPlace,2/28/2007,,Prime Video ,America,Movie,,2.9/10,,"[{'name': 'Philip Adrian Booth', 'description': 'director'}, {'name': 'Katherine Boecher', 'description': 'actor'}, {'name': 'Timothy Lee DePriest', 'description': 'actor'}, {'name': 'Matthew McGrory', 'description': 'actor'}, {'name': 'Benjamin Bryan', 'description': 'actor'}, {'name': 'Lisa Dalton', 'description': 'actor'}, {'name': 'Dougald Park', 'description': 'actor'}, {'name': 'Reenie Varga', 'description': 'actor'}, {'name': 'Irwin Keyes', 'description': 'actor'}, {'name': 'Walter DuRant', 'description': 'actor'}, {'name': 'Galen Schrick', 'description': 'actor'}, {'name': 'Christopher Saint Booth', 'description': 'author'}, {'name': 'Philip Adrian Booth', 'description': 'author'}]"
12,8/23/2020,"Drama, Comedy",Prime Video ,,Movie,,,,[]
Hot Girls Wanted,5/29/2015,"Drama, Documentary",Netflix,America,Movie,18+ (R),6.1/10,,"[{'name': 'Jill Bauer', 'description': 'director'}, {'name': 'Ronna Gradus', 'description': 'director'}, {'name': 'Stella May', 'description': 'actor'}, {'name': 'Brian Omally', 'description': 'actor'}, {'name': 'Ava Taylor', 'description': 'actor'}, {'name': 'John Anthony', 'description': 'actor'}, {'name': 'Kelly Silguero', 'description': 'actor'}, {'name': 'Emeterio Silguero', 'description': 'actor'}, {'name': 'Ava Kelly', 'description': 'actor'}, {'name': 'Lucy Tyler', 'description': 'actor'}, {'name': 'Brooklyn Daniels', 'description': 'actor'}, {'name': 'Kendall Plemons', 'description': 'actor'}, {'name': 'Tony D.', 'description': 'actor'}, {'name': 'Levi Cash', 'description': 'actor'}, {'name': 'Alli Rae', 'description': 'actor'}, {'name': 'Dillion Carter', 'description': 'actor'}, {'name': 'Carrie Brooks', 'description': 'actor'}, {'name': 'Belle Knox', 'description': 'actor'}, {'name': 'Alaina Kristar', 'description': 'actor'}, {'name': 'Brittany Huckabee', 'description': 'actor'}, {'name': 'Rashida Jones', 'description': 'actor'}, {'name': 'Ronna Gradus', 'description': 'actor'}, {'name': 'Abigail Disney', 'description': 'actor'}, {'name': 'Chandra Jessee', 'description': 'actor'}]"
Flora & Ulysses,2/19/2021,"Comedy, Family",Disney+,America,Movie,7+ (PG),6.2/10,,"[{'name': 'Lena Khan', 'description': 'director'}, {'name': 'Matilda Lawler', 'description': 'actor'}, {'name': 'Alyson Hannigan', 'description': 'actor'}, {'name': 'Ben Schwartz', 'description': 'actor'}, {'name': 'Danny Pudi', 'description': 'actor'}, {'name': 'Benjamin Evan Ainsworth', 'description': 'actor'}, {'name': 'Kate Micucci', 'description': 'actor'}, {'name': 'Nancy Robertson', 'description': 'actor'}, {'name': 'Christine Lee', 'description': 'actor'}, {'name': 'Darien Martin', 'description': 'actor'}, {'name': 'Carolyn Yonge', 'description': 'actor'}, {'name': 'Kyle Strauts', 'description': 'actor'}, {'name': 'Craig Haas', 'description': 'actor'}, {'name': 'Malaika Jackson', 'description': 'actor'}, {'name': 'Arkie Kandola', 'description': 'actor'}, {'name': 'Nicholas Dohy', 'description': 'actor'}, {'name': 'Bobby Moynihan', 'description': 'actor'}, {'name': 'Janeane Garofalo', 'description': 'actor'}, {'name': 'Anna Deavere Smith', 'description': 'actor'}, {'name': 'Gil Netter', 'description': 'actor'}, {'name': 'Katterli Frauenfelder', 'description': 'actor'}, {'name': 'Brad Copeland', 'description': 'author'}, {'name': 'Kate DiCamillo', 'description': 'author'}, {'name': 'Jake Monaco', 'description': 'actor'}]"
The Year of Spectacular Men,6/15/2018,"Comedy, Drama","Free Services, Prime Video",America,Movie,,5.6/10,,"[{'name': 'Lea Thompson', 'description': 'director'}, {'name': 'Madelyn Deutch', 'description': 'actor'}, {'name': 'Zoey Deutch', 'description': 'actor'}, {'name': 'Lea Thompson', 'description': 'actor'}, {'name': 'Melissa Bolona', 'description': 'actor'}, {'name': 'Avan Jogia', 'description': 'actor'}, {'name': 'Nicholas Braun', 'description': 'actor'}, {'name': 'Brandon T. Jackson', 'description': 'actor'}, {'name': 'Jesse Bradford', 'description': 'actor'}, {'name': 'Cameron Monaghan', 'description': 'actor'}, {'name': 'Zach Roerig', 'description': 'actor'}, {'name': 'Bob Clendenin', 'description': 'actor'}, {'name': 'Troy Evans', 'description': 'actor'}, {'name': 'Alison Martin', 'description': 'actor'}, {'name': 'Lily Anne Harrison', 'description': 'actor'}, {'name': 'D.W. Moffett', 'description': 'actor'}, {'name': 'Cindy Kavadas Williamson', 'description': 'actor'}, {'name': 'Amy Pietz', 'description': 'actor'}, {'name': 'Grace Yee', 'description': 'actor'}, {'name': 'Harper Cullen', 'description': 'actor'}, {'name': 'Alec Mapa', 'description': 'actor'}, {'name': 'Alex Boling', 'description': 'actor'}, {'name': 'Damiano Tucci', 'description': 'actor'}, {'name': 'Danny Roth', 'description': 'actor'}]"
A&E Biography: The Great Ziegfeld,2/26/1996,"Biography, Documentary",Prime Video ,,Movie,,7.4/10,,"[{'name': 'Doris Eaton', 'description': 'actor'}, {'name': 'Patricia Ziegfeld Stephenson', 'description': 'actor'}, {'name': 'Jack Perkins', 'description': 'actor'}, {'name': 'Helen Morgan', 'description': 'actor'}, {'name': 'Tess Gardella', 'description': 'actor'}, {'name': 'Marilyn Miller', 'description': 'actor'}, {'name': 'Eddie Cantor', 'description': 'actor'}, {'name': 'Florenz Ziegfeld Jr.', 'description': 'actor'}, {'name': 'Will Rogers', 'description': 'actor'}, {'name': 'Fanny Brice', 'description': 'actor'}, {'name': 'Jules Bledsoe', 'description': 'actor'}, {'name': 'John Griffin', 'description': 'actor'}]"
Aliens of the Deep,1/28/2005,"Family, Documentary","Disney+, Prime Video",America,Movie,All (G),6.3/10,,"[{'name': 'James Cameron', 'description': 'director'}, {'name': 'Steven Quale', 'description': 'director'}, {'name': 'Anatoly M. Sagalevitch', 'description': 'actor'}, {'name': 'Pamela Conrad', 'description': 'actor'}, {'name': 'James Cameron', 'description': 'actor'}, {'name': 'Charles Pellegrino', 'description': 'actor'}, {'name': 'Genya Chernaiev', 'description': 'actor'}, {'name': 'Victor Nischeta', 'description': 'actor'}, {'name': ""Arthur 'Lonne' Lane"", 'description': 'actor'}, {'name': 'Jim Childress', 'description': 'actor'}, {'name': 'Dijanna Figueroa', 'description': 'actor'}, {'name': 'Micheal Henry', 'description': 'actor'}, {'name': 'Kevin Hand', 'description': 'actor'}, {'name': 'Maya Tolstoy', 'description': 'actor'}, {'name': 'Loretta Hidalgo', 'description': 'actor'}, {'name': 'Kelly Snook', 'description': 'actor'}, {'name': 'Megan McArthur', 'description': 'actor'}, {'name': 'Tori Hoehler', 'description': 'actor'}, {'name': 'Michael Atkins', 'description': 'actor'}, {'name': 'Christina Reed', 'description': 'actor'}, {'name': 'David L. Dubois', 'description': 'actor'}, {'name': 'Richard Santos', 'description': 'actor'}, {'name': 'Melanie Lavender', 'description': 'actor'}, {'name': 'Andrew Wight', 'description': 'actor'}]"
Reel Pieces with Annette Insdorf,,,Prime Video ,,Movie,,,,[]
The Last Bus,9/7/2011,"Drama, Fantasy",Prime Video ,Slovakia,Movie,18+ (R),10-Jul,,"[{'name': 'Ivana Laučíková', 'description': 'director'}, {'name': 'Martin Snopek', 'description': 'director'}, {'name': 'Michal Rovňák', 'description': 'actor'}, {'name': 'Vít Bednárik', 'description': 'actor'}, {'name': 'Ivan Martinka', 'description': 'actor'}]"
Taipei Story,1/1/1985,"Action & Adventure, Drama",The Criterion Channel,Taiwan,Movie,,7.6/10,,"[{'name': 'Edward Yang', 'description': 'director'}, {'name': 'Chin Tsai', 'description': 'actor'}, {'name': 'Hou Hsiao-hsien', 'description': 'actor'}, {'name': 'Wu Nien-Jen', 'description': 'actor'}, {'name': 'Lin Hsiu-Ling', 'description': 'actor'}, {'name': 'Kelly Ko', 'description': 'actor'}, {'name': 'Ko I-Chen', 'description': 'actor'}, {'name': 'Fan Mei', 'description': 'actor'}, {'name': 'Wu Ping-nan', 'description': 'actor'}, {'name': 'Yang Li-yin', 'description': 'actor'}, {'name': 'Grace Chen Shu-Fang', 'description': 'actor'}, {'name': 'Lai Te-Nan', 'description': 'actor'}, {'name': 'Peng Sun', 'description': 'actor'}, {'name': 'De-ming Lyu', 'description': 'actor'}, {'name': 'Nai-Chu Ting', 'description': 'actor'}, {'name': 'Shu-yao Yang', 'description': 'actor'}, {'name': 'Huang Yung', 'description': 'actor'}, {'name': 'Lin Jung-feng', 'description': 'actor'}, {'name': 'Liu Sheng-chung', 'description': 'actor'}, {'name': 'Chu Tien-wen', 'description': 'author'}, {'name': 'Edward Yang', 'description': 'author'}, {'name': 'Hou Hsiao-hsien', 'description': 'author'}, {'name': 'Edward Yang', 'description': 'actor'}, {'name': 'Tu Duu-chih', 'description': 'actor'}]"
Raiders of the Living Dead,1/1/1986,"Comedy, Horror",Fandor,America,Movie,13+ (PG-13),2.6/10,,"[{'name': 'Samuel M. Sherman', 'description': 'director'}, {'name': 'Scott Schwartz', 'description': 'actor'}, {'name': 'Robert Deveau', 'description': 'actor'}, {'name': 'Donna Asali', 'description': 'actor'}, {'name': ""Robert 'Tex' Allen"", 'description': 'actor'}, {'name': 'Bob Sacchetti', 'description': 'actor'}, {'name': 'Zita Johann', 'description': 'actor'}, {'name': 'Corri Burt', 'description': 'actor'}, {'name': 'Leonard Corman', 'description': 'actor'}, {'name': 'Nino Rigali', 'description': 'actor'}, {'name': 'Barbara June Patterson', 'description': 'actor'}, {'name': 'Brett Piper', 'description': 'author'}]"
Petra,10/12/2011,Comedy,Prime Video ,,Movie,,,,[]
Rusted Development,3/17/2014,"Animation, Documentary",Prime Video ,America,TV Show,,6.4/10,2,"[{'name': 'Rick Dore', 'description': 'actor'}, {'name': 'Chuck Palumbo', 'description': 'actor'}]"
Nosotros,3/1/2017,Drama,"Free Services, Prime Video",Spain,Movie,,6.6/10,,"[{'name': 'Felipe Vara de Rey', 'description': 'director'}, {'name': 'Sarah Bienzobas', 'description': 'actor'}, {'name': ""Diego 'Seda' Quejido"", 'description': 'actor'}, {'name': ""Jonathan 'Suko' Peña"", 'description': 'actor'}, {'name': 'María García', 'description': 'actor'}, {'name': 'Felipe Vara de Rey', 'description': 'actor'}, {'name': 'Antonio de Cos', 'description': 'actor'}, {'name': 'Juli Mira', 'description': 'actor'}, {'name': 'Ascen López', 'description': 'actor'}, {'name': 'Roberta Pasquinucci', 'description': 'actor'}, {'name': 'Andrés Lima', 'description': 'actor'}, {'name': 'Chani Martín', 'description': 'actor'}, {'name': 'Felipe Vara de Rey', 'description': 'author'}, {'name': 'Hugo Mas', 'description': 'author'}]"
Gang Related,10/8/1997,"Drama, Crime",HBO MAX,America,Movie,18+ (R),6.4/10,,"[{'name': 'Jim Kouf', 'description': 'director'}, {'name': 'Jim Belushi', 'description': 'actor'}, {'name': 'Tupac Shakur', 'description': 'actor'}, {'name': 'Lela Rochon', 'description': 'actor'}, {'name': 'Dennis Quaid', 'description': 'actor'}, {'name': 'James Earl Jones', 'description': 'actor'}, {'name': 'Gary Cole', 'description': 'actor'}, {'name': ""Terrence 'T.C.' Carson"", 'description': 'actor'}, {'name': 'Wendy Crewson', 'description': 'actor'}, {'name': 'Kool Moe Dee', 'description': 'actor'}, {'name': 'Reggie Miller', 'description': 'actor'}, {'name': 'David Paymer', 'description': 'actor'}, {'name': 'Brad Greenquist', 'description': 'actor'}, {'name': 'James Handy', 'description': 'actor'}, {'name': 'Victor Love', 'description': 'actor'}, {'name': 'Robert Lasardo', 'description': 'actor'}, {'name': 'Perry Anzilotti', 'description': 'actor'}, {'name': 'Gregory Scott Cummins', 'description': 'actor'}, {'name': ""Tom 'Tiny' Lister Jr."", 'description': 'actor'}, {'name': 'Brad Krevoy', 'description': 'actor'}, {'name': 'John Bertolli', 'description': 'actor'}, {'name': 'Steven Stabler', 'description': 'actor'}, {'name': 'Lynn Kouf', 'description': 'actor'}, {'name': 'Jim Kouf', 'description': 'author'}]"
Getting On,11/24/2013,"Drama, Comedy","Free Services, Prime Video",America,TV Show,18+ (TV-MA),7.7/10,3,"[{'name': 'Alex Borstein', 'description': 'actor'}, {'name': 'Niecy Nash', 'description': 'actor'}, {'name': 'Mel Rodriguez', 'description': 'actor'}, {'name': 'Joel Johnstone', 'description': 'actor'}, {'name': 'Mark V. Olsen', 'description': 'actor'}, {'name': 'Will Scheffer', 'description': 'actor'}]"
Stripped: Las Vegas,11/2/2021,Documentary,Starz,,Movie,,4.3/10,,[]
Wits in Felixstowe,1/1/2018,Documentary,Prime Video ,United Kingdom,Movie,,7.1/10,,"[{'name': 'Robert Lloyd Parry', 'description': 'director'}, {'name': 'Robert Lloyd Parry', 'description': 'actor'}, {'name': 'Robert Lloyd Parry', 'description': 'actor'}, {'name': 'Robert Lloyd Parry', 'description': 'author'}]"
The Woman Condemned,4/3/1934,"Romance, Drama","The Criterion Channel, Prime Video",America,Movie,,4.4/10,,"[{'name': 'Dorothy Davenport', 'description': 'director'}, {'name': 'Lola Lane', 'description': 'actor'}, {'name': 'Richard Hemingway', 'description': 'actor'}, {'name': 'Mischa Auer', 'description': 'actor'}, {'name': 'Claudia Dell', 'description': 'actor'}, {'name': 'Jason Robards Sr.', 'description': 'actor'}, {'name': 'Paul Ellis', 'description': 'actor'}, {'name': 'Douglas Cosgrove', 'description': 'actor'}, {'name': 'Sheila Bromley', 'description': 'actor'}, {'name': 'Louise Beavers', 'description': 'actor'}, {'name': ""Tom O'Brien"", 'description': 'actor'}, {'name': 'Neal Pratt', 'description': 'actor'}, {'name': 'Willis Kent', 'description': 'actor'}]"
Combat Hospital,6/21/2011,Action & Adventure,Prime Video ,Canada,TV Show,7+ (TV-PG),7.3/10,1,"[{'name': 'Elias Koteas', 'description': 'actor'}, {'name': 'Michelle Borth', 'description': 'actor'}, {'name': 'Luke Mably', 'description': 'actor'}, {'name': 'Deborah Kara Unger', 'description': 'actor'}, {'name': 'Terry Chen', 'description': 'actor'}, {'name': 'Arnold Pinnock', 'description': 'actor'}, {'name': 'Daniel Petrie Jr.', 'description': 'actor'}, {'name': 'Gub Neal', 'description': 'actor'}, {'name': 'Jennifer Kawaja', 'description': 'actor'}, {'name': 'Julia Sereny', 'description': 'actor'}, {'name': 'Justin Thomson-Glover', 'description': 'actor'}, {'name': 'Patrick Irwin', 'description': 'actor'}, {'name': 'Simon Vaughan', 'description': 'actor'}]"
Set Play,12/10/2020,Drama,"Free Services, Prime Video",South Korea,Movie,,,,"[{'name': 'Moon Seung-wook', 'description': 'director'}, {'name': 'Lee Jae-kyoon', 'description': 'actor'}, {'name': 'Jang Yoo-sang', 'description': 'actor'}, {'name': 'Park Hyun-suk', 'description': 'actor'}, {'name': 'Go Min-si', 'description': 'actor'}, {'name': 'Kim Jun-ku', 'description': 'actor'}, {'name': 'Moon Seung-wook', 'description': 'author'}]"
Pink Hill,1/20/2020,"Comedy, Drama","Free Services, Prime Video",,Movie,,4.2/10,,"[{'name': 'Robert Flanagan', 'description': 'director'}, {'name': 'Kimberlee Gayheart', 'description': 'actor'}, {'name': 'Kermit Leggett', 'description': 'actor'}, {'name': 'Michele Lipman', 'description': 'actor'}, {'name': 'Mott McCampbell', 'description': 'actor'}, {'name': 'Suzan Al-Doghachi', 'description': 'actor'}]"
Double Blind,11/1/2017,"Action & Adventure, Thriller","Free Services, Prime Video",,Movie,,4.4/10,,"[{'name': 'Thomas D. Moser', 'description': 'director'}, {'name': 'Jennifer Jarrett', 'description': 'actor'}, {'name': 'Katharine Phillips Moser', 'description': 'actor'}, {'name': 'Christopher Showerman', 'description': 'actor'}, {'name': 'Phillip Daniel', 'description': 'actor'}, {'name': 'Rana Rines', 'description': 'author'}, {'name': 'Thomas D. Moser', 'description': 'author'}]"
Cowboys,4/15/2020,"Drama, LGBTQ","Hulu, Prime Video",America,Movie,,6.1/10,,"[{'name': 'Anna Kerrigan', 'description': 'director'}, {'name': 'Steve Zahn', 'description': 'actor'}, {'name': 'Jillian Bell', 'description': 'actor'}, {'name': 'Sasha Knight', 'description': 'actor'}, {'name': 'Ann Dowd', 'description': 'actor'}, {'name': 'Gary Farmer', 'description': 'actor'}, {'name': 'Chris Coy', 'description': 'actor'}, {'name': 'John Reynolds', 'description': 'actor'}, {'name': 'Bob Stephenson', 'description': 'actor'}, {'name': 'AJ Slaght', 'description': 'actor'}, {'name': 'John Beasley', 'description': 'actor'}, {'name': 'Seth Breding', 'description': 'actor'}, {'name': 'Angela Marshall', 'description': 'actor'}, {'name': 'Steve Dodd', 'description': 'actor'}, {'name': 'Armando Garcia', 'description': 'actor'}, {'name': 'Heather Laplante', 'description': 'actor'}, {'name': 'Emily Moran', 'description': 'actor'}, {'name': 'Jared Broxterman', 'description': 'actor'}, {'name': 'Matt Mhoon', 'description': 'actor'}, {'name': 'Mari LaPlante', 'description': 'actor'}, {'name': 'Sawyer Pule', 'description': 'actor'}, {'name': 'Travis W Bruyer', 'description': 'actor'}, {'name': 'Anna Kerrigan', 'description': 'actor'}, {'name': 'Gigi Graff', 'description': 'actor'}]"
My King,4/29/2021,Drama,"Free Services, Prime Video",,Movie,,7.3/10,,"[{'name': 'Kenya Cagle', 'description': 'director'}, {'name': 'Melessa Avery', 'description': 'actor'}, {'name': 'Christopher W. Clayton', 'description': 'actor'}, {'name': 'George Crawford', 'description': 'actor'}, {'name': 'Monet Dunham', 'description': 'actor'}, {'name': 'Brian Mclaughlin', 'description': 'actor'}, {'name': 'Danea Osseni', 'description': 'actor'}, {'name': 'AzJahlee Presswood', 'description': 'actor'}, {'name': 'Ivan Rawles', 'description': 'actor'}, {'name': 'Karen Rock', 'description': 'actor'}, {'name': 'Shaquille Rock', 'description': 'actor'}, {'name': 'Michael Rothberger', 'description': 'actor'}, {'name': 'Jeanette Waters', 'description': 'actor'}, {'name': 'Karen Rock', 'description': 'actor'}, {'name': 'Kenya Cagle', 'description': 'actor'}, {'name': 'Karen Rock', 'description': 'author'}]"
Venky Mama,12/13/2019,"Action & Adventure, Comedy","Prime Video, Prime Video",India,Movie,13+ (PG-13),5.4/10,,"[{'name': 'Bobby Kolli', 'description': 'director'}, {'name': 'Venkatesh', 'description': 'actor'}, {'name': 'Naga Chaitanya Akkineni', 'description': 'actor'}, {'name': 'Raashi Khanna', 'description': 'actor'}, {'name': 'Payal Rajput', 'description': 'actor'}, {'name': 'Nassar', 'description': 'actor'}, {'name': 'Prakash Raj', 'description': 'actor'}, {'name': 'Brahmaji', 'description': 'actor'}, {'name': 'Adithya Menon', 'description': 'actor'}, {'name': 'Chammak Chandra', 'description': 'actor'}, {'name': 'Kishore', 'description': 'actor'}, {'name': 'Posani Krishna Murali', 'description': 'actor'}, {'name': 'Rao Ramesh', 'description': 'actor'}, {'name': 'Sampath Raj', 'description': 'actor'}, {'name': 'Vidyullekha Raman', 'description': 'actor'}, {'name': 'Srinivasa Reddy', 'description': 'actor'}, {'name': 'Raghu Karumanchi', 'description': 'actor'}, {'name': 'Raghu Babu', 'description': 'actor'}, {'name': 'Hyper Adhi', 'description': 'actor'}, {'name': 'Daggubati Suresh Babu', 'description': 'actor'}, {'name': 'Janardhan Maharshi', 'description': 'author'}, {'name': 'Kona Venkat', 'description': 'author'}, {'name': 'S. Thaman', 'description': 'actor'}]"
Star Maps,7/23/1997,"Comedy, Drama",Prime Video ,,Movie,18+ (R),5.6/10,,"[{'name': 'Miguel Arteta', 'description': 'director'}, {'name': 'Douglas Spain', 'description': 'actor'}, {'name': 'Efrain Figueroa', 'description': 'actor'}, {'name': 'Kandeyce Jorden', 'description': 'actor'}, {'name': 'Martha Velez', 'description': 'actor'}, {'name': 'Lysa Flores', 'description': 'actor'}, {'name': 'Annette Murphy', 'description': 'actor'}, {'name': 'Robin Thomas', 'description': 'actor'}, {'name': 'Vincent Chandler', 'description': 'actor'}, {'name': 'Al Vicente', 'description': 'actor'}, {'name': 'Herbert Siguenza', 'description': 'actor'}, {'name': 'Michael Peña', 'description': 'actor'}, {'name': 'Mike White', 'description': 'actor'}, {'name': 'Zak Penn', 'description': 'actor'}, {'name': 'Matthew Greenfield', 'description': 'actor'}, {'name': 'Beth Colt', 'description': 'actor'}, {'name': 'Chris Iovenko', 'description': 'actor'}, {'name': 'Mitchell Kelly', 'description': 'actor'}, {'name': 'Scott King', 'description': 'actor'}, {'name': 'Miguel Arteta', 'description': 'author'}]"
Amanda Knox,2/21/2011,"Drama, Crime",Prime Video ,,Movie,,5.7/10,,[]
It Ain't Easy,11/10/1972,"Drama, Action & Adventure",Prime Video ,America,Movie,7+ (PG),4.3/10,,"[{'name': 'Maurice Hurley', 'description': 'director'}, {'name': 'Lance Henriksen', 'description': 'actor'}, {'name': 'Barra Grant', 'description': 'actor'}, {'name': 'Bill Moor', 'description': 'actor'}, {'name': 'Granville Van Dusen', 'description': 'actor'}, {'name': 'Joseph Maher', 'description': 'actor'}, {'name': 'Pierrino Mascarino', 'description': 'actor'}, {'name': 'Penelope Allen', 'description': 'actor'}, {'name': 'Bill Schoppert', 'description': 'actor'}, {'name': 'Joel Thingvall', 'description': 'actor'}, {'name': 'Richard A. Diercks', 'description': 'actor'}, {'name': 'Mary Olson', 'description': 'author'}, {'name': 'Dale Menten', 'description': 'actor'}]"
What Couples Do,6/6/2019,"Drama, Comedy",Prime Video ,,Movie,,5.2/10,,[]
Nightmare in Columbia County,12/10/1991,"Crime, Drama","Netflix, Prime Video",America,Movie,,5.5/10,,"[{'name': 'Royer Young', 'description': 'director'}, {'name': 'William Devane', 'description': 'actor'}, {'name': 'Jeri Ryan', 'description': 'actor'}, {'name': 'Michele Abrams', 'description': 'actor'}, {'name': 'Nick Searcy', 'description': 'actor'}, {'name': 'Linda Pierce', 'description': 'actor'}, {'name': 'Kay Hoffman', 'description': 'actor'}, {'name': 'Alan Landsburg', 'description': 'actor'}, {'name': 'John Robert Bensink', 'description': 'author'}, {'name': 'Richard Bellis', 'description': 'actor'}]"
I Am Patrick Swayze,8/18/2019,"Biography, Documentary","Hoopla, Prime Video",America,Movie,,7.7/10,,"[{'name': 'Adrian Buitenhuis', 'description': 'director'}, {'name': 'Patrick Swayze', 'description': 'actor'}, {'name': 'Lori Petty', 'description': 'actor'}, {'name': 'Kelly Lynch', 'description': 'actor'}, {'name': 'Jennifer Grey', 'description': 'actor'}, {'name': 'Sam Elliott', 'description': 'actor'}, {'name': 'Demi Moore', 'description': 'actor'}, {'name': 'C. Thomas Howell', 'description': 'actor'}, {'name': 'Rob Lowe', 'description': 'actor'}, {'name': 'Marshall R. Teague', 'description': 'actor'}, {'name': 'Don Swayze', 'description': 'actor'}, {'name': 'Lisa Niemi', 'description': 'actor'}, {'name': 'Roland Joffé', 'description': 'actor'}, {'name': 'Kate Edwards', 'description': 'actor'}, {'name': 'Cliff McLaughlin', 'description': 'actor'}, {'name': 'Nicole David', 'description': 'actor'}, {'name': 'Rosemary Hygate', 'description': 'actor'}, {'name': 'Franklyn Whiteley', 'description': 'actor'}, {'name': 'Derik Murray', 'description': 'actor'}, {'name': 'Chaz Gray', 'description': 'actor'}, {'name': 'Frank Anderson', 'description': 'actor'}, {'name': 'Greg Zeschuk', 'description': 'actor'}, {'name': 'Jaimee Kosanke', 'description': 'actor'}, {'name': 'Jhod Cardinal', 'description': 'actor'}]"
Demetrius and the Gladiators,6/16/1954,"Action & Adventure, Drama",Prime Video ,America,Movie,,6.6/10,,"[{'name': 'Delmer Daves', 'description': 'director'}, {'name': 'Victor Mature', 'description': 'actor'}, {'name': 'Susan Hayward', 'description': 'actor'}, {'name': 'Michael Rennie', 'description': 'actor'}, {'name': 'Debra Paget', 'description': 'actor'}, {'name': 'Anne Bancroft', 'description': 'actor'}, {'name': 'Jay Robinson', 'description': 'actor'}, {'name': 'Ernest Borgnine', 'description': 'actor'}, {'name': 'Richard Egan', 'description': 'actor'}, {'name': 'Barry Jones', 'description': 'actor'}, {'name': 'Charles Evans', 'description': 'actor'}, {'name': 'William Marshall', 'description': 'actor'}, {'name': 'Frank Ross', 'description': 'actor'}, {'name': 'Philip Dunne', 'description': 'author'}, {'name': 'Franz Waxman', 'description': 'actor'}]"
Psych 3: This Is Gus,11/18/2021,"Comedy, Crime",Peacock Premium,America,Movie,7+ (PG),7.7/10,,"[{'name': 'Steve Franks', 'description': 'director'}, {'name': 'James Roday Rodriguez', 'description': 'actor'}, {'name': 'Dulé Hill', 'description': 'actor'}, {'name': 'Timothy Omundson', 'description': 'actor'}, {'name': 'Maggie Lawson', 'description': 'actor'}, {'name': 'Kirsten Nelson', 'description': 'actor'}, {'name': 'Corbin Bernsen', 'description': 'actor'}, {'name': 'Jazmyn Simon', 'description': 'actor'}, {'name': 'Kurt Fuller', 'description': 'actor'}, {'name': 'Curt Smith', 'description': 'actor'}, {'name': 'Allen Maldonado', 'description': 'actor'}, {'name': 'Sage Brocklebank', 'description': 'actor'}, {'name': 'Ray Wise', 'description': 'actor'}, {'name': 'Katie Findlay', 'description': 'actor'}, {'name': 'Leanne Lapp', 'description': 'actor'}, {'name': 'Sophia Reid-Gantzert', 'description': 'actor'}, {'name': 'B. J. Harrison', 'description': 'actor'}, {'name': 'Bethany Brown', 'description': 'actor'}, {'name': 'Chris Henze', 'description': 'actor'}, {'name': 'Dulé Hill', 'description': 'actor'}, {'name': 'James Roday Rodriguez', 'description': 'actor'}, {'name': 'Steve Franks', 'description': 'actor'}, {'name': 'James Roday Rodriguez', 'description': 'author'}, {'name': 'Steve Franks', 'description': 'author'}]"
Warriors of Liberty City,9/16/2018,"Reality, Documentary","Free Services, Prime Video",America,TV Show,18+ (TV-MA),6.6/10,1,"[{'name': 'Kris Bowers', 'description': 'actor'}]"
Casebusters,5/25/1986,"Action & Adventure, Family","Disney+, Prime Video",America,Movie,All (G),5.5/10,,"[{'name': 'Wes Craven', 'description': 'director'}, {'name': 'Pat Hingle', 'description': 'actor'}, {'name': 'Noah Hathaway', 'description': 'actor'}, {'name': 'Virginya Keehne', 'description': 'actor'}, {'name': 'Gary Riley', 'description': 'actor'}, {'name': 'Thomas F. Duffy', 'description': 'actor'}, {'name': 'Tim Russ', 'description': 'actor'}, {'name': 'Nicholas Worth', 'description': 'actor'}, {'name': 'Erwin Stoff', 'description': 'actor'}, {'name': 'Don Roos', 'description': 'author'}, {'name': 'George Arthur Bloom', 'description': 'author'}]"
Aliens: The Big Think,5/1/2016,"Animation, Documentary",Discovery+,United Kingdom,Movie,,7.1/10,,"[{'name': 'thomas hewitson', 'description': 'director'}, {'name': 'Martin Rees', 'description': 'actor'}]"
"Forever, Chinatown",4/2/2016,"Animation, Documentary",Kanopy,America,Movie,,8.1/10,,"[{'name': 'James Chan', 'description': 'director'}]"
Murdered By My Boyfriend,6/23/2014,Drama,BritBox,United Kingdom,Movie,,7.4/10,,"[{'name': 'Paul Andrew Williams', 'description': 'director'}, {'name': 'Georgina Campbell', 'description': 'actor'}, {'name': 'Royce Pierreson', 'description': 'actor'}, {'name': 'Cassie Bancroft', 'description': 'actor'}, {'name': 'Caroline Bartleet', 'description': 'actor'}, {'name': 'Simona Brown', 'description': 'actor'}, {'name': 'Daniel Ezra', 'description': 'actor'}, {'name': 'Stephanie Hyam', 'description': 'actor'}, {'name': 'Karl Jackson', 'description': 'actor'}, {'name': 'Viola Johnson', 'description': 'actor'}, {'name': 'Lorna Jones', 'description': 'actor'}, {'name': 'Monty Jones', 'description': 'actor'}, {'name': 'David Keeling', 'description': 'actor'}, {'name': 'Sally Ann Matthews', 'description': 'actor'}, {'name': 'Laura McAlpine', 'description': 'actor'}, {'name': 'Jade Monet', 'description': 'actor'}, {'name': 'Monique Sian Mundle', 'description': 'actor'}, {'name': 'Esther Niles', 'description': 'actor'}, {'name': 'Kate Hardie', 'description': 'actor'}, {'name': 'Pier Wilkie', 'description': 'actor'}, {'name': 'Darren Kemp', 'description': 'actor'}, {'name': 'Regina Moriarty', 'description': 'author'}, {'name': 'Navid Asghari', 'description': 'actor'}]"
Ti Laurent,,"Drama, Comedy",Prime Video ,,Movie,,,,[]
Jungle Virgin Force,1/1/1983,"Action & Adventure, Horror",Prime Video ,Indonesia,Movie,,4.4/10,,"[{'name': 'Danu Umbara', 'description': 'director'}, {'name': 'Lydia Kandou', 'description': 'actor'}, {'name': 'Harry Capri', 'description': 'actor'}, {'name': 'Enny Beatrice', 'description': 'actor'}, {'name': 'Piet Burnama', 'description': 'actor'}, {'name': 'Nena Rosier', 'description': 'actor'}, {'name': 'Torro Margens', 'description': 'actor'}, {'name': 'Rita Zahara', 'description': 'actor'}, {'name': 'H.I.M. Damsyik', 'description': 'actor'}, {'name': 'Dhamoo Punjabi', 'description': 'actor'}, {'name': 'Arifin C. Noer', 'description': 'author'}, {'name': 'Gatot Sudarto', 'description': 'actor'}]"
Hard Drive,1/2/1994,"Crime, Thriller",Free Services,America,Movie,18+ (R),5.5/10,,"[{'name': 'James Merendino', 'description': 'director'}, {'name': 'Matt McCoy', 'description': 'actor'}, {'name': 'Christina Fulton', 'description': 'actor'}, {'name': 'Edward Albert', 'description': 'actor'}, {'name': 'Leo Damian', 'description': 'actor'}, {'name': 'Stella Stevens', 'description': 'actor'}, {'name': 'Irina Maleeva', 'description': 'actor'}, {'name': 'Belinda Waymouth', 'description': 'actor'}, {'name': 'Robin Joi Brown', 'description': 'actor'}, {'name': 'Melanie Moore', 'description': 'actor'}, {'name': ""De'Ann Power"", 'description': 'actor'}, {'name': 'Jane Damian', 'description': 'actor'}, {'name': 'Jessica Hopper', 'description': 'actor'}, {'name': 'Alix Koromzay', 'description': 'actor'}, {'name': 'Michael Kastenbaum', 'description': 'actor'}, {'name': 'Spice Williams-Crosby', 'description': 'actor'}, {'name': 'Kane Picoy', 'description': 'actor'}, {'name': 'Leo Damian', 'description': 'actor'}, {'name': 'Michael Kastenbaum', 'description': 'actor'}, {'name': 'Gary Van Haas', 'description': 'author'}, {'name': 'James Merendino', 'description': 'author'}]"
The Mating Game,4/29/1959,"Comedy, Romance",Prime Video ,America,Movie,,6.9/10,,"[{'name': 'George Marshall', 'description': 'director'}, {'name': 'Debbie Reynolds', 'description': 'actor'}, {'name': 'Tony Randall', 'description': 'actor'}, {'name': 'Paul Douglas', 'description': 'actor'}, {'name': 'Fred Clark', 'description': 'actor'}, {'name': 'Una Merkel', 'description': 'actor'}, {'name': 'Philip Ober', 'description': 'actor'}, {'name': 'Philip Coolidge', 'description': 'actor'}, {'name': 'Charles Lane', 'description': 'actor'}, {'name': 'Trevor Bardette', 'description': 'actor'}, {'name': 'William Smith', 'description': 'actor'}, {'name': 'Addison Powell', 'description': 'actor'}, {'name': 'Rickey Murray', 'description': 'actor'}, {'name': 'Donald Losby', 'description': 'actor'}, {'name': 'Cheryl Bailey', 'description': 'actor'}, {'name': 'Caryl Bailey', 'description': 'actor'}, {'name': 'Robert Carson', 'description': 'actor'}, {'name': 'Gordon Carveth', 'description': 'actor'}, {'name': 'Gene Coogan', 'description': 'actor'}, {'name': 'Oliver Cross', 'description': 'actor'}, {'name': 'Franklyn Farnum', 'description': 'actor'}, {'name': 'Warren Frost', 'description': 'actor'}, {'name': 'Philip Barry Jr.', 'description': 'actor'}, {'name': 'H. E. Bates', 'description': 'author'}]"
The Zen Diaries of Garry Shandling Part 2,1/1/2018,,"HBO, Prime Video",,Movie,,,,[]
Training Wheels,8/11/2018,"Drama, Comedy",Prime Video ,,Movie,,,,[]
Saltwater: The Battle for Ramree Island,6/1/2021,Action & Adventure,"Free Services, Prime Video",United Kingdom,Movie,,2.5/10,,"[{'name': 'Steven Lawson', 'description': 'director'}, {'name': 'Glenn Salvage', 'description': 'actor'}, {'name': 'Jas Steven Singh', 'description': 'actor'}, {'name': 'Steven Dolton', 'description': 'actor'}, {'name': 'Ryan Harvey', 'description': 'actor'}, {'name': 'Charlie Bond', 'description': 'actor'}, {'name': 'David Hon Ma Chu', 'description': 'actor'}, {'name': 'Steven Lawson', 'description': 'author'}]"
Phantom Signals,10/8/2020,Documentary,"Philo, Prime Video",,TV Show,,10-Jun,1,[]
Stella Maris,1/21/1918,"Romance, Drama","Prime Video, Prime Video",America,Movie,,6.9/10,,"[{'name': 'Marshall Neilan', 'description': 'director'}, {'name': 'Mary Pickford', 'description': 'actor'}, {'name': 'Ida Waterman', 'description': 'actor'}, {'name': 'Herbert Standing', 'description': 'actor'}, {'name': 'Conway Tearle', 'description': 'actor'}, {'name': 'Josephine Crowell', 'description': 'actor'}, {'name': 'Marcia Manon', 'description': 'actor'}, {'name': 'Lou Conley', 'description': 'actor'}, {'name': 'Gustav von Seyffertitz', 'description': 'actor'}, {'name': 'Frances Marion', 'description': 'author'}, {'name': 'William J. Locke', 'description': 'author'}]"
Golden Mind,11/5/2013,Drama,"Free Services, Prime Video",America,Movie,7+ (PG),6.6/10,,"[{'name': 'Josiah David Warren', 'description': 'director'}, {'name': 'Josiah David Warren', 'description': 'actor'}, {'name': 'Elizabeth York', 'description': 'actor'}, {'name': 'Chloe Flores', 'description': 'actor'}]"
The Fly Room,1/1/2014,"Drama, Biography","Free Services, Prime Video",America,Movie,,6.4/10,,"[{'name': 'Alexis Gambis', 'description': 'director'}, {'name': 'Henry Hopper', 'description': 'actor'}, {'name': 'Griffin Newman', 'description': 'actor'}, {'name': 'Mikal Evans', 'description': 'actor'}, {'name': 'Zoe Brooks', 'description': 'actor'}, {'name': 'Ben Mehl', 'description': 'actor'}, {'name': 'Haskell King', 'description': 'actor'}, {'name': 'Stan Demidoff', 'description': 'actor'}, {'name': 'Lesley Shires', 'description': 'actor'}, {'name': 'Alexis Gambis', 'description': 'author'}]"
Arnie the Doughnut,10/9/2005,"Animation, Family","Hoopla, Prime Video",America,Movie,,8.6/10,,"[{'name': 'Daniel Ivanick', 'description': 'director'}, {'name': 'Laurie Keller', 'description': 'author'}]"
8 Slices,3/1/2020,Drama,"Free Services, Prime Video",America,Movie,7+ (PG),5.8/10,,"[{'name': 'Nick Westfall', 'description': 'director'}, {'name': 'Jesse C. Boyd', 'description': 'actor'}, {'name': 'Kathy Searle', 'description': 'actor'}, {'name': 'Tyra Colar', 'description': 'actor'}, {'name': 'Harrison Stone', 'description': 'actor'}, {'name': 'Swift Rice', 'description': 'actor'}, {'name': 'Erika Chase', 'description': 'actor'}, {'name': 'Ethan Alexander McGee', 'description': 'actor'}, {'name': 'Gavin Munn', 'description': 'actor'}, {'name': 'Fiona Domenica', 'description': 'actor'}, {'name': 'Irene Santiago', 'description': 'actor'}, {'name': 'Justin Matthew Smith', 'description': 'actor'}, {'name': 'John Abraham', 'description': 'actor'}, {'name': 'Sarah Jes Austell', 'description': 'actor'}, {'name': 'Ramfis Myrthil', 'description': 'actor'}, {'name': 'Amber Patee Adams', 'description': 'actor'}, {'name': 'Jake Camp', 'description': 'actor'}, {'name': 'Nick Westfall', 'description': 'actor'}, {'name': 'Tamara Mercer', 'description': 'actor'}, {'name': 'Nick Westfall', 'description': 'author'}, {'name': 'Rogerio Maudonnet', 'description': 'actor'}]"
Gus,7/7/1976,"Family, Comedy","Disney+, Prime Video",America,Movie,All (G),5.7/10,,"[{'name': 'Vincent McEveety', 'description': 'director'}, {'name': 'Edward Asner', 'description': 'actor'}, {'name': 'Don Knotts', 'description': 'actor'}, {'name': 'Gary Grimes', 'description': 'actor'}, {'name': 'Tim Conway', 'description': 'actor'}, {'name': 'Louise Williams', 'description': 'actor'}, {'name': 'Dick Van Patten', 'description': 'actor'}, {'name': 'Ronnie Schell', 'description': 'actor'}, {'name': 'Bob Crane', 'description': 'actor'}, {'name': 'Johnny Unitas', 'description': 'actor'}, {'name': 'Dick Butkus', 'description': 'actor'}, {'name': 'Harold Gould', 'description': 'actor'}, {'name': 'Tom Bosley', 'description': 'actor'}, {'name': ""Virginia O'Brien"", 'description': 'actor'}, {'name': 'Kenneth Tobey', 'description': 'actor'}, {'name': 'Richard Kiel', 'description': 'actor'}, {'name': 'Dick Enberg', 'description': 'actor'}, {'name': 'Fred Dryer', 'description': 'actor'}, {'name': 'Liam Dunn', 'description': 'actor'}, {'name': 'Warde Donovan', 'description': 'actor'}, {'name': 'Larry Burrell', 'description': 'actor'}, {'name': 'Ron W. Miller', 'description': 'actor'}, {'name': 'Arthur Alsberg', 'description': 'author'}, {'name': 'Don Nelson', 'description': 'author'}]"
The Wizard of Paws,4/8/2020,"Family, Reality",Disney+,,TV Show,,9.4/10,3,[]
Deals in the Desert,5/21/2018,,"Free Services, Prime Video",,TV Show,,,1,[]
Drachenjungfrau,3/11/2016,Crime,"Free Services, Prime Video",Austria,Movie,16+,6.4/10,,"[{'name': 'Catalina Molina', 'description': 'director'}, {'name': 'Manuel Rubey', 'description': 'actor'}, {'name': 'Stefanie Reinsperger', 'description': 'actor'}, {'name': 'Verena Altenberger', 'description': 'actor'}, {'name': 'Patricia Aulitzky', 'description': 'actor'}, {'name': 'Harald Krassnitzer', 'description': 'actor'}, {'name': 'Christine Ostermayer', 'description': 'actor'}, {'name': 'Sabrina Reiter', 'description': 'actor'}, {'name': 'Nikolaus Leytner', 'description': 'author'}, {'name': 'Stefan Hafner', 'description': 'author'}, {'name': 'Thomas Weingartner', 'description': 'author'}]"
"My Enemy, My Brother",4/17/2015,"Documentary, Animation",Prime Video ,Canada,Movie,13+ (PG-13),8.2/10,,"[{'name': 'Ann Shin', 'description': 'director'}]"
Same Sex America,4/22/2005,"Documentary, LGBTQ",fuboTV,America,Movie,16+,7.3/10,,"[{'name': 'Henry Corra', 'description': 'director'}, {'name': 'Matthew Cummings', 'description': 'actor'}, {'name': 'Eliza M. Skinner', 'description': 'actor'}, {'name': 'Alex R. Johnson', 'description': 'actor'}, {'name': 'Henry Corra', 'description': 'actor'}, {'name': 'Jay Peterson', 'description': 'actor'}, {'name': 'Robert F. Katz', 'description': 'actor'}]"
The Most Dangerous Animal of All,3/6/2020,Documentary,"Hulu, Prime Video",,TV Show,14+ (TV-14),6.3/10,1,[]
End of Sentence,9/23/2019,"Drama, Action & Adventure","Free Services, Prime Video",Iceland,Movie,13+ (PG-13),6.7/10,,"[{'name': 'Elfar Adalsteins', 'description': 'director'}, {'name': 'John Hawkes', 'description': 'actor'}, {'name': 'Logan Lerman', 'description': 'actor'}, {'name': 'Sarah Bolger', 'description': 'actor'}, {'name': 'Andrea Irvine', 'description': 'actor'}, {'name': 'Ólafur Darri Ólafsson', 'description': 'actor'}, {'name': 'Denis Conway', 'description': 'actor'}, {'name': 'Lalor Roddy', 'description': 'actor'}, {'name': 'David Grant Wright', 'description': 'actor'}, {'name': 'Sean Mahon', 'description': 'actor'}, {'name': 'Mary McEvoy', 'description': 'actor'}, {'name': 'Aoibhin Murphy', 'description': 'actor'}, {'name': ""Marion O'Dwyer"", 'description': 'actor'}, {'name': 'Joan Sheehy', 'description': 'actor'}, {'name': 'Des Keogh', 'description': 'actor'}, {'name': 'Aine Ni Mhuiri', 'description': 'actor'}, {'name': 'Steven Blount', 'description': 'actor'}, {'name': 'Daniel Mahoney', 'description': 'actor'}, {'name': 'Maire Hastings', 'description': 'actor'}, {'name': 'Claire Mullan', 'description': 'actor'}, {'name': 'SJ McArdle', 'description': 'actor'}, {'name': 'Noella Brennan', 'description': 'actor'}, {'name': 'David Collins', 'description': 'actor'}, {'name': 'Elfar Adalsteins', 'description': 'actor'}]"
The Queen,11/29/2009,"Drama, Documentary",Prime Video ,United Kingdom,TV Show,,7.2/10,1,"[{'name': 'Samantha Bond', 'description': 'actor'}, {'name': 'Emilia Fox', 'description': 'actor'}, {'name': 'Katherine Elizabeth McGrath', 'description': 'actor'}, {'name': 'Barbara Flynn', 'description': 'actor'}, {'name': 'Diana Quick', 'description': 'actor'}, {'name': 'Lesley Manville', 'description': 'actor'}, {'name': 'Susan Jameson', 'description': 'actor'}, {'name': 'Simon Williams', 'description': 'actor'}, {'name': 'Tristan Sturrock', 'description': 'actor'}, {'name': 'Philip Jackson', 'description': 'actor'}, {'name': 'Lloyd McGuire', 'description': 'actor'}, {'name': 'Robert Bathurst', 'description': 'actor'}, {'name': 'Abby Ford', 'description': 'actor'}, {'name': 'Craig Heaney', 'description': 'actor'}, {'name': ""Graham O'Mara"", 'description': 'actor'}, {'name': 'Nicholas Le Prevost', 'description': 'actor'}, {'name': 'Ryan Quish', 'description': 'actor'}, {'name': 'Peter Davison', 'description': 'actor'}, {'name': 'Doreen Mantle', 'description': 'actor'}, {'name': 'Paul Clayton', 'description': 'actor'}, {'name': 'Michael Maloney', 'description': 'actor'}]"
Vennila Kabaddi Kuzhu 2,7/12/2019,"Action & Adventure, Drama",Prime Video ,India,Movie,,5.1/10,,"[{'name': 'Selvashekaran', 'description': 'director'}, {'name': 'Vikranth', 'description': 'actor'}, {'name': 'Arthana Binu', 'description': 'actor'}, {'name': 'Pasupathy Masilamani', 'description': 'actor'}, {'name': 'Kishore', 'description': 'actor'}, {'name': 'Anupama Kumar', 'description': 'actor'}, {'name': 'Ravi Mariya', 'description': 'actor'}, {'name': 'Soori', 'description': 'actor'}, {'name': 'Appukutty', 'description': 'actor'}, {'name': 'Kanja Karuppu', 'description': 'actor'}, {'name': 'Arul Dass', 'description': 'actor'}, {'name': 'Sonia Bose Venkat', 'description': 'actor'}, {'name': 'Ashwanth Ashokkumar', 'description': 'actor'}, {'name': 'Benjamin', 'description': 'actor'}, {'name': 'Maayi Sundar', 'description': 'actor'}, {'name': 'Nithish Veera', 'description': 'actor'}, {'name': 'Alexander', 'description': 'actor'}, {'name': 'Selvashekaran', 'description': 'author'}, {'name': 'V. Selvaganesh', 'description': 'actor'}]"
Marked,,Drama,Netflix,,Movie,,6.7/10,,[]
Calls From the Inside,12/29/2021,"Documentary, Crime","Philo, Prime Video",,TV Show,,10-Jul,1,[]
Planeat,4/6/2010,"Biography, Documentary",Prime Video ,,Movie,,7.2/10,,"[{'name': 'Or Shlomi', 'description': 'director'}, {'name': 'Shelley Lee Davies', 'description': 'director'}, {'name': ""Yvonne O'Grady"", 'description': 'actor'}]"
FRONTLINE: In the Age of AI,11/5/2019,Documentary,"Kanopy, Prime Video",,Movie,13+ (PG-13),8.2/10,,[]
Scooby-Doo Meets Batman,8/20/2002,"Animation, Family",Prime Video ,America,Movie,,6.9/10,,"[{'name': 'Joseph Barbera', 'description': 'director'}, {'name': 'William Hanna', 'description': 'director'}, {'name': 'Nicole Jaffe', 'description': 'actor'}, {'name': 'Casey Kasem', 'description': 'actor'}, {'name': 'Don Messick', 'description': 'actor'}, {'name': 'Heather North', 'description': 'actor'}, {'name': 'Frank Welker', 'description': 'actor'}, {'name': 'Olan Soule', 'description': 'actor'}, {'name': 'Ted Knight', 'description': 'actor'}, {'name': 'Joseph Barbera', 'description': 'actor'}, {'name': 'William Hanna', 'description': 'actor'}]"
Escape from Davao: 1943,5/8/2013,Documentary,Free Services,America,Movie,,,,"[{'name': 'Tim Gray', 'description': 'director'}, {'name': 'Dale Dye', 'description': 'actor'}, {'name': 'John Lukacs', 'description': 'actor'}, {'name': 'John Lukacs', 'description': 'author'}]"
"Real Fake: The Art, Life & Crimes of Elmyr De Hory",10/1/2017,Documentary,"Free Services, Prime Video",,Movie,,5.6/10,,"[{'name': 'Jeff Oppenheim', 'description': 'director'}]"
The Trouble with You,10/6/2018,"Comedy, Crime","Kanopy, Prime Video",France,Movie,,6.2/10,,"[{'name': 'Pierre Salvadori', 'description': 'director'}, {'name': 'Adèle Haenel', 'description': 'actor'}, {'name': 'Pio Marmaï', 'description': 'actor'}, {'name': 'Audrey Tautou', 'description': 'actor'}, {'name': 'Damien Bonnard', 'description': 'actor'}, {'name': 'Vincent Elbaz', 'description': 'actor'}, {'name': 'Octave Bossuet', 'description': 'actor'}, {'name': 'Hocine Choutri', 'description': 'actor'}, {'name': 'Alexandre Marouani', 'description': 'actor'}, {'name': 'Jean-Louis Barcelona', 'description': 'actor'}, {'name': 'David Thion', 'description': 'actor'}, {'name': 'Philippe Martin', 'description': 'actor'}, {'name': 'Benjamin Charbit', 'description': 'author'}, {'name': 'Benoît Graffin', 'description': 'author'}, {'name': 'Pierre Salvadori', 'description': 'author'}]"
Tirza,9/30/2010,Drama,"Free Services, Prime Video",Netherlands,Movie,,6.4/10,,"[{'name': 'Rudolf van den Berg', 'description': 'director'}, {'name': 'Gijs Scholten van Aschat', 'description': 'actor'}, {'name': 'Sylvia Hoeks', 'description': 'actor'}, {'name': 'Johanna ter Steege', 'description': 'actor'}, {'name': 'Abbey Hoes', 'description': 'actor'}, {'name': 'Titia Hoogendoorn', 'description': 'actor'}, {'name': 'Jeroen Spitzenberger', 'description': 'actor'}, {'name': 'Nasrdin Dchar', 'description': 'actor'}, {'name': 'Naomi van Es', 'description': 'actor'}, {'name': 'Michael Dube', 'description': 'actor'}, {'name': 'Jeroen Koolbergen', 'description': 'actor'}, {'name': 'Pierre Spengler', 'description': 'actor'}, {'name': 'Arnon Grunberg', 'description': 'author'}, {'name': 'Rudolf van den Berg', 'description': 'author'}]"
The Mating Habits of the Earthbound Human,9/3/1999,"Science-Fiction, Comedy",Prime Video ,America,Movie,18+ (R),6.3/10,,"[{'name': 'Jeff Abugov', 'description': 'director'}, {'name': 'Carmen Electra', 'description': 'actor'}, {'name': 'Mackenzie Astin', 'description': 'actor'}, {'name': 'David Hyde Pierce', 'description': 'actor'}, {'name': 'Lucy Liu', 'description': 'actor'}, {'name': 'Markus Redmond', 'description': 'actor'}, {'name': 'Lisa Rotondi', 'description': 'actor'}, {'name': 'Marc Blucas', 'description': 'actor'}, {'name': 'Larry Estes', 'description': 'actor'}, {'name': 'Jeff Abugov', 'description': 'author'}]"
Code of the Cactus,2/25/1939,Action & Adventure,Free Services,America,Movie,,6.3/10,,"[{'name': 'Sam Newfield', 'description': 'director'}, {'name': 'Tim McCoy', 'description': 'actor'}, {'name': 'Ben Corbett', 'description': 'actor'}, {'name': 'Dorothy Short', 'description': 'actor'}, {'name': 'Slim Whitaker', 'description': 'actor'}, {'name': 'Ted Adams', 'description': 'actor'}, {'name': 'Stephen Chase', 'description': 'actor'}, {'name': ""Dave O'Brien"", 'description': 'actor'}, {'name': 'Forrest Taylor', 'description': 'actor'}, {'name': 'Bob Terry', 'description': 'actor'}, {'name': 'Frank Wayne', 'description': 'actor'}, {'name': 'Jimmy Aubrey', 'description': 'actor'}, {'name': 'Lee Burns', 'description': 'actor'}, {'name': 'Bob Card', 'description': 'actor'}, {'name': 'Jim Corey', 'description': 'actor'}, {'name': 'Rube Dalroy', 'description': 'actor'}, {'name': 'Art Davis', 'description': 'actor'}, {'name': 'Jack King', 'description': 'actor'}, {'name': ""Jack 'Tiny' Lipson"", 'description': 'actor'}, {'name': 'Carl Mathews', 'description': 'actor'}, {'name': 'Kermit Maynard', 'description': 'actor'}, {'name': 'Clyde McClary', 'description': 'actor'}, {'name': 'Edward Halperin', 'description': 'author'}]"
Steve Rannazzisi: Breaking Dad,9/19/2015,"Stand-up & Talk, Comedy","Paramount+, Prime Video",America,Movie,,5.4/10,,"[{'name': 'Jeff Tomsic', 'description': 'director'}, {'name': 'Stephen Rannazzisi', 'description': 'actor'}, {'name': 'Stephen Rannazzisi', 'description': 'author'}]"
The Four Juanes,7/7/1966,Drama,Free Services,Mexico,Movie,,6.6/10,,"[{'name': 'Miguel Zacarías', 'description': 'director'}, {'name': 'Luis Aguilar', 'description': 'actor'}, {'name': 'Antonio Aguilar', 'description': 'actor'}, {'name': 'Javier Solís', 'description': 'actor'}, {'name': 'Narciso Busquets', 'description': 'actor'}, {'name': 'Alma Delia Fuentes', 'description': 'actor'}, {'name': 'Ofelia Montesco', 'description': 'actor'}, {'name': 'Antonio Raxel', 'description': 'actor'}, {'name': 'Jorge Russek', 'description': 'actor'}, {'name': ""Mario García 'Harapos'"", 'description': 'actor'}, {'name': 'Alfredo Zacarías', 'description': 'actor'}, {'name': 'Alfredo Zacarías', 'description': 'author'}]"
District C-11,3/21/2017,"Drama, Thriller",Free Services,America,Movie,18+ (R),10-Apr,,"[{'name': 'Wes Williams II', 'description': 'director'}, {'name': 'Corey Spencer', 'description': 'actor'}, {'name': 'Timo Jacobs', 'description': 'actor'}, {'name': 'Mark Resnik', 'description': 'actor'}, {'name': 'Brina', 'description': 'actor'}, {'name': 'Arthur Hiou', 'description': 'actor'}, {'name': 'Paula Lauzon', 'description': 'actor'}, {'name': 'J.P. Valenti', 'description': 'actor'}, {'name': ""Billy 'V' Vigeant"", 'description': 'actor'}, {'name': 'Lin Hultgren', 'description': 'actor'}, {'name': 'Alex Cash', 'description': 'actor'}, {'name': 'Graham King', 'description': 'actor'}, {'name': 'Richard Chandler', 'description': 'actor'}, {'name': 'Jordan Lloyd', 'description': 'actor'}, {'name': 'Angel Connel', 'description': 'actor'}, {'name': 'Aliana Gianci', 'description': 'actor'}, {'name': 'Mickey Gilmore', 'description': 'actor'}, {'name': 'J. Jewels', 'description': 'actor'}, {'name': 'Ralph Celestin', 'description': 'author'}]"
Pain & Gain,4/18/2013,"Comedy, Crime","Prime Video, Prime Video",America,Movie,18+ (R),6.4/10,,"[{'name': 'Michael Bay', 'description': 'director'}, {'name': 'Mark Wahlberg', 'description': 'actor'}, {'name': 'Dwayne Johnson', 'description': 'actor'}, {'name': 'Anthony Mackie', 'description': 'actor'}, {'name': 'Tony Shalhoub', 'description': 'actor'}, {'name': 'Ed Harris', 'description': 'actor'}, {'name': 'Rob Corddry', 'description': 'actor'}, {'name': 'Bar Paly', 'description': 'actor'}, {'name': 'Rebel Wilson', 'description': 'actor'}, {'name': 'Ken Jeong', 'description': 'actor'}, {'name': 'Michael Rispoli', 'description': 'actor'}, {'name': 'Keili Lefkovitz', 'description': 'actor'}, {'name': 'Vivi Pineda', 'description': 'actor'}, {'name': 'Christopher Jestin Langstaff', 'description': 'actor'}, {'name': 'Gustavo Quiroz Jr.', 'description': 'actor'}, {'name': 'Corinne Ferrer', 'description': 'actor'}, {'name': 'Zack Moore', 'description': 'actor'}, {'name': 'Kory Getman', 'description': 'actor'}, {'name': 'Peter Stormare', 'description': 'actor'}, {'name': 'Larry Hankin', 'description': 'actor'}, {'name': 'Tony Plana', 'description': 'actor'}, {'name': 'Brian Stepanek', 'description': 'actor'}, {'name': 'Donald De Line', 'description': 'actor'}, {'name': 'Ian Bryce', 'description': 'actor'}]"
Rescuing Madison,9/4/2014,"Romance, Comedy",Hallmark,,Movie,7+ (PG),6.3/10,,"[{'name': 'Bradford May', 'description': 'director'}, {'name': 'Alona Tal', 'description': 'actor'}, {'name': 'Ethan Peck', 'description': 'actor'}, {'name': 'Sherilyn Fenn', 'description': 'actor'}, {'name': 'C. Thomas Howell', 'description': 'actor'}, {'name': 'Ted McGinley', 'description': 'actor'}, {'name': 'Ava Allan', 'description': 'actor'}, {'name': 'Jenn Korbee', 'description': 'actor'}, {'name': 'Juliette Angelo', 'description': 'actor'}, {'name': 'Skyler Vallo', 'description': 'actor'}, {'name': 'Bob Sáenz', 'description': 'author'}, {'name': 'Terence Brody', 'description': 'author'}]"
Blood Of The Mummy,3/16/2019,Horror,"Free Services, Prime Video",America,Movie,,5.1/10,,"[{'name': 'Christine Parker', 'description': 'director'}, {'name': 'Laura Bridges', 'description': 'actor'}, {'name': 'Gil Hope Thornton', 'description': 'actor'}, {'name': 'Lily Cabrera', 'description': 'actor'}, {'name': 'Christine Parker', 'description': 'author'}]"
No Control,11/15/2014,Documentary,"Free Services, Prime Video",America,Movie,,6.5/10,,"[{'name': 'Jessica Solce', 'description': 'director'}, {'name': 'Cody Wilson', 'description': 'actor'}, {'name': 'Greg Bokor', 'description': 'actor'}, {'name': 'Leah Gunn Barrett', 'description': 'actor'}, {'name': 'Keith Coniglio', 'description': 'actor'}, {'name': 'Angela Giron', 'description': 'actor'}, {'name': 'Shaina Harrison', 'description': 'actor'}, {'name': 'Victor Head', 'description': 'actor'}, {'name': 'Phillip Hofmeister', 'description': 'actor'}, {'name': 'Anthony L. Herbert', 'description': 'actor'}, {'name': 'James Jacobs', 'description': 'actor'}, {'name': 'Dan Kahan', 'description': 'actor'}, {'name': 'Sanford Levinson', 'description': 'actor'}, {'name': 'Terry Maketa', 'description': 'actor'}, {'name': 'John Morse', 'description': 'actor'}, {'name': 'Thomas Szczepanski', 'description': 'actor'}, {'name': 'William C. Thompson', 'description': 'actor'}, {'name': 'Jessica Solce', 'description': 'actor'}, {'name': 'Jessica Solce', 'description': 'author'}]"
Once Upon a Wheel,2/23/1974,Documentary,Prime Video ,,Movie,,6.5/10,,[]
The Avengers,1/7/1961,"Comedy, Drama",Prime Video ,United Kingdom,TV Show,7+ (TV-PG),8.3/10,8,"[{'name': 'Patrick Macnee', 'description': 'actor'}, {'name': 'Linda Thorson', 'description': 'actor'}, {'name': 'Diana Rigg', 'description': 'actor'}, {'name': 'Honor Blackman', 'description': 'actor'}, {'name': 'Ian Hendry', 'description': 'actor'}, {'name': 'Sydney Newman', 'description': 'actor'}]"
Jeepers Creepers 3,9/26/2017,"Horror, Mystery","Hoopla, Prime Video",America,Movie,18+ (R),3.9/10,,"[{'name': 'Victor Salva', 'description': 'director'}, {'name': 'Gina Philips', 'description': 'actor'}, {'name': 'Gabrielle Haugh', 'description': 'actor'}, {'name': 'Jonathan Breck', 'description': 'actor'}, {'name': 'Brandon Smith', 'description': 'actor'}, {'name': 'Meg Foster', 'description': 'actor'}, {'name': 'Jordan Salloum', 'description': 'actor'}, {'name': 'Stan Shaw', 'description': 'actor'}, {'name': 'Joyce Giraud', 'description': 'actor'}, {'name': 'Chester Rushing', 'description': 'actor'}, {'name': 'Jason Bayle', 'description': 'actor'}, {'name': 'Ryan Moore', 'description': 'actor'}, {'name': 'Michael Sirow', 'description': 'actor'}, {'name': 'Michael Papajohn', 'description': 'actor'}, {'name': 'Cade Burk', 'description': 'actor'}, {'name': 'Patrick Thomas Cragin', 'description': 'actor'}, {'name': 'Justin Hall', 'description': 'actor'}, {'name': 'Frankie Smith', 'description': 'actor'}, {'name': 'Megan Elizabeth Wright', 'description': 'actor'}, {'name': 'Carrie Lazar', 'description': 'actor'}, {'name': 'Thomas Francis Murphy', 'description': 'actor'}, {'name': 'Mark Chavarria', 'description': 'actor'}, {'name': 'Jake Seal', 'description': 'actor'}, {'name': 'Michael Ohoven', 'description': 'actor'}]"
I Think I'm Missing Parts,1/1/2006,Comedy,"Fandor, Prime Video",America,Movie,,4.5/10,,"[{'name': 'Josh Safdie', 'description': 'director'}, {'name': 'Benny Safdie', 'description': 'actor'}, {'name': 'Mary Jane Doherty', 'description': 'actor'}, {'name': 'Reid Merzbacher', 'description': 'actor'}, {'name': 'Charles Merzbacher', 'description': 'actor'}, {'name': 'Noah Britton', 'description': 'actor'}, {'name': 'Will Phippen', 'description': 'actor'}, {'name': 'Josh Safdie', 'description': 'author'}]"
Screamtime,1/1/1983,"Fantasy, Horror","Prime Video, Prime Video",United Kingdom,Movie,18+ (R),4.9/10,,"[{'name': 'Michael Armstrong', 'description': 'director'}, {'name': 'Stanley A. Long', 'description': 'director'}, {'name': 'Vincent Russo', 'description': 'actor'}, {'name': 'Michael Gordon', 'description': 'actor'}, {'name': 'Marie Scinto', 'description': 'actor'}, {'name': 'Robin Bailey', 'description': 'actor'}, {'name': 'Jonathon Morris', 'description': 'actor'}, {'name': 'Bosco Hogan', 'description': 'actor'}, {'name': 'Ann Lynn', 'description': 'actor'}, {'name': 'Dione Inman', 'description': 'actor'}, {'name': 'John Styles', 'description': 'actor'}, {'name': 'Ian Saynor', 'description': 'actor'}, {'name': 'Yvonne Nicholson', 'description': 'actor'}, {'name': 'Lally Bowers', 'description': 'actor'}, {'name': 'Brenda Kempner', 'description': 'actor'}, {'name': 'Dora Bryan', 'description': 'actor'}, {'name': 'David Van Day', 'description': 'actor'}, {'name': 'Phillip Bloomfield', 'description': 'actor'}, {'name': 'Gary Linley', 'description': 'actor'}, {'name': 'Kim Thomson', 'description': 'actor'}, {'name': 'Jean Anderson', 'description': 'actor'}, {'name': 'Matthew Peters', 'description': 'actor'}, {'name': 'Veronica Doran', 'description': 'actor'}, {'name': 'Michael Armstrong', 'description': 'author'}]"
Pellaina Kothalo,12/8/2006,"Drama, Romance",Prime Video ,,Movie,,6.2/10,,[]
Outback Rabbis,9/13/2019,Documentary,Prime Video ,,Movie,,7.4/10,,"[{'name': 'Danny Ben-Moshe', 'description': 'director'}, {'name': 'Lizette Atkins', 'description': 'actor'}, {'name': 'Danny Ben-Moshe', 'description': 'author'}]"
Mercy,9/21/2021,Drama,Prime Video ,United Kingdom,Movie,,,,"[{'name': 'Wendy Morgan', 'description': 'director'}, {'name': 'Mark Wingett', 'description': 'actor'}, {'name': 'Maria Austin', 'description': 'actor'}, {'name': 'Wendy Morgan', 'description': 'actor'}, {'name': 'Wendy Morgan', 'description': 'actor'}, {'name': 'Wendy Morgan', 'description': 'author'}]"
Fully Torqued,9/19/2021,Reality,Philo,,TV Show,,,1,[]
My Dress-Up Darling,1/9/2022,"Animation, Anime","Free Services, Prime Video",,TV Show,14+ (TV-14),8.2/10,1,"[{'name': 'Shoya Ishige', 'description': 'actor'}, {'name': 'Hina Suguta', 'description': 'actor'}, {'name': 'Atsumi Tanezaki', 'description': 'actor'}, {'name': 'Hina Yomiya', 'description': 'actor'}, {'name': 'Atsushi Ono', 'description': 'actor'}, {'name': 'Fumitaka Kitazawa', 'description': 'actor'}, {'name': 'Nobuhiro Nakayama', 'description': 'actor'}, {'name': 'Shota Komatsu', 'description': 'actor'}, {'name': 'Tomoyuki Oowada', 'description': 'actor'}, {'name': 'Yoshinori Hasegawa', 'description': 'actor'}, {'name': 'Akihiro Sotokawa', 'description': 'actor'}, {'name': 'Hirotaka Kaneko', 'description': 'actor'}, {'name': 'Masanori Miyake', 'description': 'actor'}, {'name': 'Yasutaka Kimura', 'description': 'actor'}, {'name': 'Takeshi Nakatsuka', 'description': 'actor'}]"
American Autumn: An Occudoc,9/28/2012,"Crime, Documentary","Free Services, Prime Video",,Movie,,7.4/10,,"[{'name': 'Dennis Trainor Jr.', 'description': 'director'}, {'name': 'Dennis Trainor Jr.', 'description': 'author'}]"
David Bowie & The Story of Ziggy Stardust,6/22/2012,Documentary,"Free Services, Prime Video",United Kingdom,Movie,,7.5/10,,"[{'name': 'James Hale', 'description': 'director'}, {'name': 'David Bowie', 'description': 'actor'}, {'name': 'Jarvis Cocker', 'description': 'actor'}, {'name': 'Elton John', 'description': 'actor'}, {'name': 'Woody Woodbury', 'description': 'actor'}, {'name': 'Anthony Newley', 'description': 'actor'}, {'name': 'Dana Gillespie', 'description': 'actor'}, {'name': 'Andy Warhol', 'description': 'actor'}, {'name': 'Gary Kemp', 'description': 'actor'}, {'name': 'Mick Ronson', 'description': 'actor'}, {'name': 'Trevor Bolder', 'description': 'actor'}, {'name': 'Steve Harley', 'description': 'actor'}, {'name': 'Marc Almond', 'description': 'actor'}, {'name': 'Jon Savage', 'description': 'actor'}, {'name': 'Vince Taylor', 'description': 'actor'}, {'name': 'Cherie Currie', 'description': 'actor'}, {'name': 'Lou Reed', 'description': 'actor'}, {'name': 'Mike Garson', 'description': 'actor'}, {'name': 'George Underwood', 'description': 'actor'}, {'name': 'Mick Rock', 'description': 'actor'}]"
Mambo Italiano,6/6/2003,"Comedy, LGBTQ","Free Services, Prime Video",Canada,Movie,18+ (R),6.7/10,,"[{'name': 'Émile Gaudreault', 'description': 'director'}, {'name': 'Luke Kirby', 'description': 'actor'}, {'name': 'Ginette Reno', 'description': 'actor'}, {'name': 'Paul Sorvino', 'description': 'actor'}, {'name': 'Mary Walsh', 'description': 'actor'}, {'name': 'Peter Miller', 'description': 'actor'}, {'name': 'Claudia Ferri', 'description': 'actor'}, {'name': 'Sophie Lorain', 'description': 'actor'}, {'name': 'Tim Post', 'description': 'actor'}, {'name': 'Tara Nicodemo', 'description': 'actor'}, {'name': 'Pierrette Robitaille', 'description': 'actor'}, {'name': 'Dino Tavarone', 'description': 'actor'}, {'name': 'Mark Camacho', 'description': 'actor'}, {'name': 'Michel Perron', 'description': 'actor'}, {'name': 'Lou Vani', 'description': 'actor'}, {'name': 'Diane Lavallée', 'description': 'actor'}, {'name': 'France Arbour', 'description': 'actor'}, {'name': 'Stéphane Archambault', 'description': 'actor'}, {'name': 'Victoria Sanchez', 'description': 'actor'}, {'name': 'Lisa Bronwyn Moore', 'description': 'actor'}, {'name': 'Daniel Louis', 'description': 'actor'}, {'name': 'Denise Robert', 'description': 'actor'}, {'name': 'Émile Gaudreault', 'description': 'author'}, {'name': 'Steve Galluccio', 'description': 'author'}]"
Cruel,2/1/2017,"Thriller, Drama","Free Services, Prime Video",France,Movie,,6.2/10,,"[{'name': 'Eric Cherrière', 'description': 'director'}, {'name': 'Jean-Jacques Lelté', 'description': 'actor'}, {'name': 'Richard Duval', 'description': 'actor'}, {'name': 'Maurice Poli', 'description': 'actor'}, {'name': 'Magali Moreau', 'description': 'actor'}, {'name': 'Eric Cherrière', 'description': 'author'}]"
"While You Live, Shine",2/28/2018,Documentary,"Free Services, Prime Video",Greece,Movie,,7.9/10,,"[{'name': 'Paul Duane', 'description': 'director'}]"
Theeran Adhigaaram Ondru,11/17/2017,"Action & Adventure, Thriller","Prime Video, Prime Video",India,Movie,7+ (PG),8.2/10,,"[{'name': 'H. Vinoth', 'description': 'director'}, {'name': 'Karthi', 'description': 'actor'}, {'name': 'Rakul Preet Singh', 'description': 'actor'}, {'name': 'Abhimanyu Singh', 'description': 'actor'}, {'name': 'Bose Venkat', 'description': 'actor'}, {'name': 'Sonia Bose Venkat', 'description': 'actor'}, {'name': 'Manobala', 'description': 'actor'}, {'name': 'Sathyan Sivakumar', 'description': 'actor'}, {'name': 'R. N. R. Manohar', 'description': 'actor'}, {'name': 'Scarlett Mellish Wilson', 'description': 'actor'}, {'name': 'Ammu Abhirami', 'description': 'actor'}, {'name': 'Mathew Varghese', 'description': 'actor'}, {'name': 'S. R. Prabhu', 'description': 'actor'}, {'name': 'S. R. Prakash Babu', 'description': 'actor'}, {'name': 'H. Vinoth', 'description': 'author'}, {'name': 'Ghibran', 'description': 'actor'}]"
A Cool Fish,11/15/2018,"Comedy, Mystery","Free Services, Prime Video",China,Movie,,6.9/10,,"[{'name': 'Rao Xiaozhi', 'description': 'director'}, {'name': 'Chen Jianbin', 'description': 'actor'}, {'name': 'Ren Suxi', 'description': 'actor'}, {'name': '章宇', 'description': 'actor'}, {'name': 'Wang Yanhui', 'description': 'actor'}, {'name': 'Kong Jiu', 'description': 'actor'}, {'name': 'Pan Binlong', 'description': 'actor'}, {'name': 'Ma Yin-yin', 'description': 'actor'}, {'name': 'Cheng Yi', 'description': 'actor'}, {'name': 'Deng Enxi', 'description': 'actor'}, {'name': 'Shi Ce', 'description': 'actor'}, {'name': 'Zhang Miao', 'description': 'actor'}, {'name': 'Luca Liang', 'description': 'actor'}, {'name': 'Lei Zhilong', 'description': 'author'}, {'name': 'Rao Xiaozhi', 'description': 'author'}, {'name': 'Ou Ge Deng', 'description': 'actor'}, {'name': 'Shisan Yao', 'description': 'actor'}]"
The Last Shot,9/24/2004,"Action & Adventure, Comedy","Hoopla, Prime Video",America,Movie,18+ (R),5.7/10,,"[{'name': 'Jeff Nathanson', 'description': 'director'}, {'name': 'Matthew Broderick', 'description': 'actor'}, {'name': 'Alec Baldwin', 'description': 'actor'}, {'name': 'Toni Collette', 'description': 'actor'}, {'name': 'Calista Flockhart', 'description': 'actor'}, {'name': 'Ray Liotta', 'description': 'actor'}, {'name': 'Tim Blake Nelson', 'description': 'actor'}, {'name': 'James Rebhorn', 'description': 'actor'}, {'name': 'Tony Shalhoub', 'description': 'actor'}, {'name': 'Judy Greer', 'description': 'actor'}, {'name': 'Buck Henry', 'description': 'actor'}, {'name': 'Ian Gomez', 'description': 'actor'}, {'name': 'Troy Winbush', 'description': 'actor'}, {'name': 'Tom McCarthy', 'description': 'actor'}, {'name': 'W. Earl Brown', 'description': 'actor'}, {'name': 'Evan Jones', 'description': 'actor'}, {'name': 'Glenn Morshower', 'description': 'actor'}, {'name': 'Amy Smallman', 'description': 'actor'}, {'name': 'Michael Papajohn', 'description': 'actor'}, {'name': 'Jon Polito', 'description': 'actor'}, {'name': 'Valeria Hernandez', 'description': 'actor'}, {'name': 'Stanley Anderson', 'description': 'actor'}, {'name': 'David Hoberman', 'description': 'actor'}, {'name': 'Larry Brezner', 'description': 'actor'}]"
Poor Liza,1/1/2000,Drama,"Prime Video, Prime Video",,Movie,,5.7/10,,[]
King Solomon's Mines,1/1/1986,"Action & Adventure, Animation","Free Services, Prime Video",Australia,Movie,All (G),5.6/10,,"[{'name': 'Geoff Collins', 'description': 'director'}, {'name': 'Tom Burlinson', 'description': 'actor'}, {'name': 'John Meillon', 'description': 'actor'}, {'name': 'Arthur Dignam', 'description': 'actor'}, {'name': 'Tim Brooke-Hunt', 'description': 'actor'}, {'name': 'Tom Stacey', 'description': 'actor'}, {'name': 'Joel Kane', 'description': 'author'}]"
Art Parade,1/1/2007,,Fandor,,Movie,,,,"[{'name': 'M.M. Serra', 'description': 'director'}]"
Jungle Emperor Leo,1/1/1997,"Action & Adventure, Animation",Prime Video ,Japan,Movie,7+ (PG),6.6/10,,"[{'name': 'Yoshio Takeuchi', 'description': 'director'}, {'name': 'Masane Tsukayama', 'description': 'actor'}, {'name': 'Chieko Baisho', 'description': 'actor'}, {'name': 'Tomoko Ishimura', 'description': 'actor'}, {'name': 'Hekiru Shiina', 'description': 'actor'}, {'name': 'Kaneta Kimotsuki', 'description': 'actor'}, {'name': 'Arnaud Léonard', 'description': 'actor'}, {'name': 'Alexandra Correa', 'description': 'actor'}, {'name': 'Béatrice Wegnez', 'description': 'actor'}, {'name': 'Raphaëlle Lubansu', 'description': 'actor'}, {'name': 'Martin Spinhayer', 'description': 'actor'}, {'name': 'Thierry Janssen', 'description': 'actor'}, {'name': 'Philippe Allard', 'description': 'actor'}, {'name': 'Philippe Tasquin', 'description': 'actor'}, {'name': 'Philippe Résimont', 'description': 'actor'}, {'name': 'Benoit Van Dorslaer', 'description': 'actor'}, {'name': 'Nicole Shirer', 'description': 'actor'}, {'name': 'Véronique Fyon', 'description': 'actor'}, {'name': 'Catherine Conet', 'description': 'actor'}, {'name': 'Mathieu Moreau', 'description': 'actor'}, {'name': 'Peppino Capotondi', 'description': 'actor'}, {'name': 'Minoru Kubata', 'description': 'actor'}, {'name': 'Sumio Udagawa', 'description': 'actor'}]"
Between The Lines Sara Bareilles Live At The Fillmore,10/28/2008,,Prime Video ,,Movie,,8.2/10,,"[{'name': 'Sara Bareilles', 'description': 'actor'}]"
Uprising,1/1/2001,"History, Drama",Prime Video ,America,Movie,,7.2/10,,"[{'name': 'Jon Avnet', 'description': 'director'}, {'name': 'Leelee Sobieski', 'description': 'actor'}, {'name': 'Hank Azaria', 'description': 'actor'}, {'name': 'David Schwimmer', 'description': 'actor'}, {'name': 'Jon Voight', 'description': 'actor'}, {'name': 'Donald Sutherland', 'description': 'actor'}, {'name': 'Stephen Moyer', 'description': 'actor'}, {'name': 'Sadie Frost', 'description': 'actor'}, {'name': 'Radha Mitchell', 'description': 'actor'}, {'name': 'Mili Avital', 'description': 'actor'}, {'name': 'Eric Lively', 'description': 'actor'}, {'name': 'Cary Elwes', 'description': 'actor'}, {'name': 'Andy Nyman', 'description': 'actor'}, {'name': 'Jesper Christensen', 'description': 'actor'}, {'name': 'Anton Lesser', 'description': 'actor'}, {'name': 'Ben Crystal', 'description': 'actor'}, {'name': 'Alexandra Holden', 'description': 'actor'}, {'name': 'Jon Avnet', 'description': 'author'}, {'name': 'Paul Brickman', 'description': 'author'}]"
Dark Figures,11/10/2020,"Thriller, Horror","Free Services, Prime Video",America,Movie,18+ (R),10-Mar,,"[{'name': 'Alex Tait', 'description': 'director'}, {'name': 'Kelly McCart', 'description': 'actor'}, {'name': 'Shelby Lyn', 'description': 'actor'}, {'name': 'Dan Nufer', 'description': 'actor'}, {'name': 'Ben Scattone', 'description': 'actor'}, {'name': 'Otis Bassett', 'description': 'actor'}, {'name': 'Alex Tait', 'description': 'actor'}, {'name': 'Cynthia Asmar', 'description': 'actor'}, {'name': 'Jeffrey J. Moore', 'description': 'actor'}, {'name': 'Teressa A. Wickham', 'description': 'actor'}, {'name': 'Alex Tait', 'description': 'author'}]"
The Case of the Black Parrot,1/9/1941,"Crime, Thriller",Prime Video ,America,Movie,,5.9/10,,"[{'name': 'Noel M. Smith', 'description': 'director'}, {'name': 'William Lundigan', 'description': 'actor'}, {'name': 'Maris Wrixon', 'description': 'actor'}, {'name': 'Eddie Foy Jr.', 'description': 'actor'}, {'name': 'Paul Cavanagh', 'description': 'actor'}, {'name': 'Luli Deste', 'description': 'actor'}, {'name': 'Charles Waldron', 'description': 'actor'}, {'name': 'Joseph Crehan', 'description': 'actor'}, {'name': 'Emory Parnell', 'description': 'actor'}, {'name': 'Phyllis Barry', 'description': 'actor'}, {'name': 'Cyril Thornton', 'description': 'actor'}, {'name': 'Leyland Hodgson', 'description': 'actor'}, {'name': 'Ernie Stanton', 'description': 'actor'}, {'name': 'Cliff Saum', 'description': 'actor'}, {'name': 'Kenneth Harlan', 'description': 'actor'}, {'name': 'William Hopper', 'description': 'actor'}, {'name': 'Jack Mower', 'description': 'actor'}, {'name': 'Robert E. Kent', 'description': 'author'}]"
"Cold War, Hot Jets",11/8/2013,Documentary,"Free Services, Prime Video",,TV Show,,7.9/10,1,"[{'name': 'James Holland', 'description': 'actor'}, {'name': 'Jeremy Hall', 'description': 'actor'}]"
From Iceland to EDEN,5/10/2019,"Drama, Crime","Free Services, Prime Video",,Movie,,10-Jun,,"[{'name': 'Snævar Sölvason', 'description': 'director'}, {'name': 'Telma Huld Jóhannesdóttir', 'description': 'actor'}, {'name': 'Hansel Eagle', 'description': 'actor'}, {'name': 'Arnar Jónsson', 'description': 'actor'}, {'name': 'Hjalti P. Finsson', 'description': 'actor'}, {'name': 'Gunnar Marís', 'description': 'actor'}, {'name': 'Einar Viðar G. Thoroddsen', 'description': 'actor'}, {'name': 'Steinunn Ólína Þorsteinsdóttir', 'description': 'actor'}, {'name': 'Snævar Sölvason', 'description': 'author'}]"
Dodo Heroes,6/9/2018,"Reality, Documentary","Philo, Prime Video",,TV Show,7+ (TV-PG),7.9/10,2,[]
Dragon Fighter,1/4/2003,"Action & Adventure, Thriller","Free Services, Prime Video",America,Movie,18+ (R),3.3/10,,"[{'name': 'Phillip J. Roth', 'description': 'director'}, {'name': 'Dean Cain', 'description': 'actor'}, {'name': 'Robert Zachar', 'description': 'actor'}, {'name': 'Kristine Byers', 'description': 'actor'}, {'name': 'Marcus Aurelius', 'description': 'actor'}, {'name': 'Robert DiTillio', 'description': 'actor'}, {'name': 'Vesela Dimitrova', 'description': 'actor'}, {'name': 'Hristo Shopov', 'description': 'actor'}, {'name': 'Hristo Dimitrov', 'description': 'actor'}, {'name': 'Dean Cain', 'description': 'actor'}, {'name': 'Jeffery Beach', 'description': 'actor'}, {'name': 'Melanie J. Elin', 'description': 'actor'}, {'name': 'Phillip J. Roth', 'description': 'actor'}, {'name': 'James Hollensteiner', 'description': 'actor'}, {'name': 'Ken Olandt', 'description': 'actor'}, {'name': 'Richard Smith', 'description': 'actor'}, {'name': 'Thomas J. Niedermeyer Jr.', 'description': 'actor'}, {'name': 'Michael Johnston', 'description': 'author'}, {'name': 'Phillip J. Roth', 'description': 'author'}]"
Custody,1/25/2018,"Mystery, Drama","Kanopy, Prime Video",France,Movie,,7.5/10,,"[{'name': 'Xavier Legrand', 'description': 'director'}, {'name': 'Denis Ménochet', 'description': 'actor'}, {'name': 'Léa Drucker', 'description': 'actor'}, {'name': 'Thomas Gioria', 'description': 'actor'}, {'name': 'Mathilde Auneveux', 'description': 'actor'}, {'name': 'Mathieu Saikaly', 'description': 'actor'}, {'name': 'Florence Janas', 'description': 'actor'}, {'name': 'Saadia Bentaïeb', 'description': 'actor'}, {'name': 'Sophie Pincemaille', 'description': 'actor'}, {'name': 'Emilie Incerti-Formentini', 'description': 'actor'}, {'name': 'Jérome Care-Aulanier', 'description': 'actor'}, {'name': 'Jenny Bellay', 'description': 'actor'}, {'name': 'Jean-Marie Winling', 'description': 'actor'}, {'name': 'Martine Vandeville', 'description': 'actor'}, {'name': 'Martine Schambacher', 'description': 'actor'}, {'name': 'Jean-Claude Leguay', 'description': 'actor'}, {'name': 'Coralie Russier', 'description': 'actor'}, {'name': 'Alexandre Gavras', 'description': 'actor'}, {'name': 'Xavier Legrand', 'description': 'author'}]"
Forced To Fight,8/31/2011,"Action & Adventure, Thriller","Free Services, Prime Video",Canada,Movie,,4.3/10,,"[{'name': 'Jonas Quastel', 'description': 'director'}, {'name': 'Gary Daniels', 'description': 'actor'}, {'name': 'Vladimir Comorovschi', 'description': 'actor'}, {'name': 'Peter Weller', 'description': 'actor'}, {'name': 'Brian Flaherty', 'description': 'actor'}, {'name': 'Philip Granger', 'description': 'actor'}, {'name': 'Arkie Reece', 'description': 'actor'}, {'name': 'Florin Roata', 'description': 'actor'}, {'name': 'Claudiu-Cristian Prisecaru', 'description': 'actor'}, {'name': 'Mihai Raducu', 'description': 'actor'}, {'name': 'Andrew Bronstein', 'description': 'author'}, {'name': 'Jonas Quastel', 'description': 'author'}, {'name': 'Kenton Gilchrist', 'description': 'actor'}]"
WordWorld,9/5/2007,"Animation, Family","Free Services, Prime Video",,TV Show,All (TV-G),6.6/10,3,"[{'name': 'Veronica Taylor', 'description': 'actor'}, {'name': 'Marc Thompson', 'description': 'actor'}, {'name': 'Alex Kay', 'description': 'actor'}, {'name': 'Jacqueline Moody', 'description': 'actor'}, {'name': 'Olexa Hewryk', 'description': 'actor'}, {'name': 'Sue Hollenberg', 'description': 'actor'}, {'name': 'Tyler Bunch', 'description': 'actor'}, {'name': 'Don Moody', 'description': 'actor'}, {'name': 'Robert Vargas', 'description': 'author'}]"
Cinderella,2/22/1965,"Romance, Fantasy","Free Services, Prime Video",America,Movie,All (G),7.7/10,,"[{'name': 'Charles S. Dubin', 'description': 'director'}, {'name': 'Lesley Ann Warren', 'description': 'actor'}, {'name': 'Stuart Damon', 'description': 'actor'}, {'name': 'Ginger Rogers', 'description': 'actor'}, {'name': 'Walter Pidgeon', 'description': 'actor'}, {'name': 'Celeste Holm', 'description': 'actor'}, {'name': 'Jo Van Fleet', 'description': 'actor'}, {'name': 'Pat Carroll', 'description': 'actor'}, {'name': 'Barbara Ruick', 'description': 'actor'}, {'name': 'Joe E. Marks', 'description': 'actor'}, {'name': 'Don Heitgerd', 'description': 'actor'}, {'name': 'Butch Sherwood', 'description': 'actor'}, {'name': 'Bill Lee', 'description': 'actor'}, {'name': 'Betty Noyes', 'description': 'actor'}, {'name': 'Trudi Ames', 'description': 'actor'}, {'name': 'Myra Stephens', 'description': 'actor'}, {'name': 'Linda Howe', 'description': 'actor'}, {'name': 'Francesca Bellini', 'description': 'actor'}, {'name': 'Alicia Adams', 'description': 'actor'}, {'name': 'Rosemarie Rand', 'description': 'actor'}, {'name': 'Jackie Ward', 'description': 'actor'}, {'name': 'Debbie Megowan', 'description': 'actor'}, {'name': 'Charles S. Dubin', 'description': 'actor'}, {'name': 'Richard Rodgers', 'description': 'actor'}]"
Paris 1919: Un traité pour la paix,4/1/2009,"Documentary, Drama",Kanopy,Canada,Movie,,7.4/10,,"[{'name': 'Paul Cowan', 'description': 'director'}, {'name': 'Paul Cowan', 'description': 'author'}]"
The Egg: Life’s Perfect Invention,,,Kanopy,,Movie,,,,"[{'name': 'Bethan Jones', 'description': 'director'}, {'name': 'Mike Birkhead', 'description': 'director'}]"
Batman: Year One,9/27/2011,"Crime, Action & Adventure","HBO MAX, Prime Video",America,Movie,13+ (PG-13),7.3/10,,"[{'name': 'Lauren Montgomery', 'description': 'director'}, {'name': 'Sam Liu', 'description': 'director'}, {'name': 'Ben McKenzie', 'description': 'actor'}, {'name': 'Bryan Cranston', 'description': 'actor'}, {'name': 'Eliza Dushku', 'description': 'actor'}, {'name': 'Jon Polito', 'description': 'actor'}, {'name': 'Alex Rocco', 'description': 'actor'}, {'name': 'Katee Sackhoff', 'description': 'actor'}, {'name': 'Sara Ballantine', 'description': 'actor'}, {'name': 'Jeff Bennett', 'description': 'actor'}, {'name': 'Steve Blum', 'description': 'actor'}, {'name': 'Roark Critchlow', 'description': 'actor'}, {'name': 'Grey DeLisle', 'description': 'actor'}, {'name': 'Robin Atkin Downes', 'description': 'actor'}, {'name': 'Keith Ferguson', 'description': 'actor'}, {'name': 'Danny Jacobs', 'description': 'actor'}, {'name': 'Nick Jameson', 'description': 'actor'}, {'name': 'Liliana Mumy', 'description': 'actor'}, {'name': 'Pat Musick', 'description': 'actor'}, {'name': 'Andrea Romano', 'description': 'actor'}, {'name': 'Stephen Root', 'description': 'actor'}, {'name': 'James Patrick Stuart', 'description': 'actor'}, {'name': 'Fred Tatasciore', 'description': 'actor'}, {'name': 'Lauren Montgomery', 'description': 'actor'}]"
Sex and Lucía,8/24/2001,"Romance, Drama","Free Services, Prime Video",France,Movie,18+ (R),7.1/10,,"[{'name': 'Julio Medem', 'description': 'director'}, {'name': 'Paz Vega', 'description': 'actor'}, {'name': 'Tristán Ulloa', 'description': 'actor'}, {'name': 'Najwa Nimri', 'description': 'actor'}, {'name': 'Daniel Freire', 'description': 'actor'}, {'name': 'Elena Anaya', 'description': 'actor'}, {'name': 'Silvia Llanos', 'description': 'actor'}, {'name': 'Diana Suárez', 'description': 'actor'}, {'name': 'Javier Cámara', 'description': 'actor'}, {'name': 'Juan Fernández', 'description': 'actor'}, {'name': 'Enrique López Lavigne', 'description': 'actor'}, {'name': 'Fernando Bovaira', 'description': 'actor'}, {'name': 'Anna Cassina', 'description': 'actor'}, {'name': 'Luis María Reyes', 'description': 'actor'}, {'name': 'Julio Medem', 'description': 'author'}, {'name': 'Alberto Iglesias', 'description': 'actor'}]"
The Fool,12/7/1990,"Action & Adventure, Drama","Free Services, Prime Video",United Kingdom,Movie,,5.9/10,,"[{'name': 'Christine Edzard', 'description': 'director'}, {'name': 'Derek Jacobi', 'description': 'actor'}, {'name': 'Cyril Cusack', 'description': 'actor'}, {'name': 'Ruth Mitchell', 'description': 'actor'}, {'name': 'Maria Aitken', 'description': 'actor'}, {'name': 'Irina Brook', 'description': 'actor'}, {'name': 'Paul Brooke', 'description': 'actor'}, {'name': 'Richard Caldicot', 'description': 'actor'}, {'name': 'James Cairncross', 'description': 'actor'}, {'name': 'Jim Carter', 'description': 'actor'}, {'name': 'Jonathan Cecil', 'description': 'actor'}, {'name': 'Maria Charles', 'description': 'actor'}, {'name': 'Richard Clifford', 'description': 'actor'}, {'name': 'James Cosmo', 'description': 'actor'}, {'name': 'Rosalie Crutchley', 'description': 'actor'}, {'name': 'Celia Bannerman', 'description': 'actor'}, {'name': 'Christine Edzard', 'description': 'author'}, {'name': 'Olivier Stockman', 'description': 'author'}, {'name': 'Michel Sanvoisin', 'description': 'actor'}]"
Cursed: Sheol,7/25/2011,Horror,Prime Video ,,Movie,,5.6/10,,[]
RC Propbusters: Untold,1/26/2019,Documentary,Prime Video ,,Movie,,7.4/10,,[]
The Garden,1/8/2006,"Drama, Horror","Free Services, Prime Video",America,Movie,,4.6/10,,"[{'name': 'Don Michael Paul', 'description': 'director'}, {'name': 'Lance Henriksen', 'description': 'actor'}, {'name': 'Brian Wimmer', 'description': 'actor'}, {'name': 'Adam Taylor Gordon', 'description': 'actor'}, {'name': 'Claudia Christian', 'description': 'actor'}, {'name': 'Sean Young', 'description': 'actor'}, {'name': 'Victoria Justice', 'description': 'actor'}, {'name': 'Erik Walker', 'description': 'actor'}, {'name': 'Michael Dubelko', 'description': 'actor'}, {'name': 'Stephen J. Cannell', 'description': 'actor'}, {'name': 'John W. Hyde', 'description': 'actor'}, {'name': 'Morris Berger', 'description': 'actor'}, {'name': 'Stephen R. Brown', 'description': 'actor'}, {'name': 'Sam Bozzo', 'description': 'author'}]"
They Live,11/23/1988,"Science-Fiction, Action & Adventure","Shudder, Prime Video",America,Movie,18+ (R),7.2/10,,"[{'name': 'John Carpenter', 'description': 'director'}, {'name': 'Roddy Piper', 'description': 'actor'}, {'name': 'Keith David', 'description': 'actor'}, {'name': 'Meg Foster', 'description': 'actor'}, {'name': 'George Buck Flower', 'description': 'actor'}, {'name': 'Peter Jason', 'description': 'actor'}, {'name': 'Raymond St. Jacques', 'description': 'actor'}, {'name': 'Jason Robards III', 'description': 'actor'}, {'name': 'John Lawrence', 'description': 'actor'}, {'name': 'Susan Barnes', 'description': 'actor'}, {'name': 'Sy Richardson', 'description': 'actor'}, {'name': 'Wendy Brainard', 'description': 'actor'}, {'name': 'Lucille Meredith', 'description': 'actor'}, {'name': 'Susan Blanchard', 'description': 'actor'}, {'name': 'Norman Alden', 'description': 'actor'}, {'name': 'Dana Bratton', 'description': 'actor'}, {'name': 'John F. Goff', 'description': 'actor'}, {'name': 'Norman D. Wilson', 'description': 'actor'}, {'name': 'Thelma Lee', 'description': 'actor'}, {'name': 'Stratton Leopold', 'description': 'actor'}, {'name': 'Rezza Shan', 'description': 'actor'}, {'name': 'Norman Howell', 'description': 'actor'}, {'name': 'Larry J. Franco', 'description': 'actor'}, {'name': 'Andre Blay', 'description': 'actor'}]"
While You Were Out,3/16/2019,Reality,Hulu,,TV Show,,,1,[]
Rocky Mountain Summer,,,Free Services,,Movie,,,,"[{'name': 'Joseph V Micallef', 'description': 'director'}]"
Subhash Chandra Bose: The Mystery,7/18/2016,"Documentary, Mystery",Discovery+,,Movie,,7.7/10,,[]
Adoration,1/22/2020,"Thriller, Drama","Free Services, Prime Video",Belgium,Movie,,6.2/10,,"[{'name': 'Fabrice Du Welz', 'description': 'director'}, {'name': 'Thomas Gioria', 'description': 'actor'}, {'name': 'Fantine Harduin', 'description': 'actor'}, {'name': 'Benoît Poelvoorde', 'description': 'actor'}, {'name': 'Laurent Lucas', 'description': 'actor'}, {'name': 'Gwendolyn Gourvenec', 'description': 'actor'}, {'name': 'Anaël Snoek', 'description': 'actor'}, {'name': 'Charlotte Vandermeersch', 'description': 'actor'}, {'name': 'Martha Canga Antonio', 'description': 'actor'}, {'name': 'Sandor Funtek', 'description': 'actor'}, {'name': 'Jean-Luc Couchard', 'description': 'actor'}, {'name': 'Pierre Nisse', 'description': 'actor'}, {'name': 'Renaud Rutten', 'description': 'actor'}, {'name': 'Manuel Chiche', 'description': 'actor'}, {'name': 'Vincent Tavier', 'description': 'actor'}, {'name': 'Fabrice Du Welz', 'description': 'author'}, {'name': 'Romain Protat', 'description': 'author'}, {'name': 'Vincent Tavier', 'description': 'author'}, {'name': 'Vincent Cahay', 'description': 'actor'}]"
Scream Returns,11/2/2018,"Horror, Thriller",Free Services,,Movie,,5.2/10,,[]
Ghoulies IV,8/17/1994,"Horror, Comedy","Free Services, Prime Video",America,Movie,18+ (R),2.8/10,,"[{'name': 'Jim Wynorski', 'description': 'director'}, {'name': 'Peter Liapis', 'description': 'actor'}, {'name': 'Barbara Alyn Woods', 'description': 'actor'}, {'name': 'Stacie Randall', 'description': 'actor'}, {'name': 'Raquel Krelle', 'description': 'actor'}, {'name': 'Bobby Di Cicco', 'description': 'actor'}, {'name': 'Tony Cox', 'description': 'actor'}, {'name': 'Arturo Gil', 'description': 'actor'}, {'name': 'Lynn Danielson-Rosenthal', 'description': 'actor'}, {'name': 'Antonia Dorian', 'description': 'actor'}, {'name': 'Tony March', 'description': 'actor'}, {'name': 'Ace Mask', 'description': 'actor'}, {'name': 'Philip McKeon', 'description': 'actor'}, {'name': 'Peggy Trentini', 'description': 'actor'}, {'name': 'Gary Schmoeller', 'description': 'actor'}, {'name': 'Mark Sevi', 'description': 'author'}, {'name': 'Chuck Cirino', 'description': 'actor'}]"
Ex Libris: The New York Public Library,9/13/2017,Documentary,Kanopy,America,Movie,,7.4/10,,"[{'name': 'Frederick Wiseman', 'description': 'director'}, {'name': 'Elvis Costello', 'description': 'actor'}, {'name': 'Richard Dawkins', 'description': 'actor'}, {'name': 'Patti Smith', 'description': 'actor'}, {'name': 'Ta-Nehisi Coates', 'description': 'actor'}, {'name': 'Frederick Wiseman', 'description': 'actor'}, {'name': 'Karen Konicek', 'description': 'actor'}]"
Baap Re Baap Dokyala Taap,9/12/2008,Comedy,Prime Video ,,Movie,,5.9/10,,[]
Air Warriors,11/9/2014,"History, Documentary","Free Services, Prime Video",America,TV Show,7+ (TV-PG),7.5/10,10,[]
If I Could Tell You,8/2/2016,"Animation, Drama",Free Services,America,Movie,16+,7.2/10,,"[{'name': 'Benjamin Clyde', 'description': 'director'}, {'name': 'Robert E. Clyde', 'description': 'director'}, {'name': 'Avery Clyde', 'description': 'actor'}, {'name': 'Kevin Richardson', 'description': 'actor'}, {'name': 'Sharon Lawrence', 'description': 'actor'}, {'name': ""Jim O'Heir"", 'description': 'actor'}, {'name': 'Lucy DeVito', 'description': 'actor'}, {'name': 'Ryan Spahn', 'description': 'actor'}, {'name': 'Joel Bryant', 'description': 'actor'}, {'name': 'Michael Dempsey', 'description': 'actor'}, {'name': 'Benjamin Clyde', 'description': 'author'}, {'name': 'Robert E. Clyde', 'description': 'author'}]"
Far Out Ones,,,Free Services,,Movie,,,,"[{'name': 'Teton Gravity Research', 'description': 'director'}]"
That Man from Rio,2/5/1964,"Romance, Action & Adventure","Free Services, Prime Video",France,Movie,,10-Jul,,"[{'name': 'Philippe de Broca', 'description': 'director'}, {'name': 'Jean-Paul Belmondo', 'description': 'actor'}, {'name': 'Françoise Dorléac', 'description': 'actor'}, {'name': 'Jean Servais', 'description': 'actor'}, {'name': 'Simone Renant', 'description': 'actor'}, {'name': 'Adolfo Celi', 'description': 'actor'}, {'name': 'Roger Dumas', 'description': 'actor'}, {'name': 'Daniel Ceccaldi', 'description': 'actor'}, {'name': 'Ubiracy De Oliveira', 'description': 'actor'}, {'name': 'Milton Ribeiro', 'description': 'actor'}, {'name': 'Lucien Raimbourg', 'description': 'actor'}, {'name': 'Robert Blome', 'description': 'actor'}, {'name': 'Louise Chevalier', 'description': 'actor'}, {'name': 'Max Elloy', 'description': 'actor'}, {'name': 'Maurice Hartwig', 'description': 'actor'}, {'name': 'Zé Keti', 'description': 'actor'}, {'name': 'Hal Linden', 'description': 'actor'}, {'name': 'Annik Malvil', 'description': 'actor'}, {'name': 'Marie Marc', 'description': 'actor'}, {'name': 'Nina Myral', 'description': 'actor'}, {'name': 'André Tomasi', 'description': 'actor'}, {'name': 'Alexandre Mnouchkine', 'description': 'actor'}, {'name': 'Georges Dancigers', 'description': 'actor'}, {'name': 'Ariane Mnouchkine', 'description': 'author'}]"
Hidden Truth,3/12/2016,"Drama, Mystery","Free Services, Prime Video",America,Movie,13+ (PG-13),5.3/10,,"[{'name': 'Steven R. Monroe', 'description': 'director'}, {'name': 'Shawn Christian', 'description': 'actor'}, {'name': 'Heidi Fielek', 'description': 'actor'}, {'name': 'Diana Hopper', 'description': 'actor'}, {'name': 'Brendan McCarthy', 'description': 'actor'}, {'name': 'Richard Meehan', 'description': 'actor'}, {'name': 'Jessica Morris', 'description': 'actor'}, {'name': 'Parker Stevenson', 'description': 'actor'}, {'name': 'Brittany Underwood', 'description': 'actor'}, {'name': 'Eric Scott Woods', 'description': 'actor'}, {'name': 'Sarah Lind', 'description': 'actor'}, {'name': 'Richard O. Lowry', 'description': 'author'}, {'name': 'Chris Forsgren', 'description': 'actor'}]"
Six Characters in Search of a Play,3/1/2019,,Free Services,,Movie,,5.3/10,,"[{'name': 'Emerson Collins', 'description': 'director'}]"
The Ride: Overcoming the Impossible,,,Free Services,,Movie,,,,"[{'name': 'Matthew Sezer', 'description': 'director'}]"
All Star Comedy Jam: Live from Orlando,10/9/2012,"Stand-up & Talk, Comedy","Free Services, Prime Video",America,Movie,18+ (R),10-Jun,,"[{'name': 'Leslie Small', 'description': 'director'}, {'name': 'Gary Owen', 'description': 'actor'}, {'name': 'Lil Duval', 'description': 'actor'}, {'name': 'Jay Pharoah', 'description': 'actor'}, {'name': 'Tony T. Roberts', 'description': 'actor'}, {'name': 'Capone Lee', 'description': 'actor'}, {'name': 'Valarie Benning Barney', 'description': 'actor'}]"
The Blended Bunch,3/16/2021,Reality,"Philo, Prime Video",,TV Show,7+ (TV-PG),5.6/10,1,[]
The Animal Project,9/11/2013,"Comedy, Drama",Fandor,Canada,Movie,,6.2/10,,"[{'name': 'Ingrid Veninger', 'description': 'director'}, {'name': 'Aaron Poole', 'description': 'actor'}, {'name': 'Hannah Cheesman', 'description': 'actor'}, {'name': 'Joanne Vannicola', 'description': 'actor'}, {'name': 'Sarena Parmar', 'description': 'actor'}, {'name': 'Kate Corbett', 'description': 'actor'}, {'name': 'Ingrid Veninger', 'description': 'author'}]"
Sebastian,5/26/2017,"Drama, LGBTQ","Free Services, Prime Video",Canada,Movie,,5.3/10,,"[{'name': 'James Fanizza', 'description': 'director'}, {'name': 'Alex House', 'description': 'actor'}, {'name': 'James Fanizza', 'description': 'actor'}, {'name': 'Katya', 'description': 'actor'}, {'name': 'Stacy Smith', 'description': 'actor'}, {'name': 'Leah Doz', 'description': 'actor'}, {'name': 'Brendan Whelton', 'description': 'actor'}, {'name': 'James Fanizza', 'description': 'actor'}, {'name': 'James Fanizza', 'description': 'author'}]"
Those Who Kill,3/3/2014,"Action & Adventure, Drama",Prime Video ,,TV Show,14+ (TV-14),7.1/10,1,"[{'name': 'Chloë Sevigny', 'description': 'actor'}, {'name': ""James D'Arcy"", 'description': 'actor'}, {'name': 'Glen Morgan', 'description': 'actor'}]"
Twenty,3/25/2015,"Drama, Comedy","Free Services, Prime Video",South Korea,Movie,18+ (R),6.8/10,,"[{'name': 'Lee Byeong-hun', 'description': 'director'}, {'name': 'Kim Woo-bin', 'description': 'actor'}, {'name': 'Lee Jun-ho', 'description': 'actor'}, {'name': 'Kang Ha-neul', 'description': 'actor'}, {'name': 'Jung So-min', 'description': 'actor'}, {'name': 'Lee Yu-bi', 'description': 'actor'}, {'name': 'Min Hyo-rin', 'description': 'actor'}, {'name': 'Ahn Jae-hong', 'description': 'actor'}, {'name': 'Heo Joon-seok', 'description': 'actor'}, {'name': 'Park Myung-shin', 'description': 'actor'}, {'name': 'Oh Hyun-kyung', 'description': 'actor'}, {'name': 'Yoon Ga-hyun', 'description': 'actor'}, {'name': 'Kim Eui-sung', 'description': 'actor'}, {'name': 'Do Mo-Se', 'description': 'actor'}, {'name': 'Na In-woo', 'description': 'actor'}, {'name': 'Han Joon-woo', 'description': 'actor'}, {'name': 'Kim Woo-taek', 'description': 'actor'}, {'name': 'Lee Byeong-hun', 'description': 'author'}]"
When Two Worlds Collide,1/22/2016,"Drama, Documentary",Free Services,Peru,Movie,,7.6/10,,"[{'name': 'Heidi Brandenburg', 'description': 'director'}, {'name': 'Mathew Orzel', 'description': 'director'}, {'name': 'Taira Akbar', 'description': 'actor'}, {'name': 'H. Scott Salinas', 'description': 'actor'}]"
Henry VI Part 1,1/2/1983,"History, Drama",BritBox,United Kingdom,Movie,,7.3/10,,"[{'name': 'Jane Howell', 'description': 'director'}, {'name': 'Peter Benson', 'description': 'actor'}, {'name': 'Brenda Blethyn', 'description': 'actor'}, {'name': 'John Benfield', 'description': 'actor'}, {'name': 'Michael Byrne', 'description': 'actor'}, {'name': 'Ron Cook', 'description': 'actor'}, {'name': 'Bernard Hill', 'description': 'actor'}, {'name': 'Trevor Peacock', 'description': 'actor'}, {'name': 'Mark Wing-Davey', 'description': 'actor'}, {'name': 'Antony Brown', 'description': 'actor'}, {'name': 'David Burke', 'description': 'actor'}, {'name': 'Paul Chapman', 'description': 'actor'}, {'name': 'Arthur Cox', 'description': 'actor'}, {'name': 'David Daker', 'description': 'actor'}, {'name': 'Brian Deacon', 'description': 'actor'}, {'name': 'Tenniel Evans', 'description': 'actor'}, {'name': 'Derek Farr', 'description': 'actor'}, {'name': 'Derek Fuke', 'description': 'actor'}, {'name': 'Alex Guard', 'description': 'actor'}, {'name': 'Paul Jesson', 'description': 'actor'}, {'name': 'Joanna McCallum', 'description': 'actor'}, {'name': 'Oengus MacNamara', 'description': 'actor'}, {'name': 'Thomas Nashe', 'description': 'author'}]"
Classic Albums: Iron Maiden - The Number of the Beast,12/4/2001,Documentary,"Free Services, Prime Video",America,Movie,All (G),8.1/10,,"[{'name': 'Tim Kirkby', 'description': 'director'}, {'name': 'Bruce Dickinson', 'description': 'actor'}, {'name': 'Dave Murray', 'description': 'actor'}, {'name': 'Adrian Smith', 'description': 'actor'}, {'name': 'Steve Harris', 'description': 'actor'}, {'name': 'Clive Burr', 'description': 'actor'}, {'name': 'Nick De Grunwald', 'description': 'actor'}, {'name': 'Geoff Kempin', 'description': 'actor'}, {'name': 'Martin R. Smith', 'description': 'actor'}, {'name': 'Terry Shand', 'description': 'actor'}]"
Antarctic Tears,1/5/2015,,Prime Video ,,Movie,,,,[]
City of Sin,1/1/2012,,Free Services,,Movie,,,,[]
Sema Ragalai,7/16/2004,Comedy,Prime Video ,,Movie,,5.6/10,,[]
Paanch Phoron,2/14/2019,Romance,Prime Video ,,TV Show,,6.4/10,2,"[{'name': 'Swastika Mukherjee', 'description': 'actor'}, {'name': 'Sohini Sarkar', 'description': 'actor'}, {'name': 'Orchita Sporshia', 'description': 'actor'}, {'name': 'Tariq Anam Khan', 'description': 'actor'}, {'name': 'Sourav Chakraborty', 'description': 'actor'}, {'name': 'Amrita Chattopadhyay', 'description': 'actor'}, {'name': 'Yash Rohan', 'description': 'actor'}, {'name': 'Anindya Pulak Banerjee', 'description': 'actor'}, {'name': 'Anirban Bhattacharya', 'description': 'actor'}, {'name': 'Jaya Ahsan', 'description': 'actor'}, {'name': 'Masuma Rahman Nabila', 'description': 'actor'}, {'name': 'Riddhi Sen', 'description': 'actor'}, {'name': 'Abhishek Saha', 'description': 'actor'}, {'name': 'Arka Ganguly', 'description': 'actor'}, {'name': 'Dipankar Dipon', 'description': 'actor'}, {'name': 'Suman Mukhopadhyay', 'description': 'actor'}, {'name': 'Tauquir Ahmed', 'description': 'actor'}]"
Death Makes Life Possible,9/29/2013,"Drama, Documentary",Free Services,,Movie,7+ (PG),7.4/10,,[]
The Mark of Zorro,11/8/1940,"Drama, Action & Adventure",Prime Video ,America,Movie,,7.5/10,,"[{'name': 'Rouben Mamoulian', 'description': 'director'}, {'name': 'Tyrone Power', 'description': 'actor'}, {'name': 'Linda Darnell', 'description': 'actor'}, {'name': 'Basil Rathbone', 'description': 'actor'}, {'name': 'Gale Sondergaard', 'description': 'actor'}, {'name': 'Eugene Pallette', 'description': 'actor'}, {'name': 'J. Edward Bromberg', 'description': 'actor'}, {'name': 'Montagu Love', 'description': 'actor'}, {'name': 'Janet Beecher', 'description': 'actor'}, {'name': 'George Regas', 'description': 'actor'}, {'name': 'Chris-Pin Martin', 'description': 'actor'}, {'name': 'Robert Lowery', 'description': 'actor'}, {'name': 'Belle Mitchell', 'description': 'actor'}, {'name': 'John Bleifer', 'description': 'actor'}, {'name': 'Frank Puglia', 'description': 'actor'}, {'name': 'Eugene Borden', 'description': 'actor'}, {'name': 'Pedro de Cordoba', 'description': 'actor'}, {'name': ""Guy D'Ennery"", 'description': 'actor'}, {'name': 'Stanley Andrews', 'description': 'actor'}, {'name': 'Fortunio Bonanova', 'description': 'actor'}, {'name': 'Ralph Byrd', 'description': 'actor'}, {'name': 'Robert Cauterio', 'description': 'actor'}, {'name': 'Darryl F. Zanuck', 'description': 'actor'}, {'name': 'John Taintor Foote', 'description': 'author'}]"
Inside the Mind of Leonardo,3/24/2013,Documentary,Free Services,Canada,Movie,,7.3/10,,"[{'name': 'Julian Jones', 'description': 'director'}, {'name': 'Peter Capaldi', 'description': 'actor'}, {'name': 'Julian Jones', 'description': 'author'}, {'name': 'Nick Dear', 'description': 'author'}]"
The Mime,12/23/2015,Horror,Prime Video ,,Movie,,10-Mar,,[]
Angel-A,12/21/2005,"Fantasy, Comedy","Free Services, Prime Video",France,Movie,18+ (R),10-Jul,,"[{'name': 'Luc Besson', 'description': 'director'}, {'name': 'Jamel Debbouze', 'description': 'actor'}, {'name': 'Rie Rasmussen', 'description': 'actor'}, {'name': 'Gilbert Melki', 'description': 'actor'}, {'name': 'Serge Riaboukine', 'description': 'actor'}, {'name': 'Akim Chir', 'description': 'actor'}, {'name': 'Laurent Jumeaucourt', 'description': 'actor'}, {'name': 'Solange Milhaud', 'description': 'actor'}, {'name': 'Loïc Pora', 'description': 'actor'}, {'name': 'Venus Boone', 'description': 'actor'}, {'name': 'Eric Balliet', 'description': 'actor'}, {'name': 'Luc Besson', 'description': 'actor'}, {'name': 'Luc Besson', 'description': 'author'}, {'name': 'Anja Garbarek', 'description': 'actor'}]"
We Answered the Call,11/1/2015,Documentary,Prime Video ,,Movie,,,,[]
Pursuit,2/18/2022,"Action & Adventure, Mystery","Free Services, Prime Video",America,Movie,18+ (R),2.7/10,,"[{'name': 'Brian Skiba', 'description': 'director'}, {'name': 'Emile Hirsch', 'description': 'actor'}, {'name': 'John Cusack', 'description': 'actor'}, {'name': 'Jake Manley', 'description': 'actor'}, {'name': 'Elizabeth Faith Ludlow', 'description': 'actor'}, {'name': 'Graham Patrick Martin', 'description': 'actor'}, {'name': 'Heather Marie Marsden', 'description': 'actor'}, {'name': 'Chris Jai Alex', 'description': 'actor'}, {'name': 'Aubrey Stevens', 'description': 'actor'}, {'name': 'Barry Hanley', 'description': 'actor'}, {'name': 'Nick Benseman', 'description': 'actor'}, {'name': 'Shelby Yardley', 'description': 'actor'}, {'name': 'James Logan', 'description': 'actor'}, {'name': 'William Katt', 'description': 'actor'}, {'name': 'Brittany Belt', 'description': 'actor'}, {'name': 'Andrew Stevens', 'description': 'actor'}, {'name': 'Andrew Stevens', 'description': 'actor'}, {'name': 'Alan B. Bursteen', 'description': 'actor'}, {'name': 'Barry Brooker', 'description': 'actor'}, {'name': 'Dawn Bursteen', 'description': 'actor'}, {'name': 'Stan Wertlieb', 'description': 'actor'}, {'name': 'Andrew Stevens', 'description': 'author'}, {'name': 'Ben Fiore', 'description': 'author'}, {'name': 'Brian Skiba', 'description': 'author'}]"
Greeny,12/9/2016,"Drama, Crime",Prime Video ,,Movie,,7.4/10,,[]
Evolution of a Criminal,3/8/2014,Documentary,"Free Services, Prime Video",,Movie,,6.9/10,,"[{'name': 'Darius Clark Monroe', 'description': 'director'}, {'name': 'Vladimi Versailles', 'description': 'actor'}, {'name': 'Dante E. Clark', 'description': 'actor'}, {'name': 'Spike Lee', 'description': 'actor'}]"
As Far As My Feet Will Carry Me,12/12/2001,Drama,"Free Services, Prime Video",Germany,Movie,All (G),7.3/10,,"[{'name': 'Hardy Martins', 'description': 'director'}, {'name': 'Bernhard Bettermann', 'description': 'actor'}, {'name': 'Michael Mendl', 'description': 'actor'}, {'name': 'Anatoliy Kotenyov', 'description': 'actor'}, {'name': 'André Hennicke', 'description': 'actor'}, {'name': 'Hans Peter Hallwachs', 'description': 'actor'}, {'name': 'Hans-Uwe Bauer', 'description': 'actor'}, {'name': 'Antonio Wannek', 'description': 'actor'}, {'name': 'Irina Narbekova', 'description': 'actor'}, {'name': 'Pavel Lebeshev', 'description': 'actor'}, {'name': 'Aleksandr Efremov', 'description': 'actor'}, {'name': 'Heinrich Giskes', 'description': 'actor'}, {'name': 'Eva-Maria Kurz', 'description': 'actor'}, {'name': 'Irina Pantaeva', 'description': 'actor'}, {'name': 'Iris Böhm', 'description': 'actor'}, {'name': 'Johannes Hitzblech', 'description': 'actor'}, {'name': 'Anna Herrmann', 'description': 'actor'}, {'name': 'Stephan Wolf-Schönburg', 'description': 'actor'}, {'name': 'Vladimir Korpus', 'description': 'actor'}, {'name': 'Igor Filchenkov', 'description': 'actor'}, {'name': 'Tschmid Rintshinov', 'description': 'actor'}, {'name': 'Nikolai Kondrashkin', 'description': 'actor'}, {'name': 'Jimmy C. Gerum', 'description': 'actor'}, {'name': 'Bastian Clevé', 'description': 'author'}]"
"Demon Lord, Retry!",7/4/2019,"Comedy, Animation","Hulu, Prime Video",,TV Show,14+ (TV-14),6.7/10,1,"[{'name': 'Kaori Ishihara', 'description': 'actor'}, {'name': 'Aki Toyosaki', 'description': 'actor'}, {'name': 'Kanon Takao', 'description': 'actor'}, {'name': 'Kenjirou Tsuda', 'description': 'actor'}, {'name': 'Haruka Tomatsu', 'description': 'actor'}, {'name': 'Chiyo Ousaki', 'description': 'actor'}, {'name': 'Suzuna Kinoshita', 'description': 'actor'}, {'name': 'Kazusa Aranami', 'description': 'actor'}, {'name': 'Kurone Kanzaki', 'description': 'author'}]"
I Capture the Castle,5/9/2003,"Romance, Drama","Free Services, Prime Video",United Kingdom,Movie,18+ (R),6.8/10,,"[{'name': 'Tim Fywell', 'description': 'director'}, {'name': 'Romola Garai', 'description': 'actor'}, {'name': 'Rose Byrne', 'description': 'actor'}, {'name': 'Tara Fitzgerald', 'description': 'actor'}, {'name': 'Bill Nighy', 'description': 'actor'}, {'name': 'Marc Blucas', 'description': 'actor'}, {'name': 'Henry Thomas', 'description': 'actor'}, {'name': 'Sinéad Cusack', 'description': 'actor'}, {'name': 'Joe Sowerbutts', 'description': 'actor'}, {'name': 'Henry Cavill', 'description': 'actor'}, {'name': 'Sophie Stuckey', 'description': 'actor'}, {'name': 'David Bamber', 'description': 'actor'}, {'name': 'James Faulkner', 'description': 'actor'}, {'name': 'Sarah Woodward', 'description': 'actor'}, {'name': 'Dolly Wells', 'description': 'actor'}, {'name': 'James Warrior', 'description': 'actor'}, {'name': 'Christopher Ettridge', 'description': 'actor'}, {'name': 'Helena Little', 'description': 'actor'}, {'name': 'Florence Jones', 'description': 'actor'}, {'name': 'Harrison Ward', 'description': 'actor'}, {'name': 'Jean Warren', 'description': 'actor'}, {'name': 'Bernadette Windsor', 'description': 'actor'}, {'name': 'Anant Singh', 'description': 'actor'}, {'name': 'David M. Thompson', 'description': 'actor'}]"
REW-FFWD,8/9/1994,Documentary,"Fandor, Prime Video",Canada,Movie,,6.6/10,,"[{'name': 'Denis Villeneuve', 'description': 'director'}, {'name': 'Lorne Brass', 'description': 'actor'}, {'name': 'Denis Villeneuve', 'description': 'author'}]"
Delivered,5/8/2020,"Horror, Thriller","Hulu, Prime Video",America,Movie,,5.4/10,,"[{'name': 'Emma Tammi', 'description': 'director'}, {'name': 'Natalie Paul', 'description': 'actor'}, {'name': 'Tina Majorino', 'description': 'actor'}, {'name': 'Micah Joe Parker', 'description': 'actor'}, {'name': 'Michael Cassidy', 'description': 'actor'}, {'name': 'Rosslyn Luke', 'description': 'actor'}, {'name': ""Vito D'Ambrosio"", 'description': 'actor'}, {'name': 'Joel Dupont', 'description': 'actor'}, {'name': 'Stacie Greenwell', 'description': 'actor'}, {'name': 'Jackie Mah', 'description': 'actor'}, {'name': 'Tevin Adelman', 'description': 'actor'}, {'name': 'Alexander Koehne', 'description': 'actor'}, {'name': 'Jason Blum', 'description': 'actor'}, {'name': 'Lauren Downey', 'description': 'actor'}, {'name': 'Dirk Blackman', 'description': 'author'}, {'name': 'Ben Lovett', 'description': 'actor'}]"
The Pool Master,6/20/2014,Reality,"fuboTV, Prime Video",,TV Show,,6.8/10,2,"[{'name': 'Anthony Archer-Wills', 'description': 'actor'}]"
Jay Mohr: Happy. And A Lot.,3/14/2015,"Documentary, Comedy",Prime Video ,America,Movie,18+ (R),6.7/10,,"[{'name': 'Scott L. Montoya', 'description': 'director'}, {'name': 'Jay Mohr', 'description': 'actor'}, {'name': 'Nikki Cox', 'description': 'author'}]"
#Roxy,4/13/2018,"Romance, Comedy","Free Services, Prime Video",Canada,Movie,,10-May,,"[{'name': 'Michael Kennedy', 'description': 'director'}, {'name': 'Danny Trejo', 'description': 'actor'}, {'name': 'Booboo Stewart', 'description': 'actor'}, {'name': 'Sarah Fisher', 'description': 'actor'}, {'name': 'Jake Short', 'description': 'actor'}, {'name': 'Pippa Mackie', 'description': 'actor'}, {'name': 'Carter Thicke', 'description': 'actor'}, {'name': 'Tony Binns', 'description': 'author'}]"
How to Train Your Dragon: The Hidden World,1/3/2019,"Family, Drama",Prime Video ,America,Movie,7+ (PG),7.4/10,,"[{'name': 'Dean DeBlois', 'description': 'director'}, {'name': 'Jay Baruchel', 'description': 'actor'}, {'name': 'America Ferrera', 'description': 'actor'}, {'name': 'F. Murray Abraham', 'description': 'actor'}, {'name': 'Cate Blanchett', 'description': 'actor'}, {'name': 'Gerard Butler', 'description': 'actor'}, {'name': 'Craig Ferguson', 'description': 'actor'}, {'name': 'Jonah Hill', 'description': 'actor'}, {'name': 'Christopher Mintz-Plasse', 'description': 'actor'}, {'name': 'Kristen Wiig', 'description': 'actor'}, {'name': 'Kit Harington', 'description': 'actor'}, {'name': 'Justin Rupple', 'description': 'actor'}, {'name': 'Robin Atkin Downes', 'description': 'actor'}, {'name': 'Kieron Elliott', 'description': 'actor'}, {'name': 'Julia Emelin', 'description': 'actor'}, {'name': 'Gideon Emery', 'description': 'actor'}, {'name': 'Ashley Jensen', 'description': 'actor'}, {'name': 'AJ Kane', 'description': 'actor'}, {'name': 'Ólafur Darri Ólafsson', 'description': 'actor'}, {'name': 'James Sie', 'description': 'actor'}, {'name': 'David Tennant', 'description': 'actor'}, {'name': 'Bonnie Arnold', 'description': 'actor'}, {'name': 'Bradford Lewis', 'description': 'actor'}, {'name': 'Chris Sanders', 'description': 'actor'}]"
Unrivaled,3/16/2010,"Action & Adventure, Drama",Prime Video ,Canada,Movie,18+ (R),10-Apr,,"[{'name': 'Warren P. Sonoda', 'description': 'director'}, {'name': 'Hector Echavarria', 'description': 'actor'}, {'name': 'Steven Yaffee', 'description': 'actor'}, {'name': 'Rashad Evans', 'description': 'actor'}, {'name': 'Keith Jardine', 'description': 'actor'}, {'name': 'Heath Herring', 'description': 'actor'}, {'name': 'Nicholas Campbell', 'description': 'actor'}, {'name': 'Jordan Madley', 'description': 'actor'}, {'name': 'Ashleigh Hubbard', 'description': 'actor'}, {'name': 'Monique Ganderton', 'description': 'actor'}]"
Children's Hospital at Christmas,,,Free Services,,Movie,,,,"[{'name': 'Lorraine Kelly', 'description': 'actor'}]"
Haunters,11/15/2014,"Comedy, Documentary",Free Services,,Movie,7+ (PG),10-Jun,,[]
Kaos,11/22/1984,"Drama, Romance","Kanopy, Prime Video",France,Movie,18+ (R),7.8/10,,"[{'name': 'Paolo Taviani', 'description': 'director'}, {'name': 'Vittorio Taviani', 'description': 'director'}, {'name': 'Franco Franchi', 'description': 'actor'}, {'name': 'Ciccio Ingrassia', 'description': 'actor'}, {'name': 'Omero Antonutti', 'description': 'actor'}, {'name': 'Claudio Bigagli', 'description': 'actor'}, {'name': 'Massimo Bonetti', 'description': 'actor'}, {'name': 'Margarita Lozano', 'description': 'actor'}, {'name': 'Orazio Torrisi', 'description': 'actor'}, {'name': 'Carlo Cartier', 'description': 'actor'}, {'name': 'Biagio Barone', 'description': 'actor'}, {'name': 'Laura Mollica', 'description': 'actor'}, {'name': 'Giovanni Marsala', 'description': 'actor'}, {'name': 'Enrica Maria Modugno', 'description': 'actor'}, {'name': 'Regina Bianchi', 'description': 'actor'}, {'name': 'Tony Sperandeo', 'description': 'actor'}, {'name': 'Domenico Gennaro', 'description': 'actor'}, {'name': 'Giuliani G. De Negri', 'description': 'actor'}, {'name': 'Paolo Taviani', 'description': 'author'}, {'name': 'Tonino Guerra', 'description': 'author'}, {'name': 'Vittorio Taviani', 'description': 'author'}, {'name': 'Nicola Piovani', 'description': 'actor'}]"
Kasu Mela Kasu,7/6/2018,"Romance, Comedy",Prime Video ,India,Movie,,5.8/10,,"[{'name': 'K. S. Palani', 'description': 'director'}, {'name': 'Mayilsamy', 'description': 'actor'}, {'name': 'Kanja Karuppu', 'description': 'actor'}, {'name': 'Kovai Sarala', 'description': 'actor'}, {'name': 'Nalini', 'description': 'actor'}, {'name': 'Jangiri Madhumitha', 'description': 'actor'}, {'name': 'Swaminathan', 'description': 'actor'}, {'name': 'Shahrukh Khan Raffi', 'description': 'actor'}, {'name': 'Gayatri Rema', 'description': 'actor'}, {'name': 'Suresh Devan', 'description': 'author'}]"
When Nothing Else Matters,11/12/2021,Drama,Prime Video ,,Movie,,,,[]
Premoniciones,10/10/2010,Thriller,Free Services,,Movie,,,,[]
Death by Design,5/21/2016,"Drama, Documentary","Free Services, Prime Video",,Movie,,7.1/10,,"[{'name': 'Sue Williams', 'description': 'director'}]"
Two Minutes to Play,11/2/1936,"Romance, Drama","Prime Video, Prime Video",America,Movie,,6.2/10,,"[{'name': 'Robert F. Hill', 'description': 'director'}, {'name': 'Bruce Bennett', 'description': 'actor'}, {'name': 'Edward Nugent', 'description': 'actor'}, {'name': 'Jeanne Martel', 'description': 'actor'}, {'name': 'Betty Compson', 'description': 'actor'}, {'name': 'Grady Sutton', 'description': 'actor'}, {'name': 'Duncan Renaldo', 'description': 'actor'}, {'name': 'David Sharpe', 'description': 'actor'}, {'name': 'Sammy Cohen', 'description': 'actor'}, {'name': 'Forrest Taylor', 'description': 'actor'}, {'name': 'Richard Tucker', 'description': 'actor'}, {'name': 'Sam Flint', 'description': 'actor'}, {'name': 'Phil Dunham', 'description': 'actor'}, {'name': 'Theodore Lorch', 'description': 'actor'}]"
This Is P,6/15/2018,Comedy,Prime Video ,,TV Show,,,1,[]
Robin's Wish,9/1/2020,"Biography, Documentary","Free Services, Prime Video",America,Movie,,7.3/10,,"[{'name': 'Tylor Norwood', 'description': 'director'}, {'name': 'Susan Schneider Williams', 'description': 'actor'}, {'name': 'Shawn Levy', 'description': 'actor'}, {'name': 'John R. Montgomery', 'description': 'actor'}, {'name': 'David E. Kelley', 'description': 'actor'}, {'name': 'Rick Overton', 'description': 'actor'}, {'name': 'Robin Williams', 'description': 'actor'}, {'name': 'Ben Sinclair', 'description': 'actor'}, {'name': 'Jim Czarnecki', 'description': 'actor'}, {'name': 'Mylea Charvat', 'description': 'actor'}, {'name': 'Shoshana Ungerleider', 'description': 'actor'}, {'name': 'Aaron Drake', 'description': 'actor'}]"
The American Friend,6/24/1977,"Crime, Mystery","The Criterion Channel, Prime Video",France,Movie,,7.4/10,,"[{'name': 'Wim Wenders', 'description': 'director'}, {'name': 'Dennis Hopper', 'description': 'actor'}, {'name': 'Bruno Ganz', 'description': 'actor'}, {'name': 'Lisa Kreuzer', 'description': 'actor'}, {'name': 'Gérard Blain', 'description': 'actor'}, {'name': 'Nicholas Ray', 'description': 'actor'}, {'name': 'Samuel Fuller', 'description': 'actor'}, {'name': 'Peter Lilienthal', 'description': 'actor'}, {'name': 'Daniel Schmid', 'description': 'actor'}, {'name': 'Sandy Whitelaw', 'description': 'actor'}, {'name': 'Jean Eustache', 'description': 'actor'}, {'name': 'Lou Castel', 'description': 'actor'}, {'name': 'Andreas Dedecke', 'description': 'actor'}, {'name': 'David Blue', 'description': 'actor'}, {'name': 'Rudolf Schündler', 'description': 'actor'}, {'name': 'Gerty Molzen', 'description': 'actor'}, {'name': 'Heinz Joachim Klein', 'description': 'actor'}, {'name': 'Satya De La Manitou', 'description': 'actor'}, {'name': 'Axel Schiessler', 'description': 'actor'}, {'name': 'Adolf Hansen', 'description': 'actor'}, {'name': 'Rosemarie Heinikel', 'description': 'actor'}, {'name': 'Stefan Lennert', 'description': 'actor'}, {'name': 'Joachim von Mengershausen', 'description': 'actor'}, {'name': 'Wim Wenders', 'description': 'actor'}]"
Random Encounters,12/1/2013,"Romance, Comedy",Free Services,America,Movie,13+ (PG-13),4.3/10,,"[{'name': 'Boris Undorf', 'description': 'director'}, {'name': 'Michael Rady', 'description': 'actor'}, {'name': 'Meghan Markle', 'description': 'actor'}, {'name': 'Abby Wathen', 'description': 'actor'}, {'name': 'Sean Young', 'description': 'actor'}, {'name': 'Deja Kreutzberg', 'description': 'actor'}, {'name': 'Don Stark', 'description': 'actor'}, {'name': 'Joshua LeBar', 'description': 'actor'}, {'name': 'John Justice', 'description': 'actor'}, {'name': 'Kenneth-Michael Glass', 'description': 'actor'}, {'name': 'Sno E. Blac', 'description': 'actor'}, {'name': 'Nate Barlow', 'description': 'author'}]"
A Grocery Clerk's Romance,10/28/1912,Comedy,Fandor,America,Movie,,5.1/10,,"[{'name': 'Mack Sennett', 'description': 'director'}, {'name': 'Ford Sterling', 'description': 'actor'}, {'name': 'James C. Morton', 'description': 'actor'}, {'name': 'Gus Pixley', 'description': 'actor'}, {'name': 'Lincoln Plumer', 'description': 'actor'}, {'name': 'Mack Sennett', 'description': 'actor'}]"
Crooked Billet (3D),11/8/2017,Drama,Prime Video ,,Movie,,5.4/10,,[]
Diary of a Mad Black Woman,2/25/2005,"Drama, Romance","HBO MAX, Prime Video",,Movie,13+ (PG-13),5.6/10,,"[{'name': 'Darren Grant', 'description': 'director'}, {'name': 'Kimberly Elise', 'description': 'actor'}, {'name': 'Steve Harris', 'description': 'actor'}, {'name': 'Tyler Perry', 'description': 'actor'}, {'name': 'Shemar Moore', 'description': 'actor'}, {'name': 'Vickie Eng', 'description': 'actor'}, {'name': 'Lauren Leah Mitchell', 'description': 'actor'}, {'name': 'Lisa Marcos', 'description': 'actor'}, {'name': 'Tamara Taylor', 'description': 'actor'}, {'name': 'Cicely Tyson', 'description': 'actor'}, {'name': 'Terrell Carter', 'description': 'actor'}, {'name': 'Tony Vaughn', 'description': 'actor'}, {'name': 'Gary Anthony Sturgis', 'description': 'actor'}, {'name': 'Tyler Perry', 'description': 'author'}, {'name': 'Elvin Ross', 'description': 'actor'}]"
Danger Dolls,7/11/2014,"Action & Adventure, Science-Fiction","Free Services, Prime Video",Japan,Movie,,5.1/10,,"[{'name': 'Shusuke Kaneko', 'description': 'director'}, {'name': 'Rina Takeda', 'description': 'actor'}, {'name': 'Nana Seino', 'description': 'actor'}, {'name': 'Rumi Hanai', 'description': 'actor'}, {'name': 'Kayano Masuyama', 'description': 'actor'}, {'name': 'Noboru Kaneko', 'description': 'actor'}, {'name': 'Mao Mita', 'description': 'actor'}, {'name': 'Kazuki Namioka', 'description': 'actor'}, {'name': 'Mana Sakura', 'description': 'actor'}, {'name': 'Syo Oyamada', 'description': 'actor'}, {'name': 'Kohki Okada', 'description': 'actor'}, {'name': 'Kōki Okada', 'description': 'actor'}, {'name': 'Hayate Masao', 'description': 'actor'}, {'name': 'Art Birzneck', 'description': 'actor'}, {'name': 'Hirotoshi Kobayashi', 'description': 'author'}]"
Richter: The Enigma,1/1/1998,Documentary,Prime Video ,France,Movie,,8.8/10,,"[{'name': 'Bruno Monsaingeon', 'description': 'director'}, {'name': 'Sviatoslav Richter', 'description': 'actor'}]"
Symphony for Our World,4/22/2018,Musical,fuboTV,America,Movie,7+ (PG),,,[]
Single-Handed Sanders,2/10/1932,,Prime Video ,America,Movie,,5.6/10,,"[{'name': 'Lloyd Nosler', 'description': 'director'}, {'name': 'Tom Tyler', 'description': 'actor'}, {'name': 'Robert Seiter', 'description': 'actor'}, {'name': 'Margaret Morris', 'description': 'actor'}, {'name': 'John Elliott', 'description': 'actor'}, {'name': 'Gordon De Main', 'description': 'actor'}, {'name': 'Hank Bell', 'description': 'actor'}, {'name': 'Loie Bridge', 'description': 'actor'}, {'name': ""Fred 'Snowflake' Toones"", 'description': 'actor'}, {'name': 'Trem Carr', 'description': 'actor'}, {'name': 'Charles A. Post', 'description': 'author'}]"
Death Note: The Last Name,10/28/2006,"Crime, Action & Adventure",Prime Video ,Japan,Movie,,7.2/10,,"[{'name': 'Shusuke Kaneko', 'description': 'director'}, {'name': 'Tatsuya Fujiwara', 'description': 'actor'}, {'name': 'Takeshi Kaga', 'description': 'actor'}, {'name': 'Shido Nakamura', 'description': 'actor'}, {'name': 'Erika Toda', 'description': 'actor'}, {'name': 'Shigeki Hosokawa', 'description': 'actor'}, {'name': 'Shunji Fujimura', 'description': 'actor'}, {'name': 'Kenichi Matsuyama', 'description': 'actor'}, {'name': 'Sota Aoyama', 'description': 'actor'}, {'name': 'Magy', 'description': 'actor'}, {'name': 'Pîtâ', 'description': 'actor'}, {'name': 'Alexa Devine', 'description': 'actor'}, {'name': 'Michiko Godai', 'description': 'actor'}, {'name': 'Itsuji Itao', 'description': 'actor'}, {'name': 'Nana Katase', 'description': 'actor'}, {'name': 'Miyuki Komatsu', 'description': 'actor'}, {'name': 'Ai Maeda', 'description': 'actor'}, {'name': 'Hikari Mitsushima', 'description': 'actor'}, {'name': 'Ikuji Nakamura', 'description': 'actor'}, {'name': 'Jun Okazaki', 'description': 'actor'}, {'name': 'Tatsuhito Okuda', 'description': 'actor'}, {'name': 'Masahiko Tsugawa', 'description': 'actor'}, {'name': '大石哲也', 'description': 'author'}]"
What I Learned the Year I Made My Own Linen Underwear,1/1/2010,,Fandor,,Movie,,,,[]
Dick Hopper: Private Eye,5/29/2015,Comedy,"Free Services, Prime Video",,TV Show,,7.1/10,1,[]
Alice Ford's World Heritage Adventure,,Action & Adventure,Prime Video ,,TV Show,,,1,[]
Red,8/8/2008,"Thriller, Drama","Hoopla, Prime Video",America,Movie,18+ (R),10-Jul,,"[{'name': 'Lucky McKee', 'description': 'director'}, {'name': 'Trygve Allister Diesen', 'description': 'director'}, {'name': 'Brian Cox', 'description': 'actor'}, {'name': 'Tom Sizemore', 'description': 'actor'}, {'name': 'Robert Englund', 'description': 'actor'}, {'name': 'Amanda Plummer', 'description': 'actor'}, {'name': 'Noel Fisher', 'description': 'actor'}, {'name': 'Kyle Gallner', 'description': 'actor'}, {'name': 'Shiloh Fernandez', 'description': 'actor'}, {'name': 'Richard Riehle', 'description': 'actor'}, {'name': 'Kim Dickens', 'description': 'actor'}, {'name': 'Marcia Bennett', 'description': 'actor'}, {'name': 'Ashley Laurence', 'description': 'actor'}, {'name': 'Keith Buterbaugh', 'description': 'actor'}, {'name': 'Jack Ketchum', 'description': 'actor'}, {'name': 'Delaney Williams', 'description': 'actor'}, {'name': 'Tate Ellington', 'description': 'actor'}, {'name': 'Greg Stuhr', 'description': 'actor'}, {'name': 'John-Luke Montias', 'description': 'actor'}, {'name': 'Katie Piel', 'description': 'actor'}, {'name': 'Norman Dreyfuss', 'description': 'actor'}, {'name': 'Trygve Allister Diesen', 'description': 'actor'}, {'name': 'Bill Straus', 'description': 'actor'}, {'name': 'Lawrence Mattis', 'description': 'actor'}]"
Eat Your Bones,9/17/2014,"Drama, Mystery",Prime Video ,France,Movie,13+ (PG-13),6.3/10,,"[{'name': 'Jean-Charles Hue', 'description': 'director'}, {'name': 'Frédéric Dorkel', 'description': 'actor'}, {'name': 'Jason François', 'description': 'actor'}, {'name': 'Mickaël Dauber', 'description': 'actor'}, {'name': 'Moïse Dorkel', 'description': 'actor'}, {'name': 'Joseph Dorkel', 'description': 'actor'}, {'name': 'Jean-Charles Hue', 'description': 'author'}, {'name': 'Salvatore Lista', 'description': 'author'}]"
Killjoy,10/24/2000,"Fantasy, Horror","Free Services, Prime Video",America,Movie,18+ (R),2.6/10,,"[{'name': 'Craig Ross Jr.', 'description': 'director'}, {'name': 'Ángel Vargas', 'description': 'actor'}, {'name': 'Vera Yell', 'description': 'actor'}, {'name': 'Lee Marks', 'description': 'actor'}, {'name': 'Carl Washington', 'description': 'actor'}, {'name': 'Jamal Grimes', 'description': 'actor'}, {'name': 'Dee Dee Austin', 'description': 'actor'}, {'name': 'Corey Hampton', 'description': 'actor'}, {'name': 'Rani Goulant', 'description': 'actor'}, {'name': 'Napiera Groves', 'description': 'actor'}, {'name': 'William L. Johnson', 'description': 'actor'}, {'name': 'Mel Johnson Jr.', 'description': 'actor'}, {'name': 'Michael Deak', 'description': 'actor'}, {'name': 'Charles Band', 'description': 'actor'}, {'name': 'Carl Washington', 'description': 'author'}, {'name': 'Richard Kosinski', 'description': 'actor'}]"
Shirin,1/20/2008,"Action & Adventure, Drama",Fandor,Iran,Movie,,6.7/10,,"[{'name': 'Abbas Kiarostami', 'description': 'director'}, {'name': 'Tarane Alidousti', 'description': 'actor'}, {'name': 'Pegah Ahangarani', 'description': 'actor'}, {'name': 'Mahnaz Afshar', 'description': 'actor'}, {'name': 'Juliette Binoche', 'description': 'actor'}, {'name': 'Golshifteh Farahani', 'description': 'actor'}, {'name': 'Leila Hatami', 'description': 'actor'}, {'name': 'Behnaz Jafari', 'description': 'actor'}, {'name': 'Mahtab Keramati', 'description': 'actor'}, {'name': 'Niki Karimi', 'description': 'actor'}, {'name': 'Merila Zarei', 'description': 'actor'}, {'name': 'Baran Kosari', 'description': 'actor'}, {'name': 'Tannaz Tabatabaei', 'description': 'actor'}, {'name': 'Negar Javaherian', 'description': 'actor'}, {'name': 'Hedie Tehrani', 'description': 'actor'}, {'name': 'Fatemeh Motamed-Arya', 'description': 'actor'}, {'name': 'Hanie Tavassoli', 'description': 'actor'}, {'name': 'Gohar Kheyrandish', 'description': 'actor'}, {'name': 'Homayoun Ershadi', 'description': 'actor'}, {'name': 'Rana Azadivar', 'description': 'actor'}, {'name': 'Sahar Dolatshahi', 'description': 'actor'}, {'name': 'Rima Raminfar', 'description': 'actor'}, {'name': 'Abbas Kiarostami', 'description': 'actor'}, {'name': 'Hamideh Razavi', 'description': 'actor'}]"
The Bride Wore Black,3/22/1968,"Drama, Crime",Kanopy,France,Movie,,7.2/10,,"[{'name': 'François Truffaut', 'description': 'director'}, {'name': 'Jeanne Moreau', 'description': 'actor'}, {'name': 'Michel Bouquet', 'description': 'actor'}, {'name': 'Jean-Claude Brialy', 'description': 'actor'}, {'name': 'Charles Denner', 'description': 'actor'}, {'name': 'Claude Rich', 'description': 'actor'}, {'name': 'Michael Lonsdale', 'description': 'actor'}, {'name': 'Daniel Boulanger', 'description': 'actor'}, {'name': 'Alexandra Stewart', 'description': 'actor'}, {'name': 'Sylvine Delannoy', 'description': 'actor'}, {'name': 'Luce Fabiole', 'description': 'actor'}, {'name': 'Michèle Montfort', 'description': 'actor'}, {'name': 'Paul Pavel', 'description': 'actor'}, {'name': 'Serge Rousseau', 'description': 'actor'}, {'name': 'Van Doude', 'description': 'actor'}, {'name': 'Christophe Bruno', 'description': 'actor'}, {'name': 'Jacques Robiolles', 'description': 'actor'}, {'name': 'Gilles Quéant', 'description': 'actor'}, {'name': 'Daniel Pommereulle', 'description': 'actor'}, {'name': 'Jacqueline Rouillard', 'description': 'actor'}, {'name': 'Frédérique Fontanarosa', 'description': 'actor'}, {'name': 'Renaud Fontanarosa', 'description': 'actor'}, {'name': 'Marcel Berbert', 'description': 'actor'}, {'name': 'Oscar Lewenstein', 'description': 'actor'}]"
JetBlue HumanKinda,10/20/2015,Documentary,Prime Video ,,Movie,,,,[]
Segregation Is Back,11/1/2016,Documentary,Prime Video ,,Movie,,,,[]
Decodings,1/1/1988,Fantasy,Fandor,,Movie,,5.2/10,,"[{'name': 'Michael Wallin', 'description': 'director'}, {'name': 'William Graves', 'description': 'actor'}, {'name': 'Barry Livingston', 'description': 'actor'}, {'name': 'Michael Wallin', 'description': 'actor'}, {'name': 'Michael Wallin', 'description': 'author'}]"
Our Time,9/28/2018,Drama,"Kanopy, Prime Video",Denmark,Movie,,6.8/10,,"[{'name': 'Carlos Reygadas', 'description': 'director'}, {'name': 'Carlos Reygadas', 'description': 'actor'}, {'name': 'Natalia López', 'description': 'actor'}, {'name': 'Phil Burgers', 'description': 'actor'}, {'name': 'Maria Hagerman', 'description': 'actor'}, {'name': 'Yago Martínez', 'description': 'actor'}, {'name': 'Eleazar Reygadas', 'description': 'actor'}, {'name': 'Rut Reygadas', 'description': 'actor'}, {'name': 'Carlos Reygadas', 'description': 'actor'}, {'name': 'Jaime Romandia', 'description': 'actor'}, {'name': 'Carlos Reygadas', 'description': 'author'}]"
Motivation 2: The Chris Cole Story,6/23/2015,"Documentary, Sport","Free Services, Prime Video",America,Movie,,6.9/10,,"[{'name': 'Adam Bhala Lough', 'description': 'director'}, {'name': 'Chris Cole', 'description': 'actor'}, {'name': 'Tony Hawk', 'description': 'actor'}, {'name': 'Bam Margera', 'description': 'actor'}, {'name': 'Rodney Mullen', 'description': 'actor'}, {'name': 'Sean Malto', 'description': 'actor'}, {'name': 'Ishod Wair', 'description': 'actor'}, {'name': 'Edmund Bacon', 'description': 'actor'}, {'name': 'Nyjah Huston', 'description': 'actor'}, {'name': 'Guy Mariano', 'description': 'actor'}, {'name': 'Michael Nutter', 'description': 'actor'}, {'name': 'Chaz Ortiz', 'description': 'actor'}, {'name': 'Edward Rendell', 'description': 'actor'}, {'name': 'Jesse Rendell', 'description': 'actor'}, {'name': 'Stevie Williams', 'description': 'actor'}, {'name': 'Tom Asta', 'description': 'actor'}, {'name': 'Paul Rodriguez', 'description': 'actor'}, {'name': 'Jamie Thomas', 'description': 'actor'}, {'name': 'Adam Bhala Lough', 'description': 'actor'}, {'name': 'Ethan Higbee', 'description': 'actor'}, {'name': 'Tim Dowlin', 'description': 'actor'}, {'name': 'Julian Wass', 'description': 'actor'}]"
Cedonia Avenue,4/27/2015,"Drama, Action & Adventure","Free Services, Prime Video",America,Movie,,4.5/10,,"[{'name': 'Dwayne Hurt', 'description': 'director'}, {'name': 'Dwayne Hurt', 'description': 'actor'}, {'name': 'Durrell Overby', 'description': 'actor'}, {'name': 'Jaleel Hurt', 'description': 'actor'}, {'name': 'Dwayne Hurt', 'description': 'actor'}, {'name': 'Dwayne Hurt', 'description': 'author'}]"
Redwoods,12/1/2009,"Drama, Romance",Prime Video ,America,Movie,,5.5/10,,"[{'name': 'David Lewis', 'description': 'director'}, {'name': 'Matthew Montgomery', 'description': 'actor'}, {'name': 'Caleb Dorfman', 'description': 'actor'}, {'name': 'Brendan Bradley', 'description': 'actor'}, {'name': 'Tad Coughenour', 'description': 'actor'}, {'name': 'Simon Burzynski', 'description': 'actor'}, {'name': 'Laurie Burke', 'description': 'actor'}, {'name': 'Clara Brighton', 'description': 'actor'}, {'name': 'Elinor Bell', 'description': 'actor'}, {'name': 'Cole Panther', 'description': 'actor'}, {'name': 'Bill Gollihur', 'description': 'actor'}, {'name': 'David Lewis', 'description': 'author'}]"
Myriam Fares: The Journey,6/3/2021,Documentary,Netflix,,Movie,,2.4/10,,[]
Yogi the Easter Bear,4/3/1994,"Action & Adventure, Animation",Prime Video ,,Movie,,6.4/10,,"[{'name': 'Robert Alvarez', 'description': 'director'}, {'name': 'Greg Burson', 'description': 'actor'}, {'name': 'Don Messick', 'description': 'actor'}, {'name': 'Charlie Adler', 'description': 'actor'}, {'name': 'Rob Paulsen', 'description': 'actor'}]"
First Monday in October,8/21/1981,"Drama, Comedy",Prime Video ,America,Movie,18+ (R),6.4/10,,"[{'name': 'Ronald Neame', 'description': 'director'}, {'name': 'Walter Matthau', 'description': 'actor'}, {'name': 'Jill Clayburgh', 'description': 'actor'}, {'name': 'Barnard Hughes', 'description': 'actor'}, {'name': 'Jan Sterling', 'description': 'actor'}, {'name': 'James Stephens', 'description': 'actor'}, {'name': 'Joshua Bryant', 'description': 'actor'}, {'name': 'Jerome Lawrence', 'description': 'author'}, {'name': 'Robert E. Lee', 'description': 'author'}]"
Indu Sarkar,7/28/2017,"Drama, Mystery",Prime Video ,India,Movie,,5.9/10,,"[{'name': 'Madhur Bhandarkar', 'description': 'director'}, {'name': 'Kirti Kulhari', 'description': 'actor'}, {'name': 'Anupam Kher', 'description': 'actor'}, {'name': 'Neil Nitin Mukesh', 'description': 'actor'}, {'name': 'Tota Roy Chowdhury', 'description': 'actor'}, {'name': 'Supriya Vinod', 'description': 'actor'}, {'name': 'Sheeba Chaddha', 'description': 'actor'}, {'name': 'Parvin Dabas', 'description': 'actor'}, {'name': 'Anil Pandey', 'description': 'author'}, {'name': 'Madhur Bhandarkar', 'description': 'author'}, {'name': 'Anu Malik', 'description': 'actor'}]"
Clifford the Big Red Dog,11/10/2021,"Comedy, Family","Prime Video, Prime Video",Canada,Movie,7+ (PG),5.9/10,,"[{'name': 'Walt Becker', 'description': 'director'}, {'name': 'Darby Camp', 'description': 'actor'}, {'name': 'Jack Whitehall', 'description': 'actor'}, {'name': 'Izaac Wang', 'description': 'actor'}, {'name': 'John Cleese', 'description': 'actor'}, {'name': 'Tony Hale', 'description': 'actor'}, {'name': 'David Alan Grier', 'description': 'actor'}, {'name': 'Paul Rodríguez', 'description': 'actor'}, {'name': 'Horatio Sanz', 'description': 'actor'}, {'name': 'Sienna Guillory', 'description': 'actor'}, {'name': 'Rosie Perez', 'description': 'actor'}, {'name': 'Kenan Thompson', 'description': 'actor'}, {'name': 'Jessica Keenan Wynn', 'description': 'actor'}, {'name': 'Russell Wong', 'description': 'actor'}, {'name': 'Karen Lynn Gorney', 'description': 'actor'}, {'name': 'Melanie Chandra', 'description': 'actor'}, {'name': 'Russell Peters', 'description': 'actor'}, {'name': 'Kevin McCormick', 'description': 'actor'}, {'name': 'Yasha Jackson', 'description': 'actor'}, {'name': 'Siobhan Fallon Hogan', 'description': 'actor'}, {'name': 'Alex Moffat', 'description': 'actor'}, {'name': 'Tovah Feldshuh', 'description': 'actor'}, {'name': 'Deborah Forte', 'description': 'actor'}, {'name': 'Jordan Kerner', 'description': 'actor'}]"
Kissing a Fool,2/27/1998,"Romance, Comedy",Starz,America,Movie,18+ (R),5.5/10,,"[{'name': 'Doug Ellin', 'description': 'director'}, {'name': 'David Schwimmer', 'description': 'actor'}, {'name': 'Jason Lee', 'description': 'actor'}, {'name': 'Mili Avital', 'description': 'actor'}, {'name': 'Bonnie Hunt', 'description': 'actor'}, {'name': 'Vanessa Angel', 'description': 'actor'}, {'name': 'Judy Greer', 'description': 'actor'}, {'name': 'Kari Wuhrer', 'description': 'actor'}, {'name': 'Frank Medrano', 'description': 'actor'}, {'name': 'Bitty Schram', 'description': 'actor'}, {'name': 'Jerry Springer', 'description': 'actor'}, {'name': 'Sammy Sosa', 'description': 'actor'}, {'name': 'Doug Ellin', 'description': 'author'}, {'name': 'James Frey', 'description': 'author'}, {'name': 'Joseph Vitarelli', 'description': 'actor'}]"
Reckoning,2/11/2017,"Drama, Crime",Prime Video ,,Movie,,7.1/10,,[]
Spin the Bottle,11/28/2004,Comedy,Kanopy,Ireland,Movie,,6.3/10,,"[{'name': 'Ian Fitzgibbon', 'description': 'director'}, {'name': 'Michael McElhatton', 'description': 'actor'}, {'name': 'Simon Delaney', 'description': 'actor'}, {'name': 'Liam Carney', 'description': 'actor'}, {'name': 'Peter McDonald', 'description': 'actor'}, {'name': 'Bronagh Gallagher', 'description': 'actor'}, {'name': 'Maria Doyle Kennedy', 'description': 'actor'}, {'name': 'George Kearns', 'description': 'actor'}, {'name': 'Kathy Downes', 'description': 'actor'}, {'name': 'Doreen Keogh', 'description': 'actor'}, {'name': 'David Pearse', 'description': 'actor'}, {'name': ""Donal O'Kelly"", 'description': 'actor'}, {'name': 'Valerie Spelman', 'description': 'actor'}, {'name': 'Ian Fitzgibbon', 'description': 'author'}, {'name': 'Michael McElhatton', 'description': 'author'}]"
The Butcher,5/22/2019,Reality,"Free Services, Prime Video",,TV Show,,,1,[]
Black Conflux,9/6/2019,Drama,"Free Services, Prime Video",Canada,Movie,,10-Jun,,"[{'name': 'Nicole Dorsey', 'description': 'director'}, {'name': 'Ella Ballentine', 'description': 'actor'}, {'name': 'Ryan McDonald', 'description': 'actor'}, {'name': 'Olivia Scriven', 'description': 'actor'}, {'name': 'Luke Bilyk', 'description': 'actor'}, {'name': 'Sofia Banzhaf', 'description': 'actor'}, {'name': 'Yasmin MacKay', 'description': 'actor'}, {'name': 'Zara Matthews', 'description': 'actor'}, {'name': 'Rayisa Kondracki', 'description': 'actor'}, {'name': 'Eric Elliott', 'description': 'actor'}, {'name': ""Mark O'Neill"", 'description': 'actor'}, {'name': 'Michael Solomon', 'description': 'actor'}, {'name': 'Nicole Dorsey', 'description': 'author'}]"
Claire of the Moon,9/18/1992,"Romance, Drama","Free Services, Prime Video",America,Movie,18+ (R),5.1/10,,"[{'name': 'Nicole Conn', 'description': 'director'}, {'name': 'Trisha Todd', 'description': 'actor'}, {'name': 'Karen Trumbo', 'description': 'actor'}, {'name': 'Faith McDevitt', 'description': 'actor'}, {'name': 'Craig Damen', 'description': 'actor'}, {'name': 'Leslie Hidula', 'description': 'actor'}, {'name': 'Caren Graham', 'description': 'actor'}, {'name': 'Sheila Dickenson', 'description': 'actor'}, {'name': 'Patricia Blem', 'description': 'actor'}, {'name': 'Melissa Mitchell', 'description': 'actor'}, {'name': 'Gathering Marbet', 'description': 'actor'}, {'name': 'Sherilyn Lawson', 'description': 'actor'}, {'name': 'Misti Cooper', 'description': 'actor'}, {'name': 'Doug Rouhier', 'description': 'actor'}, {'name': 'Nicole Conn', 'description': 'author'}]"
Double Dragon in Last Duel,2/22/1979,"Drama, Action & Adventure",Free Services,South Korea,Movie,,5.5/10,,"[{'name': 'Nam Gi-nam', 'description': 'director'}, {'name': 'Lee Si-Jung', 'description': 'actor'}, {'name': 'Ju Ki-Won', 'description': 'actor'}]"
Looking Glass,2/16/2018,"Thriller, Drama","Hulu, Prime Video",Canada,Movie,18+ (R),4.6/10,,"[{'name': 'Tim Hunter', 'description': 'director'}, {'name': 'Nicolas Cage', 'description': 'actor'}, {'name': 'Robin Tunney', 'description': 'actor'}, {'name': 'Marc Blucas', 'description': 'actor'}, {'name': 'Ernie Lively', 'description': 'actor'}, {'name': 'Jacque Gray', 'description': 'actor'}, {'name': 'Bill Bolender', 'description': 'actor'}, {'name': 'Barry Jay Minoff', 'description': 'actor'}, {'name': 'Kassia Conway', 'description': 'actor'}, {'name': 'Jason K Wixom', 'description': 'actor'}, {'name': 'Sila Agavale', 'description': 'actor'}, {'name': 'Kimmy Jimenez', 'description': 'actor'}, {'name': 'Pascoalina Dunham', 'description': 'actor'}, {'name': 'Atticus Worman-Pope', 'description': 'actor'}, {'name': 'Clint Vanderlinden', 'description': 'actor'}, {'name': 'Michael Christian', 'description': 'actor'}, {'name': 'Braxton Pope', 'description': 'actor'}, {'name': 'David M. Wulf', 'description': 'actor'}, {'name': 'Arianne Fraser', 'description': 'actor'}, {'name': 'Delphine Perrier', 'description': 'actor'}, {'name': 'Henry Winterstern', 'description': 'actor'}, {'name': 'Jerry Rapp', 'description': 'author'}, {'name': 'Matthew Wilder', 'description': 'author'}]"
Dimension in Fear,6/5/1998,"Drama, Thriller","Free Services, Prime Video",America,Movie,,3.8/10,,"[{'name': 'Ted V. Mikels', 'description': 'director'}, {'name': 'Ron Jason', 'description': 'actor'}, {'name': 'Nicole West', 'description': 'actor'}, {'name': 'Gene Ellison-Jones', 'description': 'actor'}, {'name': 'Liz Renay', 'description': 'actor'}, {'name': 'Dolores Fuller', 'description': 'actor'}, {'name': 'Shanti', 'description': 'actor'}, {'name': 'Robert Southerland', 'description': 'actor'}, {'name': 'Chuck Alford', 'description': 'actor'}, {'name': 'Crystal Smith', 'description': 'actor'}, {'name': 'Ted V. Mikels', 'description': 'author'}]"
In Between Days,6/27/2007,"Romance, Drama","The Criterion Channel, Prime Video",Canada,Movie,,6.3/10,,"[{'name': 'So Yong Kim', 'description': 'director'}, {'name': 'Taegu Andy Kang', 'description': 'actor'}, {'name': 'Bokja Kim', 'description': 'actor'}, {'name': 'Jiseon Kim', 'description': 'actor'}, {'name': 'Nathan Rodriguez', 'description': 'actor'}, {'name': 'Bradley Rust Gray', 'description': 'author'}, {'name': 'So Yong Kim', 'description': 'author'}]"
Pure,10/22/2009,"Action & Adventure, Drama","Kanopy, Prime Video",Sweden,Movie,13+ (PG-13),6.9/10,,"[{'name': 'Lisa Langseth', 'description': 'director'}, {'name': 'Alicia Vikander', 'description': 'actor'}, {'name': 'Samuel Fröler', 'description': 'actor'}, {'name': 'Josephine Bauer', 'description': 'actor'}, {'name': 'Martin Wallström', 'description': 'actor'}, {'name': 'Frederik Nilsson', 'description': 'actor'}, {'name': 'Ylva Gallon', 'description': 'actor'}, {'name': 'Elisabeth Göransson', 'description': 'actor'}, {'name': 'Anna Åström', 'description': 'actor'}, {'name': 'Magnus Lindberg', 'description': 'actor'}, {'name': 'Kim Lantz', 'description': 'actor'}, {'name': 'Isabella Alveborg', 'description': 'actor'}, {'name': 'Doris Funcke', 'description': 'actor'}, {'name': 'Christian Holm', 'description': 'actor'}, {'name': 'Gunnar Carlsson', 'description': 'actor'}, {'name': 'Helen Ahlsson', 'description': 'actor'}, {'name': 'Helena Sandermark', 'description': 'actor'}, {'name': 'Jessica Ask', 'description': 'actor'}, {'name': 'Mikael Frisell', 'description': 'actor'}, {'name': 'Michael Hjorth', 'description': 'actor'}, {'name': 'Lisa Langseth', 'description': 'author'}, {'name': 'Per-Erik Winberg', 'description': 'actor'}]"
Mona,4/11/2012,"Drama, Fantasy",Free Services,Iceland,Movie,,6.6/10,,"[{'name': 'Ināra Kolmane', 'description': 'director'}, {'name': 'Kristīne Belicka', 'description': 'actor'}, {'name': 'Saulius Balandis', 'description': 'actor'}, {'name': 'Lauris Subatnieks', 'description': 'actor'}, {'name': 'Valeriy Yaremenko', 'description': 'actor'}, {'name': 'Jānis Juhņevičs', 'description': 'actor'}, {'name': 'Júlíus Kemp', 'description': 'actor'}, {'name': 'Vita Liberte', 'description': 'actor'}, {'name': 'Arvis Kolmanis', 'description': 'author'}, {'name': 'Ināra Kolmane', 'description': 'author'}]"
On These Grounds,3/20/2021,Documentary,"Starz, Prime Video",America,Movie,,6.4/10,,"[{'name': 'Garrett Zevgetis', 'description': 'director'}, {'name': 'Ariana Garfinkel', 'description': 'actor'}, {'name': 'Chico Colvard', 'description': 'actor'}, {'name': 'Jeff Consiglio', 'description': 'actor'}, {'name': 'Chanda Dancy', 'description': 'actor'}]"
Forum or Against 'Em,10/10/2008,,Free Services,,Movie,,,,"[{'name': 'Pat Moore', 'description': 'actor'}, {'name': 'Nic Sauve', 'description': 'actor'}, {'name': 'Jake Welch', 'description': 'actor'}, {'name': 'Joni Malmi', 'description': 'actor'}, {'name': 'Stevie Bell', 'description': 'actor'}, {'name': 'Travis Kennedy', 'description': 'actor'}, {'name': 'Eddie Wall', 'description': 'actor'}, {'name': 'John Jackson', 'description': 'actor'}, {'name': 'Peter Line', 'description': 'actor'}, {'name': 'Jake Blauvelt', 'description': 'actor'}]"
Men for Sale,9/30/2008,Documentary,Kanopy,Canada,Movie,,6.6/10,,"[{'name': 'Rodrigue Jean', 'description': 'director'}, {'name': 'Rodrigue Jean', 'description': 'author'}]"
Streets of Laredo,11/12/1995,Drama,Starz,America,TV Show,14+ (TV-14),7.3/10,1,"[{'name': 'James Garner', 'description': 'actor'}, {'name': 'Sissy Spacek', 'description': 'actor'}, {'name': 'Sam Shepard', 'description': 'actor'}, {'name': 'Ned Beatty', 'description': 'actor'}, {'name': 'Randy Quaid', 'description': 'actor'}, {'name': 'Wes Studi', 'description': 'actor'}, {'name': 'Charles Martin Smith', 'description': 'actor'}, {'name': 'George Carlin', 'description': 'actor'}, {'name': 'Alexis Cruz', 'description': 'actor'}, {'name': 'Kevin Conway', 'description': 'actor'}, {'name': 'James Gammon', 'description': 'actor'}, {'name': 'Tristan Tait', 'description': 'actor'}, {'name': 'Miriam Colón', 'description': 'actor'}, {'name': 'Julio Carreon-Reyes', 'description': 'actor'}, {'name': 'James Victor', 'description': 'actor'}, {'name': 'Sônia Braga', 'description': 'actor'}, {'name': 'Vanessa Martinez', 'description': 'actor'}, {'name': 'Diana Ossana', 'description': 'actor'}, {'name': 'Larry Levinson', 'description': 'actor'}, {'name': 'Larry McMurtry', 'description': 'actor'}, {'name': 'Larry Strichman', 'description': 'actor'}, {'name': 'Robert A. Halmi', 'description': 'actor'}, {'name': 'Suzanne de Passe', 'description': 'actor'}, {'name': 'Larry McMurtry', 'description': 'author'}]"
Dr. Moreau's House of Pain,1/13/2004,"Science-Fiction, Horror","Free Services, Prime Video",America,Movie,,3.9/10,,"[{'name': 'Charles Band', 'description': 'director'}, {'name': 'John Patrick Jordan', 'description': 'actor'}, {'name': 'Jessica Lancaster', 'description': 'actor'}, {'name': 'Peter Donald Badalamenti II', 'description': 'actor'}, {'name': 'Lorielle New', 'description': 'actor'}, {'name': 'Ling Aum', 'description': 'actor'}, {'name': 'B.J. Smith', 'description': 'actor'}, {'name': 'Debra Mayer', 'description': 'actor'}, {'name': 'Jacob Witkin', 'description': 'actor'}, {'name': 'Laura Petersen', 'description': 'actor'}, {'name': 'Kurt Iswarienko', 'description': 'actor'}, {'name': 'Mitchell Welch', 'description': 'actor'}, {'name': 'Earl Kenton', 'description': 'author'}]"
Soul of Hero,5/2/2019,Action & Adventure,Prime Video ,Colombia,Movie,,6.8/10,,"[{'name': 'Orlando Pardo', 'description': 'director'}, {'name': 'Jorge Armando Soto', 'description': 'actor'}, {'name': 'Stephanie Abello', 'description': 'actor'}, {'name': 'Tuto Patiño', 'description': 'actor'}, {'name': 'Lincoln Palomeque', 'description': 'actor'}, {'name': 'Linda Lucía Callejas', 'description': 'actor'}, {'name': 'Tiberio Cruz', 'description': 'actor'}, {'name': 'Roger Moreno', 'description': 'actor'}, {'name': 'José Ferney Garcia Perez', 'description': 'actor'}, {'name': 'Laura Junco', 'description': 'actor'}, {'name': 'Yarlo Ruiz', 'description': 'actor'}, {'name': 'Carlos Cruz', 'description': 'actor'}, {'name': 'Natalia González', 'description': 'actor'}, {'name': 'Orlando Pardo', 'description': 'author'}]"
Pedro E. Guerrero: A Photographer's Journey,9/18/2015,Documentary,Prime Video ,,Movie,,7.7/10,,[]
The Bead Game,12/31/1977,"Animation, Comedy",Prime Video ,Canada,Movie,,7.1/10,,"[{'name': 'Ishu Patel', 'description': 'director'}]"
Love & Teleportation,2/14/2013,"Romance, Science-Fiction","Free Services, Prime Video",America,Movie,16+,5.3/10,,"[{'name': 'Troy McGatlin', 'description': 'director'}, {'name': 'Jan Van Sickle', 'description': 'actor'}, {'name': 'Robin DeMarco', 'description': 'actor'}, {'name': 'Adair Jameson', 'description': 'actor'}, {'name': 'Chuma Gault', 'description': 'actor'}, {'name': 'David Pevsner', 'description': 'actor'}, {'name': 'Patrick John Hurley', 'description': 'actor'}, {'name': 'Mars Crain', 'description': 'actor'}, {'name': 'Kate Parkin', 'description': 'actor'}, {'name': 'Chuck Church', 'description': 'actor'}, {'name': 'Holly McGreevy Scott', 'description': 'actor'}, {'name': 'J.A. Streeter', 'description': 'actor'}, {'name': 'Jason D. McGatlin', 'description': 'actor'}, {'name': 'Troy McGatlin', 'description': 'actor'}, {'name': 'Kyle McGatlin', 'description': 'actor'}, {'name': 'Troy McGatlin', 'description': 'author'}, {'name': 'Michael Cohen', 'description': 'actor'}]"
